image_name,ground_truth,ground_truth_name,predicted,predicted_name,correct,confidence,softmax_class_0_No DR,softmax_class_1_Mild,softmax_class_2_Moderate,softmax_class_3_Severe,softmax_class_4_Proliferative
007-6800-400.jpg,4,Proliferative,4,Proliferative,True,0.8896248,0.00024467934,0.00064285524,0.09414231,0.0153454635,0.8896248
20170406100526404.jpg,0,No DR,0,No DR,True,0.40895253,0.40895253,0.27796745,0.30997893,0.002479882,0.00062116096
20170430201402386.jpg,0,No DR,0,No DR,True,0.7774353,0.7774353,0.03655999,0.18492739,0.0003652671,0.00071201415
20170419090928299.jpg,0,No DR,0,No DR,True,0.52619225,0.52619225,0.12347718,0.34991783,3.209709e-05,0.00038059847
007-1792-100.jpg,0,No DR,2,Moderate,False,0.49697024,0.38924325,0.07304171,0.49697024,0.00092907366,0.039815765
20170613191722915.jpg,2,Moderate,1,Mild,False,0.6083318,0.126239,0.6083318,0.26337108,0.00029797258,0.0017601108
007-2885-100.jpg,1,Mild,1,Mild,True,0.5745758,0.19367503,0.5745758,0.23136921,0.00012983516,0.00025010327
20170628161619106.jpg,2,Moderate,2,Moderate,True,0.4308562,0.35513866,0.213819,0.4308562,2.7661657e-05,0.00015852223
007-2122-100.jpg,2,Moderate,1,Mild,False,0.6208178,0.12796864,0.6208178,0.22503462,0.002091815,0.024087152
007-3301-200.jpg,2,Moderate,2,Moderate,True,0.7804891,0.11123398,0.06470596,0.7804891,0.013358892,0.030212022
20170413085651460.jpg,0,No DR,0,No DR,True,0.5114621,0.5114621,0.2288353,0.25266126,0.004245709,0.0027957081
007-1424-000.jpg,0,No DR,0,No DR,True,0.45899877,0.45899877,0.19531427,0.33862445,0.0048840637,0.0021784264
20170228224039884.jpg,0,No DR,0,No DR,True,0.4659281,0.4659281,0.20934646,0.3235767,0.00012049591,0.0010282415
007-2947-100.jpg,0,No DR,0,No DR,True,0.38348356,0.38348356,0.3071565,0.2948886,0.0008859076,0.013585453
007-3173-100.jpg,1,Mild,2,Moderate,False,0.46646568,0.11770103,0.40864268,0.46646568,0.0067198025,0.00047085306
007-3586-200.jpg,2,Moderate,4,Proliferative,False,0.3932648,0.0003681854,0.0010206769,0.31645018,0.28889614,0.3932648
20170408222102558.jpg,0,No DR,0,No DR,True,0.59990215,0.59990215,0.060517587,0.3388173,0.00040071335,0.00036227805
007-0279-000.jpg,0,No DR,0,No DR,True,0.67010874,0.67010874,0.039475296,0.28958058,3.5666228e-05,0.0007997558
007-2351-100.jpg,1,Mild,2,Moderate,False,0.47138378,0.23088956,0.15116042,0.47138378,0.12666331,0.019902926
007-8497-604.jpg,0,No DR,2,Moderate,False,0.40841994,0.37946683,0.003825099,0.40841994,0.00016839064,0.20811981
007-2460-100.jpg,2,Moderate,1,Mild,False,0.5949386,0.030048598,0.5949386,0.36607718,0.0054826867,0.0034529308
007-3436-200.jpg,2,Moderate,2,Moderate,True,0.8309121,0.012858868,0.11925324,0.8309121,0.011643799,0.025331987
007-5556-300.jpg,3,Severe,2,Moderate,False,0.6065286,0.07249806,0.08983611,0.6065286,0.20539126,0.025746
007-3895-200.jpg,2,Moderate,2,Moderate,True,0.475107,0.0027427035,0.048559856,0.475107,0.35487768,0.118712775
007-1560-000.jpg,0,No DR,1,Mild,False,0.40509748,0.35990405,0.40509748,0.23325045,0.00077998656,0.0009680668
20170429205727730.jpg,0,No DR,0,No DR,True,0.635502,0.635502,0.041786976,0.30694458,0.0004543978,0.015312011
007-1012-000.jpg,0,No DR,0,No DR,True,0.6328385,0.6328385,0.09554684,0.27131733,4.5108467e-05,0.0002521877
007-2433-100.jpg,2,Moderate,2,Moderate,True,0.44929847,0.33193666,0.2177842,0.44929847,0.0006889584,0.00029174614
007-0811-000.jpg,0,No DR,0,No DR,True,0.5696548,0.5696548,0.11399805,0.31632945,8.199019e-06,9.520303e-06
20170430200802277.jpg,0,No DR,0,No DR,True,0.7333339,0.7333339,0.09253882,0.17339143,0.00015678957,0.00057904667
007-6802-400.jpg,4,Proliferative,4,Proliferative,True,0.87347287,0.0010064761,0.003999313,0.11912809,0.0023931991,0.87347287
007-1236-000.jpg,0,No DR,2,Moderate,False,0.39906764,0.3013357,0.29394448,0.39906764,0.0007332411,0.0049189394
007-6791-400.jpg,4,Proliferative,4,Proliferative,True,0.8808314,0.0018293116,0.0012733536,0.092955984,0.023109967,0.8808314
20170618194224123.jpg,2,Moderate,2,Moderate,True,0.55299544,0.30569175,0.13204959,0.55299544,0.007990185,0.0012730095
007-5693-300.jpg,3,Severe,3,Severe,True,0.485231,0.0012124085,0.005521032,0.21369348,0.485231,0.2943421
007-2798-100.jpg,1,Mild,2,Moderate,False,0.42213416,0.3275615,0.23640835,0.42213416,0.013097799,0.0007982349
007-2705-100.jpg,1,Mild,0,No DR,False,0.5846231,0.5846231,0.23289327,0.18023683,0.0017204368,0.0005263635
007-0300-000.jpg,0,No DR,0,No DR,True,0.5231316,0.5231316,0.1400159,0.3365872,7.8079625e-05,0.0001872205
20170324140847654.jpg,0,No DR,0,No DR,True,0.73324925,0.73324925,0.0651865,0.20136186,0.00012228065,8.0044534e-05
007-6289-400.jpg,4,Proliferative,4,Proliferative,True,0.9085762,0.0066987756,0.006540719,0.076700926,0.0014833817,0.9085762
007-6968-400.jpg,4,Proliferative,4,Proliferative,True,0.92628455,0.006480729,0.002163641,0.06492495,0.00014610308,0.92628455
20170430190713424.jpg,0,No DR,0,No DR,True,0.40249377,0.40249377,0.33914733,0.2574279,0.0005388019,0.00039222828
20170405144029792.jpg,0,No DR,0,No DR,True,0.55057526,0.55057526,0.14573586,0.27161068,0.00078017986,0.031298023
007-7823-601.jpg,2,Moderate,2,Moderate,True,0.76126456,0.07171059,0.05399022,0.76126456,0.001602766,0.11143186
20170612205100506.jpg,2,Moderate,0,No DR,False,0.5234021,0.5234021,0.14402334,0.33207586,1.3232188e-05,0.000485426
20170410143235530.jpg,0,No DR,0,No DR,True,0.5158977,0.5158977,0.08717527,0.39633375,0.00010633207,0.00048688063
007-3435-200.jpg,2,Moderate,2,Moderate,True,0.7162772,0.112603284,0.11475762,0.7162772,0.0069822012,0.04937966
20170228224257894.jpg,0,No DR,0,No DR,True,0.7063536,0.7063536,0.11054585,0.18264656,9.4518735e-05,0.00035950498
007-5656-300.jpg,2,Moderate,2,Moderate,True,0.55299765,0.08324015,0.28336734,0.55299765,0.012863283,0.067531645
007-0687-000.jpg,0,No DR,0,No DR,True,0.5048077,0.5048077,0.06810952,0.4067348,0.0038882603,0.016459687
007-6628-400.jpg,4,Proliferative,4,Proliferative,True,0.87358683,0.0003529379,0.001872146,0.11370596,0.010482168,0.87358683
007-0669-000.jpg,0,No DR,0,No DR,True,0.4228038,0.4228038,0.22071202,0.3561231,5.5981793e-05,0.00030506388
007-1135-000.jpg,2,Moderate,2,Moderate,True,0.44318372,0.3621195,0.19355743,0.44318372,0.00015291026,0.0009864398
20170429204600944.jpg,0,No DR,0,No DR,True,0.7202034,0.7202034,0.053230453,0.225151,7.4003605e-05,0.0013411606
007-4198-200.jpg,2,Moderate,2,Moderate,True,0.5657066,0.09206902,0.20217662,0.5657066,0.091651,0.048396748
007-2867-100.jpg,1,Mild,0,No DR,False,0.45408198,0.45408198,0.2610096,0.2841278,7.7847755e-05,0.00070276187
20170223113539002.jpg,0,No DR,0,No DR,True,0.42896864,0.42896864,0.34986475,0.22110614,2.8299146e-05,3.210048e-05
007-7120-400.jpg,4,Proliferative,4,Proliferative,True,0.9715092,0.0006202364,0.0013216184,0.025714858,0.00083405746,0.9715092
20170430145542429.jpg,0,No DR,0,No DR,True,0.45994806,0.45994806,0.1681752,0.36861342,0.0006841298,0.0025791915
20170223094010243.jpg,0,No DR,0,No DR,True,0.50854635,0.50854635,0.12872025,0.3623409,1.0994959e-05,0.0003815529
20170224114824682.jpg,0,No DR,0,No DR,True,0.4879596,0.4879596,0.16733661,0.3442983,0.00019082955,0.00021470795
007-3781-200.jpg,2,Moderate,2,Moderate,True,0.6390477,0.013365769,0.021257358,0.6390477,0.25978827,0.06654092
20170224105612339.jpg,0,No DR,0,No DR,True,0.6661187,0.6661187,0.06295526,0.27076197,3.6808462e-05,0.00012721677
007-3089-100.jpg,1,Mild,2,Moderate,False,0.49444887,0.28558356,0.1908111,0.49444887,0.0023285495,0.02682793
007-2308-100.jpg,1,Mild,2,Moderate,False,0.3943285,0.28306234,0.31304753,0.3943285,0.0009154498,0.008646154
007-6253-300.jpg,2,Moderate,1,Mild,False,0.45821896,0.083966665,0.45821896,0.45114312,0.0038494475,0.0028218045
007-6724-400.jpg,4,Proliferative,3,Severe,False,0.45377815,0.00011343906,0.0005608467,0.19722071,0.45377815,0.34832683
20170613122140972.jpg,2,Moderate,2,Moderate,True,0.4965193,0.29802465,0.15527047,0.4965193,0.049702194,0.00048337097
20170522113613703.jpg,2,Moderate,2,Moderate,True,0.5737772,0.1625773,0.23879658,0.5737772,0.024112534,0.00073640066
20170327102220440.jpg,0,No DR,0,No DR,True,0.6274111,0.6274111,0.05016975,0.32166573,6.220407e-05,0.000691128
007-7030-400.jpg,4,Proliferative,4,Proliferative,True,0.72259676,0.0008287335,0.0011338175,0.26109478,0.014345871,0.72259676
007-4342-200.jpg,2,Moderate,2,Moderate,True,0.5916807,0.058284372,0.3235716,0.5916807,0.022586022,0.0038772777
007-1528-000.jpg,0,No DR,1,Mild,False,0.4627744,0.41779935,0.4627744,0.11662195,5.224194e-05,0.002751983
007-6972-400.jpg,4,Proliferative,2,Moderate,False,0.7821799,0.009076496,0.0031447848,0.7821799,0.02848802,0.17711082
007-0749-000.jpg,0,No DR,1,Mild,False,0.4429462,0.3434387,0.4429462,0.2127429,6.9791718e-06,0.00086524687
007-2898-100.jpg,2,Moderate,2,Moderate,True,0.7582874,0.024144953,0.20725316,0.7582874,0.008408162,0.001906295
20170418095137921.jpg,0,No DR,0,No DR,True,0.59714264,0.59714264,0.14685267,0.25576922,5.962909e-06,0.0002295423
007-0095-000.jpg,0,No DR,2,Moderate,False,0.45930716,0.21067174,0.32427406,0.45930716,0.00057095586,0.0051761353
007-6252-300.jpg,2,Moderate,2,Moderate,True,0.7149301,0.05936069,0.025165718,0.7149301,0.15342051,0.047122978
20170321155041192.jpg,0,No DR,0,No DR,True,0.48099062,0.48099062,0.16319656,0.35570946,7.883807e-06,9.544152e-05
20170120154048174.jpg,0,No DR,2,Moderate,False,0.51719385,0.35138866,0.1310607,0.51719385,0.0002573918,9.934966e-05
007-0571-000.jpg,0,No DR,0,No DR,True,0.48336762,0.48336762,0.25063103,0.26564652,0.0001154399,0.00023942866
007-0564-000.jpg,0,No DR,0,No DR,True,0.5326129,0.5326129,0.12650074,0.3396941,0.00047467605,0.0007175109
20170412102327984.jpg,0,No DR,2,Moderate,False,0.5202027,0.43289807,0.04197743,0.5202027,0.000468989,0.004452849
007-0717-000.jpg,2,Moderate,2,Moderate,True,0.70202667,0.13431323,0.07805412,0.70202667,0.059858046,0.025747951
007-2779-100.jpg,2,Moderate,2,Moderate,True,0.37211016,0.31036878,0.28152126,0.37211016,0.035073884,0.0009259074
20170417110727336.jpg,0,No DR,0,No DR,True,0.54475164,0.54475164,0.1217805,0.33343193,1.6775584e-05,1.9197661e-05
20170428095431915.jpg,0,No DR,2,Moderate,False,0.47626653,0.46548435,0.05724062,0.47626653,0.00042161302,0.00058686093
20170408233042465.jpg,0,No DR,0,No DR,True,0.5939618,0.5939618,0.077560104,0.321373,0.0026126755,0.004492423
007-2336-100.jpg,1,Mild,0,No DR,False,0.4444224,0.4444224,0.19995138,0.35441914,0.0007380175,0.00046906772
007-3452-200.jpg,2,Moderate,2,Moderate,True,0.74518055,0.005611464,0.0119349295,0.74518055,0.015653878,0.22161919
007-1144-000.jpg,0,No DR,2,Moderate,False,0.4848541,0.31339988,0.17638184,0.4848541,0.0022682487,0.023095882
007-2373-100.jpg,1,Mild,2,Moderate,False,0.37472606,0.2911996,0.33086407,0.37472606,0.0015590041,0.0016512267
20170418135527877.jpg,0,No DR,0,No DR,True,0.71961874,0.71961874,0.044889096,0.22866006,0.0017906305,0.0050415373
20170614102011786.jpg,1,Mild,2,Moderate,False,0.50368893,0.33885145,0.1525901,0.50368893,0.002039241,0.002830231
007-3160-100.jpg,0,No DR,0,No DR,True,0.454942,0.454942,0.22612242,0.31663623,7.501433e-05,0.0022242933
20170417091848394.jpg,0,No DR,0,No DR,True,0.5818185,0.5818185,0.0966683,0.3214829,1.8126357e-05,1.21167695e-05
20170424153416764.jpg,0,No DR,0,No DR,True,0.559379,0.559379,0.104897514,0.31840166,2.0157873e-05,0.0173017
007-2157-100.jpg,1,Mild,0,No DR,False,0.47805718,0.47805718,0.2902002,0.23151146,6.744008e-05,0.00016367156
20170226230839902.jpg,0,No DR,0,No DR,True,0.575438,0.575438,0.118564844,0.30421227,0.00082269596,0.00096211577
007-6975-400.jpg,4,Proliferative,4,Proliferative,True,0.63528955,0.0044869785,0.0043264786,0.25921285,0.096684106,0.63528955
007-6581-400.jpg,4,Proliferative,4,Proliferative,True,0.94696885,0.004800226,0.014120173,0.028012395,0.0060983812,0.94696885
20170607082954012.jpg,2,Moderate,2,Moderate,True,0.4960485,0.27739218,0.20162533,0.4960485,0.024110109,0.0008238636
20170407232929961.jpg,0,No DR,0,No DR,True,0.6167264,0.6167264,0.061003633,0.31631812,0.0016362595,0.0043156347
007-6443-400.jpg,4,Proliferative,4,Proliferative,True,0.69060665,0.0010068502,0.00471665,0.23356372,0.07010612,0.69060665
20170308092312055.jpg,0,No DR,0,No DR,True,0.60298026,0.60298026,0.092009835,0.3048584,2.303984e-05,0.00012849501
20170427191222313.jpg,0,No DR,0,No DR,True,0.39982793,0.39982793,0.2377058,0.35128346,0.010413889,0.0007688909
007-1151-000.jpg,0,No DR,2,Moderate,False,0.45410398,0.31841937,0.22692296,0.45410398,0.0001149915,0.00043878626
007-4252-200.jpg,2,Moderate,2,Moderate,True,0.81249624,0.022742953,0.10001416,0.81249624,0.059580598,0.005166077
007-4650-200.jpg,2,Moderate,4,Proliferative,False,0.7609293,0.020447483,0.041761447,0.17635682,0.00050498446,0.7609293
20170615084535865.jpg,2,Moderate,2,Moderate,True,0.5991401,0.33299372,0.06696661,0.5991401,0.00045432555,0.0004452123
20170608195740490.jpg,2,Moderate,2,Moderate,True,0.52680314,0.39480913,0.07796153,0.52680314,3.992988e-05,0.00038629226
20170430145132881.jpg,0,No DR,2,Moderate,False,0.38537604,0.3525125,0.24553725,0.38537604,0.007269149,0.009304996
20170411092023785.jpg,0,No DR,0,No DR,True,0.3492367,0.3492367,0.31732708,0.33306906,0.00010542423,0.00026179815
20170521091719687.jpg,2,Moderate,2,Moderate,True,0.41230512,0.26350716,0.31657758,0.41230512,0.005048708,0.0025615136
20170430175942977.jpg,0,No DR,0,No DR,True,0.7505077,0.7505077,0.050242186,0.19622095,0.00067451637,0.0023546023
20170218141746210.jpg,0,No DR,0,No DR,True,0.43917757,0.43917757,0.37132117,0.18926688,2.0551863e-05,0.00021381272
20170428094903075.jpg,0,No DR,0,No DR,True,0.82895505,0.82895505,0.02099914,0.14721525,8.9523244e-05,0.002741046
007-3620-200.jpg,2,Moderate,2,Moderate,True,0.82661873,0.0027581875,0.0026068026,0.82661873,0.00059171487,0.16742454
20170525181244148.jpg,2,Moderate,2,Moderate,True,0.63876224,0.0029314696,0.0070923953,0.63876224,0.31233898,0.038874906
007-5571-300.jpg,2,Moderate,2,Moderate,True,0.71539754,0.028641498,0.022524588,0.71539754,0.00927692,0.22415942
007-6686-400.jpg,4,Proliferative,3,Severe,False,0.5414523,0.00018892178,0.00090484845,0.1918733,0.5414523,0.26558062
007-2412-100.jpg,1,Mild,1,Mild,True,0.39872363,0.21305461,0.39872363,0.37406445,0.0118911285,0.002266117
007-1395-000.jpg,0,No DR,2,Moderate,False,0.4673402,0.4651298,0.04176725,0.4673402,7.709208e-05,0.025685672
20170430192632388.jpg,0,No DR,0,No DR,True,0.78796065,0.78796065,0.033580642,0.17788555,0.00024864217,0.00032447517
007-6299-400.jpg,4,Proliferative,4,Proliferative,True,0.82912564,0.0021245056,0.011206408,0.14583449,0.011708976,0.82912564
20170407155510180.jpg,0,No DR,2,Moderate,False,0.37330586,0.31006873,0.3165338,0.37330586,4.4749384e-05,4.695943e-05
007-6414-400.jpg,4,Proliferative,2,Moderate,False,0.42292273,5.3302276e-05,0.00023357589,0.42292273,0.20558807,0.3712023
20170326094731919.jpg,0,No DR,0,No DR,True,0.4780546,0.4780546,0.30649653,0.21149749,0.00058465515,0.0033667095
20170327092929948.jpg,0,No DR,0,No DR,True,0.81153965,0.81153965,0.005727846,0.18204868,3.8535663e-06,0.00067995593
20170430191606380.jpg,0,No DR,0,No DR,True,0.717852,0.717852,0.028271044,0.24503702,0.000484262,0.008355668
20170427083753658.jpg,0,No DR,0,No DR,True,0.5009743,0.5009743,0.17124355,0.32771912,3.0734313e-06,5.9963968e-05
007-1559-000.jpg,0,No DR,0,No DR,True,0.5319396,0.5319396,0.28082377,0.18717186,4.1423427e-05,2.3414013e-05
20170331094019944.jpg,0,No DR,0,No DR,True,0.5182719,0.5182719,0.33063173,0.15108068,6.8669783e-06,8.793157e-06
20170407235916756.jpg,0,No DR,0,No DR,True,0.6256348,0.6256348,0.13581891,0.23362914,0.0011147493,0.0038023903
007-7854-601.jpg,2,Moderate,4,Proliferative,False,0.42745578,0.28736538,0.0073993835,0.2768008,0.0009786048,0.42745578
20170430201102868.jpg,0,No DR,0,No DR,True,0.70875794,0.70875794,0.06883964,0.22014299,0.0014290749,0.0008302644
20170328145935366.jpg,0,No DR,0,No DR,True,0.607838,0.607838,0.10100796,0.29060987,0.00043141047,0.00011283751
20170223115107087.jpg,0,No DR,1,Mild,False,0.36588567,0.34845147,0.36588567,0.27608442,0.0084199505,0.001158504
20170329143137553.jpg,0,No DR,0,No DR,True,0.4672049,0.4672049,0.10177662,0.3876337,0.041859243,0.0015256024
20170408220646918.jpg,0,No DR,0,No DR,True,0.50733626,0.50733626,0.26643753,0.20654505,0.010465487,0.009215673
007-7967-601.jpg,2,Moderate,2,Moderate,True,0.49653417,0.03463375,0.004037464,0.49653417,0.0015959716,0.46319857
007-2147-100.jpg,1,Mild,2,Moderate,False,0.41367158,0.20811656,0.35366863,0.41367158,0.0063409503,0.018202204
007-2640-100.jpg,2,Moderate,2,Moderate,True,0.47266358,0.19462977,0.33178818,0.47266358,0.00016618363,0.0007522644
20170508102511803.jpg,2,Moderate,2,Moderate,True,0.54561955,0.22599655,0.22835544,0.54561955,2.1168285e-05,7.260226e-06
007-0463-000.jpg,2,Moderate,1,Mild,False,0.5336212,0.16630022,0.5336212,0.29755545,0.0012194705,0.0013037202
007-4393-200.jpg,2,Moderate,4,Proliferative,False,0.35825616,0.3205742,0.022466896,0.29737872,0.0013240557,0.35825616
20170223152427782.jpg,0,No DR,0,No DR,True,0.4988563,0.4988563,0.12774442,0.37233117,0.00017237042,0.00089575554
007-2706-100.jpg,1,Mild,0,No DR,False,0.51263875,0.51263875,0.11490362,0.37203917,0.00010937982,0.00030912948
007-4175-200.jpg,2,Moderate,2,Moderate,True,0.65670747,0.10165212,0.20215692,0.65670747,0.018670399,0.020813035
20170413112017305.jpg,0,No DR,1,Mild,False,0.5650688,0.30101097,0.5650688,0.13389058,2.0481659e-05,9.222515e-06
007-2028-100.jpg,2,Moderate,2,Moderate,True,0.5177523,0.4233385,0.03415372,0.5177523,0.00022301113,0.024532478
007-3464-200.jpg,2,Moderate,1,Mild,False,0.48393854,0.19038475,0.48393854,0.3225954,0.0019595053,0.0011217981
007-3652-200.jpg,2,Moderate,4,Proliferative,False,0.51280546,0.1948778,0.04102343,0.25108644,0.0002067854,0.51280546
007-5475-300.jpg,2,Moderate,3,Severe,False,0.4440585,0.030744985,0.05654636,0.3740589,0.4440585,0.09459133
20170430195029407.jpg,0,No DR,0,No DR,True,0.7051876,0.7051876,0.041810706,0.2424445,0.0020869335,0.008470277
20170629112149103.jpg,2,Moderate,2,Moderate,True,0.798455,0.027506484,0.08010928,0.798455,0.06733162,0.026597582
007-4347-200.jpg,2,Moderate,2,Moderate,True,0.520482,0.22082406,0.22365046,0.520482,0.030595396,0.004448126
20170425160911647.jpg,0,No DR,0,No DR,True,0.458494,0.458494,0.21918656,0.3222884,3.1570105e-06,2.781519e-05
20170608112323203.jpg,2,Moderate,2,Moderate,True,0.46048868,0.12205083,0.27770603,0.46048868,0.12835324,0.011401177
007-2912-100.jpg,2,Moderate,2,Moderate,True,0.42375517,0.19454785,0.37878364,0.42375517,0.002591549,0.0003217725
007-1675-000.jpg,0,No DR,2,Moderate,False,0.37043256,0.2769323,0.35134816,0.37043256,0.0008320259,0.00045499537
007-4461-200.jpg,2,Moderate,2,Moderate,True,0.6550028,0.06339358,0.008299439,0.6550028,0.030806152,0.24249806
007-4963-300.jpg,3,Severe,2,Moderate,False,0.6836548,0.0055407225,0.009177099,0.6836548,0.18826997,0.11335741
007-5876-300.jpg,2,Moderate,2,Moderate,True,0.5299287,0.015884195,0.0019040242,0.5299287,0.009504464,0.44277862
007-2107-100.jpg,2,Moderate,2,Moderate,True,0.6055192,0.012500285,0.011648714,0.6055192,0.006887823,0.36344403
20170601164357337.jpg,2,Moderate,1,Mild,False,0.5239626,0.11194665,0.5239626,0.3451728,0.0064113843,0.0125065725
007-7130-400.jpg,4,Proliferative,4,Proliferative,True,0.9150856,0.005365704,0.004654997,0.07425505,0.0006385911,0.9150856
007-3813-200.jpg,3,Severe,4,Proliferative,False,0.51669526,0.0038201788,0.0109686535,0.45437658,0.014139342,0.51669526
007-3386-200.jpg,2,Moderate,2,Moderate,True,0.52487,0.022330362,0.060147915,0.52487,0.3297208,0.06293099
007-4560-200.jpg,2,Moderate,1,Mild,False,0.6574183,0.042343475,0.6574183,0.29671568,0.0031352951,0.00038721648
007-7369-601.jpg,0,No DR,2,Moderate,False,0.4754263,0.4080848,0.06458061,0.4754263,0.00040075724,0.051507596
007-3837-200.jpg,2,Moderate,2,Moderate,True,0.66741073,0.006330613,0.017527172,0.66741073,0.022210011,0.2865215
20170407230314139.jpg,0,No DR,0,No DR,True,0.67425746,0.67425746,0.030173024,0.28837112,0.00052022457,0.0066781635
007-4455-200.jpg,2,Moderate,2,Moderate,True,0.79121023,0.0012577005,0.0003347638,0.79121023,0.04653092,0.16066638
007-1392-000.jpg,0,No DR,0,No DR,True,0.49142587,0.49142587,0.1220778,0.38297388,0.00015845321,0.0033641055
007-2950-100.jpg,2,Moderate,2,Moderate,True,0.48437276,0.3417875,0.17369063,0.48437276,7.198182e-05,7.7222416e-05
007-5523-300.jpg,3,Severe,3,Severe,True,0.6713412,0.00016568934,0.0006092435,0.13968441,0.6713412,0.18819948
007-3730-200.jpg,2,Moderate,2,Moderate,True,0.59155273,0.00081281934,0.007193153,0.59155273,0.15773866,0.24270268
20170228225803920.jpg,0,No DR,0,No DR,True,0.49321502,0.49321502,0.081375115,0.4166499,0.005620227,0.0031397045
20170519144026204.jpg,2,Moderate,2,Moderate,True,0.682288,0.0070742476,0.049765527,0.682288,0.2418011,0.019071175
20170217171152107.jpg,0,No DR,0,No DR,True,0.5156877,0.5156877,0.1888489,0.29516417,0.00017117755,0.00012807641
007-6984-400.jpg,4,Proliferative,4,Proliferative,True,0.6798752,0.062334467,0.014282265,0.24240652,0.0011015752,0.6798752
007-4844-300.jpg,3,Severe,2,Moderate,False,0.51938176,0.11645116,0.20593363,0.51938176,0.02066886,0.13756453
007-1353-000.jpg,0,No DR,0,No DR,True,0.5976567,0.5976567,0.120539546,0.27996063,8.66124e-05,0.0017565343
20170222092246735.jpg,0,No DR,0,No DR,True,0.48011568,0.48011568,0.20787592,0.31194296,4.8128527e-06,6.0609356e-05
20170221161639113.jpg,0,No DR,0,No DR,True,0.5119485,0.5119485,0.06616451,0.4205194,8.075238e-05,0.0012868745
20170224145117874.jpg,0,No DR,2,Moderate,False,0.55590457,0.4055007,0.036221333,0.55590457,0.0016063557,0.0007670762
007-0211-000.jpg,0,No DR,0,No DR,True,0.509238,0.509238,0.17161804,0.3179274,0.00051324593,0.0007033032
007-3757-200.jpg,2,Moderate,3,Severe,False,0.58230823,0.0001860066,0.0009549007,0.3803451,0.58230823,0.036205743
007-3047-100.jpg,1,Mild,1,Mild,True,0.4904109,0.22442672,0.4904109,0.27292338,0.0011235763,0.011115395
20170323090048296.jpg,0,No DR,0,No DR,True,0.52796876,0.52796876,0.05634311,0.41280538,6.723667e-05,0.0028155688
20170420184212959.jpg,0,No DR,1,Mild,False,0.47550392,0.19492938,0.47550392,0.31955954,0.009466594,0.0005405291
007-1535-000.jpg,0,No DR,2,Moderate,False,0.41073248,0.2876964,0.2937334,0.41073248,0.0077415854,9.6115065e-05
007-3601-200.jpg,2,Moderate,2,Moderate,True,0.65783244,0.077717856,0.107853524,0.65783244,0.07189912,0.08469707
20170120153745015.jpg,0,No DR,0,No DR,True,0.6125236,0.6125236,0.12127362,0.25632364,0.008972669,0.0009064247
20170322172509719.jpg,0,No DR,0,No DR,True,0.43850163,0.43850163,0.16091652,0.34051576,0.034797713,0.025268348
20170522091641009.jpg,2,Moderate,0,No DR,False,0.4424522,0.4424522,0.20895877,0.3466275,0.00042720864,0.0015343889
20170408223034264.jpg,0,No DR,0,No DR,True,0.5864258,0.5864258,0.02754767,0.3827142,0.0002505979,0.00306171
20170420145136342.jpg,0,No DR,0,No DR,True,0.58094203,0.58094203,0.029611208,0.38515177,0.00081987696,0.0034750921
007-1304-000.jpg,0,No DR,0,No DR,True,0.5463043,0.5463043,0.17206544,0.28089076,4.1762225e-05,0.00069778017
007-1018-000.jpg,0,No DR,0,No DR,True,0.54074657,0.54074657,0.116148785,0.34027207,6.371533e-05,0.002768841
007-6301-400.jpg,4,Proliferative,4,Proliferative,True,0.5769846,0.0028663415,0.00063127687,0.41643453,0.0030832493,0.5769846
007-0675-000.jpg,0,No DR,0,No DR,True,0.56985384,0.56985384,0.10618787,0.32373282,1.1145897e-05,0.00021432266
20170406101046211.jpg,0,No DR,0,No DR,True,0.49213493,0.49213493,0.12584373,0.38162464,3.5163008e-05,0.00036156533
007-3099-100.jpg,2,Moderate,1,Mild,False,0.45686013,0.2705939,0.45686013,0.26254526,7.520126e-05,0.009925433
20170220091914375.jpg,0,No DR,0,No DR,True,0.63287616,0.63287616,0.13180973,0.23500124,6.628052e-05,0.00024657362
007-4468-200.jpg,2,Moderate,2,Moderate,True,0.6414158,0.0035844569,0.0006434838,0.6414158,0.0014458704,0.35291043
007-0500-000.jpg,0,No DR,2,Moderate,False,0.41064402,0.2311422,0.34065446,0.41064402,0.0055988664,0.011960495
20170524111453035.jpg,2,Moderate,2,Moderate,True,0.5530258,0.2638982,0.18144706,0.5530258,0.00033987375,0.0012890925
007-4887-300.jpg,2,Moderate,2,Moderate,True,0.79686266,0.088816985,0.042758897,0.79686266,0.021455761,0.050105713
007-4002-200.jpg,2,Moderate,2,Moderate,True,0.75848585,0.006939035,0.012559501,0.75848585,0.0072948155,0.21472085
007-5674-300.jpg,2,Moderate,2,Moderate,True,0.7695101,0.04462584,0.006909675,0.7695101,0.026740054,0.15221427
20170430190906592.jpg,0,No DR,0,No DR,True,0.82895744,0.82895744,0.025616668,0.14504035,5.180492e-05,0.0003338252
007-7183-400.jpg,4,Proliferative,4,Proliferative,True,0.78452295,0.02305039,0.008354118,0.1830053,0.0010672588,0.78452295
20170511173525601.jpg,2,Moderate,2,Moderate,True,0.40053013,0.36339572,0.14077275,0.40053013,0.005602551,0.0896988
007-0780-000.jpg,0,No DR,2,Moderate,False,0.407946,0.36261344,0.22796942,0.407946,0.0009310148,0.00054018316
007-0023-000.jpg,0,No DR,2,Moderate,False,0.5483907,0.33063918,0.081583835,0.5483907,0.0039522066,0.03543411
007-3645-200.jpg,2,Moderate,2,Moderate,True,0.43901393,0.29952735,0.17697068,0.43901393,0.058840696,0.025647298
007-5375-300.jpg,2,Moderate,2,Moderate,True,0.70802397,0.032894082,0.021025896,0.70802397,0.020053897,0.21800211
007-3257-100.jpg,2,Moderate,2,Moderate,True,0.50486064,0.20226888,0.2671991,0.50486064,0.01087651,0.014794937
007-2174-100.jpg,2,Moderate,1,Mild,False,0.6282729,0.06811618,0.6282729,0.29428747,0.0070932675,0.0022301914
007-0115-000.jpg,0,No DR,0,No DR,True,0.5591993,0.5591993,0.21069978,0.22933029,0.00010993621,0.0006606592
007-5295-300.jpg,2,Moderate,2,Moderate,True,0.71951514,0.019679109,0.039815065,0.71951514,0.20236836,0.018622328
007-3012-100.jpg,2,Moderate,2,Moderate,True,0.42928174,0.15178882,0.3899928,0.42928174,0.0035832613,0.025353396
20170525111826224.jpg,2,Moderate,1,Mild,False,0.52934545,0.1180065,0.52934545,0.35093164,0.0013859754,0.00033040007
007-6478-400.jpg,4,Proliferative,4,Proliferative,True,0.6164788,0.000121935635,0.00075959734,0.11017522,0.27246442,0.6164788
20170627112931675.jpg,2,Moderate,2,Moderate,True,0.7190034,0.07229175,0.110926166,0.7190034,0.04678439,0.050994307
007-5784-300.jpg,2,Moderate,2,Moderate,True,0.66354567,0.14640938,0.18004869,0.66354567,0.0038243688,0.006171883
007-0713-000.jpg,1,Mild,2,Moderate,False,0.43593308,0.3867736,0.12059333,0.43593308,0.0017150382,0.05498495
007-3939-200.jpg,2,Moderate,2,Moderate,True,0.75286025,0.101651795,0.08599766,0.75286025,0.014593315,0.044896983
20170430193232001.jpg,0,No DR,0,No DR,True,0.6116425,0.6116425,0.08427835,0.28288725,0.02022293,0.0009690528
007-2079-100.jpg,2,Moderate,1,Mild,False,0.34304982,0.32113123,0.34304982,0.22001809,0.0003878554,0.11541299
007-7420-601.jpg,0,No DR,2,Moderate,False,0.5467242,0.2697226,0.15419248,0.5467242,0.003091088,0.026269628
007-1167-000.jpg,0,No DR,1,Mild,False,0.42169544,0.41243955,0.42169544,0.16542344,8.504925e-05,0.00035649535
007-3943-200.jpg,3,Severe,3,Severe,True,0.7024965,0.0001288965,0.00033676444,0.22369862,0.7024965,0.073339224
20170620003156672.jpg,2,Moderate,2,Moderate,True,0.5967031,5.6853747e-05,0.00103072,0.5967031,0.20050265,0.20170666
007-3979-200.jpg,4,Proliferative,4,Proliferative,True,0.42050812,0.0037367144,0.004088364,0.30910364,0.26256314,0.42050812
20170412102330295.jpg,0,No DR,2,Moderate,False,0.46840066,0.45461446,0.076421954,0.46840066,0.00029052343,0.0002723835
007-4909-300.jpg,2,Moderate,2,Moderate,True,0.6478911,0.0010755768,0.0021340763,0.6478911,0.12481426,0.224085
007-6703-400.jpg,3,Severe,3,Severe,True,0.47943813,0.0010398288,0.003353278,0.21747519,0.47943813,0.29869354
20170224214637264.jpg,0,No DR,0,No DR,True,0.61617213,0.61617213,0.014105524,0.35938963,1.6373948e-05,0.010316373
007-3669-200.jpg,2,Moderate,2,Moderate,True,0.71583337,0.014493421,0.035706233,0.71583337,0.20052986,0.03343715
20170415092114824.jpg,0,No DR,0,No DR,True,0.5249706,0.5249706,0.13433045,0.3403841,0.00010623047,0.00020862508
20170427182213413.jpg,0,No DR,0,No DR,True,0.7683435,0.7683435,0.054951187,0.1764637,0.00014710544,9.453617e-05
007-2359-100.jpg,1,Mild,2,Moderate,False,0.53384894,0.29410538,0.16847947,0.53384894,5.739074e-05,0.0035088714
007-3379-200.jpg,2,Moderate,2,Moderate,True,0.6955147,0.15105577,0.041696426,0.6955147,0.022059912,0.08967315
007-4113-200.jpg,2,Moderate,2,Moderate,True,0.5976421,0.009636854,0.005297351,0.5976421,0.05984727,0.3275764
20170429203157386.jpg,0,No DR,0,No DR,True,0.6364715,0.6364715,0.1250045,0.23481655,0.0030280421,0.00067945925
007-2258-100.jpg,2,Moderate,2,Moderate,True,0.532175,0.34243444,0.054811165,0.532175,0.0003286486,0.070250764
007-4513-200.jpg,2,Moderate,2,Moderate,True,0.6064682,0.17691569,0.07289979,0.6064682,0.0022010396,0.14151533
007-4730-200.jpg,2,Moderate,2,Moderate,True,0.78108466,0.002914971,0.002733896,0.78108466,0.00874846,0.204518
20170429200929998.jpg,0,No DR,0,No DR,True,0.599224,0.599224,0.059074245,0.3184326,0.0067958822,0.016473264
20170429203633560.jpg,0,No DR,0,No DR,True,0.692156,0.692156,0.05444392,0.24581127,0.001821836,0.0057668914
007-5761-300.jpg,3,Severe,3,Severe,True,0.6795544,0.00019601546,0.0006321106,0.26625416,0.6795544,0.053363286
20170214220639640.jpg,0,No DR,0,No DR,True,0.67132497,0.67132497,0.15256958,0.17475323,0.00023847928,0.0011137222
20170412113143166.jpg,0,No DR,2,Moderate,False,0.49245068,0.32009566,0.18714178,0.49245068,0.00023002239,8.183457e-05
007-5752-300.jpg,2,Moderate,2,Moderate,True,0.78152674,0.03237711,0.15413752,0.78152674,0.0014163603,0.03054225
20170427190217884.jpg,0,No DR,0,No DR,True,0.7838003,0.7838003,0.048616357,0.16725159,0.00016584335,0.00016581519
20170418113348939.jpg,0,No DR,0,No DR,True,0.5530411,0.5530411,0.06464223,0.3821069,5.3450126e-06,0.00020437548
007-6260-300.jpg,2,Moderate,2,Moderate,True,0.4882748,0.32209456,0.17329852,0.4882748,0.005339348,0.010992786
007-4188-200.jpg,2,Moderate,2,Moderate,True,0.43011862,0.23330486,0.2916604,0.43011862,0.038217273,0.006698806
20170407230219733.jpg,0,No DR,0,No DR,True,0.71085745,0.71085745,0.04028801,0.23956506,0.00090142497,0.008387962
007-1210-000.jpg,1,Mild,2,Moderate,False,0.57762414,0.26053867,0.15849651,0.57762414,0.00026521305,0.0030754511
20170518111418648.jpg,2,Moderate,2,Moderate,True,0.8512445,0.004424929,0.013455222,0.8512445,0.11811464,0.012760645
20170220133324808.jpg,0,No DR,0,No DR,True,0.57605857,0.57605857,0.15549663,0.2678837,5.2012925e-05,0.000509108
20170206175614525.jpg,0,No DR,0,No DR,True,0.6213007,0.6213007,0.12360667,0.25458574,0.0002129326,0.0002939333
007-0882-000.jpg,0,No DR,0,No DR,True,0.4086066,0.4086066,0.19182804,0.39858985,0.0006978817,0.00027765427
007-4658-200.jpg,2,Moderate,2,Moderate,True,0.3907459,0.17237917,0.21612784,0.3907459,0.0052880445,0.21545899
007-3840-200.jpg,2,Moderate,2,Moderate,True,0.45627972,0.17724477,0.18264022,0.45627972,0.045253683,0.13858159
007-1314-000.jpg,0,No DR,0,No DR,True,0.41851652,0.41851652,0.22311805,0.35688043,0.0007017768,0.00078330014
20170427111816715.jpg,0,No DR,2,Moderate,False,0.45023927,0.38886753,0.15204355,0.45023927,0.006143685,0.0027060085
007-1651-000.jpg,0,No DR,1,Mild,False,0.5402474,0.24130432,0.5402474,0.21808846,9.6842865e-05,0.00026298195
007-5630-300.jpg,2,Moderate,2,Moderate,True,0.48920193,2.5403528e-05,0.00010866696,0.48920193,0.32992887,0.18073513
007-2212-100.jpg,2,Moderate,0,No DR,False,0.42857027,0.42857027,0.40667912,0.16388802,0.0007101493,0.00015246983
007-7784-601.jpg,0,No DR,2,Moderate,False,0.53034246,0.11846946,0.121435635,0.53034246,0.001124569,0.22862785
20170427184000335.jpg,0,No DR,0,No DR,True,0.70111424,0.70111424,0.041361045,0.24983804,0.0002440298,0.0074427514
007-6597-400.jpg,4,Proliferative,4,Proliferative,True,0.7897092,0.0017462538,0.007492762,0.17351785,0.027533935,0.7897092
20170408231141817.jpg,0,No DR,0,No DR,True,0.72823757,0.72823757,0.08673218,0.17807092,0.0003477238,0.006611691
007-2994-100.jpg,2,Moderate,2,Moderate,True,0.5649082,0.06535402,0.10696695,0.5649082,0.051108744,0.21166207
20170424115230654.jpg,0,No DR,2,Moderate,False,0.6417173,0.12549804,0.17281608,0.6417173,0.05734387,0.002624724
20170426101343821.jpg,0,No DR,0,No DR,True,0.6548455,0.6548455,0.08249295,0.24469663,0.0005960025,0.017368963
20170516201510046.jpg,2,Moderate,2,Moderate,True,0.54500264,0.0033718213,0.008893832,0.54500264,0.16499981,0.27773187
20170630084446353.jpg,2,Moderate,0,No DR,False,0.48290977,0.48290977,0.23361652,0.28341925,4.2379593e-06,5.0171773e-05
20170510143849590.jpg,2,Moderate,2,Moderate,True,0.6291091,0.26965663,0.082485996,0.6291091,0.017332258,0.001416051
007-6418-400.jpg,4,Proliferative,4,Proliferative,True,0.60943073,0.0017561466,0.0038285402,0.31778535,0.06719919,0.60943073
20170429204057855.jpg,0,No DR,0,No DR,True,0.5966019,0.5966019,0.070164755,0.3084094,0.015110526,0.009713356
20170429211603875.jpg,0,No DR,0,No DR,True,0.7650373,0.7650373,0.033295427,0.1979974,0.0013674157,0.0023024075
007-2315-100.jpg,2,Moderate,2,Moderate,True,0.62243146,0.06451892,0.0778629,0.62243146,0.14912723,0.0860595
20170213091557380.jpg,0,No DR,2,Moderate,False,0.5494345,0.3595124,0.09101904,0.5494345,4.9559335e-06,2.9147952e-05
007-6228-300.jpg,2,Moderate,2,Moderate,True,0.67853016,0.016093794,0.011616572,0.67853016,0.0066304724,0.28712896
20170124162247496.jpg,0,No DR,0,No DR,True,0.62091917,0.62091917,0.15652888,0.22249605,1.4505204e-05,4.1370175e-05
20170408232758270.jpg,0,No DR,0,No DR,True,0.7381791,0.7381791,0.028856432,0.22960253,6.523092e-05,0.0032967895
20170425160717139.jpg,0,No DR,0,No DR,True,0.48841968,0.48841968,0.10922078,0.40208274,3.5073823e-05,0.00024170257
007-7599-601.jpg,0,No DR,0,No DR,True,0.45750865,0.45750865,0.13428497,0.40078786,0.00033902327,0.007079406
007-5149-300.jpg,2,Moderate,2,Moderate,True,0.6583975,0.033495944,0.1890276,0.6583975,0.109783866,0.009295023
20170408231947575.jpg,0,No DR,0,No DR,True,0.5301567,0.5301567,0.117029145,0.35164896,0.00036965765,0.000795582
20170602084034474.jpg,1,Mild,0,No DR,False,0.4205062,0.4205062,0.1638489,0.41561016,4.3232235e-06,3.038429e-05
20170222101033047.jpg,0,No DR,0,No DR,True,0.5746251,0.5746251,0.039408777,0.38084504,0.0034964932,0.0016246082
20170412135441966.jpg,0,No DR,0,No DR,True,0.4983648,0.4983648,0.13723393,0.36308107,0.0011693331,0.00015089163
007-6233-300.jpg,2,Moderate,2,Moderate,True,0.7586391,0.07208067,0.04349874,0.7586391,0.074799076,0.050982382
007-2271-100.jpg,2,Moderate,2,Moderate,True,0.4951836,0.027160378,0.33008912,0.4951836,0.035846766,0.111720145
20170327103524390.jpg,0,No DR,0,No DR,True,0.6655587,0.6655587,0.07929284,0.25334045,7.46918e-05,0.0017333563
20170427142921526.jpg,0,No DR,0,No DR,True,0.53669083,0.53669083,0.16444336,0.29884332,3.4838092e-06,1.9006475e-05
007-5892-300.jpg,4,Proliferative,2,Moderate,False,0.5981953,0.005562894,0.021287732,0.5981953,0.13012312,0.24483092
20170427185725567.jpg,0,No DR,0,No DR,True,0.7538417,0.7538417,0.06946358,0.17616221,6.735247e-05,0.00046515797
007-2556-100.jpg,2,Moderate,2,Moderate,True,0.5431944,0.11109572,0.34424585,0.5431944,0.00016739003,0.0012966528
007-2491-100.jpg,2,Moderate,2,Moderate,True,0.43140978,0.385932,0.18257008,0.43140978,4.361189e-05,4.4509015e-05
20170331094112192.jpg,0,No DR,0,No DR,True,0.6005712,0.6005712,0.11360882,0.28555274,7.146161e-05,0.00019583927
20170407224542804.jpg,0,No DR,0,No DR,True,0.6348384,0.6348384,0.05516442,0.30753696,0.00015495496,0.0023052767
20170619083600088.jpg,2,Moderate,2,Moderate,True,0.6612485,0.026396157,0.091813706,0.6612485,0.17450407,0.046037525
007-4749-200.jpg,2,Moderate,2,Moderate,True,0.6272418,0.00042229673,0.0005086716,0.6272418,0.06618093,0.3056463
007-3200-100.jpg,1,Mild,2,Moderate,False,0.49694616,0.17822872,0.32071668,0.49694616,4.2277552e-05,0.0040661613
007-3914-200.jpg,2,Moderate,2,Moderate,True,0.803621,0.065982796,0.07530863,0.803621,0.0010751508,0.05401246
007-3681-200.jpg,2,Moderate,2,Moderate,True,0.43133694,0.41289586,0.15000565,0.43133694,0.00010779838,0.0056536836
007-6914-400.jpg,4,Proliferative,2,Moderate,False,0.6979394,0.09365948,0.09619707,0.6979394,0.007650812,0.10455322
20170226223144290.jpg,0,No DR,0,No DR,True,0.63065946,0.63065946,0.05918344,0.30893016,0.0001381337,0.0010888336
20170429212457762.jpg,0,No DR,0,No DR,True,0.6626712,0.6626712,0.04822307,0.27835295,0.0012190242,0.00953376
007-1650-000.jpg,0,No DR,0,No DR,True,0.57699794,0.57699794,0.11166992,0.27102703,0.00016321905,0.040141936
20170517171512703.jpg,3,Severe,3,Severe,True,0.4080876,0.0011469625,0.006204283,0.36338568,0.4080876,0.2211755
20170407215758488.jpg,0,No DR,0,No DR,True,0.65922487,0.65922487,0.059857816,0.2800537,0.0005467749,0.00031688815
007-2790-100.jpg,1,Mild,1,Mild,True,0.43303695,0.25069198,0.43303695,0.3073049,0.0012784383,0.00768774
007-3372-200.jpg,2,Moderate,2,Moderate,True,0.8682565,0.0024860501,0.0070701465,0.8682565,0.009251792,0.112935595
20170223105735837.jpg,0,No DR,0,No DR,True,0.49921933,0.49921933,0.12702356,0.3733155,0.0003980068,4.3539443e-05
20170407234751158.jpg,0,No DR,0,No DR,True,0.6898462,0.6898462,0.06917153,0.2386189,0.00026646705,0.0020968153
20170618221747607.jpg,2,Moderate,2,Moderate,True,0.5797219,0.22611484,0.1857931,0.5797219,0.0038518715,0.004518204
20170430200430297.jpg,0,No DR,0,No DR,True,0.7370004,0.7370004,0.024373863,0.23513299,0.0009304877,0.0025622929
20170217110404453.jpg,0,No DR,0,No DR,True,0.44024777,0.44024777,0.21077722,0.34519434,0.0021906735,0.0015899559
20170220100439903.jpg,0,No DR,0,No DR,True,0.5147794,0.5147794,0.141623,0.34359002,3.2534404e-06,4.3433283e-06
007-4396-200.jpg,2,Moderate,2,Moderate,True,0.7581117,0.038540408,0.0907844,0.7581117,0.1004635,0.012099922
007-1564-000.jpg,0,No DR,0,No DR,True,0.49796718,0.49796718,0.36021867,0.14177455,1.9144754e-05,2.0471078e-05
007-0071-000.jpg,0,No DR,0,No DR,True,0.5396056,0.5396056,0.24282648,0.21640746,1.0237838e-05,0.0011501956
20170407235344647.jpg,0,No DR,0,No DR,True,0.6227367,0.6227367,0.08516453,0.29109624,0.00020113154,0.00080134225
20170227232921286.jpg,0,No DR,0,No DR,True,0.7443098,0.7443098,0.064021416,0.19125055,5.2395055e-05,0.0003658743
007-3315-200.jpg,2,Moderate,2,Moderate,True,0.46263045,0.0069557163,0.02913992,0.46263045,0.18969396,0.31158003
007-0896-000.jpg,0,No DR,2,Moderate,False,0.4623726,0.39039606,0.13480023,0.4623726,5.6626388e-05,0.012374441
20170418090144057.jpg,0,No DR,2,Moderate,False,0.5399329,0.30044255,0.15955321,0.5399329,1.1668395e-05,5.9715832e-05
20170409161444107.jpg,0,No DR,0,No DR,True,0.50393033,0.50393033,0.27222833,0.22374685,5.101876e-05,4.3403987e-05
007-8657-605.jpg,0,No DR,0,No DR,True,0.51528776,0.51528776,0.038766604,0.29215437,0.0017728615,0.1520184
007-3563-200.jpg,4,Proliferative,4,Proliferative,True,0.52781945,0.0007161273,0.00041441567,0.469933,0.0011170901,0.52781945
007-2051-100.jpg,2,Moderate,2,Moderate,True,0.5410126,0.36766452,0.071495585,0.5410126,0.00040140527,0.019425899
007-0359-000.jpg,0,No DR,2,Moderate,False,0.40807998,0.2970936,0.28317335,0.40807998,0.0045374767,0.007115541
20170410093232105.jpg,0,No DR,0,No DR,True,0.48568743,0.48568743,0.18528655,0.32758176,0.00048795698,0.00095628866
20170226230628072.jpg,0,No DR,0,No DR,True,0.51476896,0.51476896,0.2164966,0.26378065,0.0017923653,0.003161443
007-7874-601.jpg,2,Moderate,1,Mild,False,0.35526037,0.28712177,0.35526037,0.3466824,0.00055041455,0.01038507
007-1345-000.jpg,0,No DR,2,Moderate,False,0.4515487,0.27430996,0.21288474,0.4515487,0.0020040772,0.059252575
20170323080442334.jpg,0,No DR,0,No DR,True,0.72254705,0.72254705,0.016218217,0.24236391,0.00048167343,0.018389119
20170627105002528.jpg,2,Moderate,2,Moderate,True,0.7519997,0.008183292,0.021661328,0.7519997,0.15306835,0.06508731
20170220140114740.jpg,0,No DR,0,No DR,True,0.40962964,0.40962964,0.18237787,0.40677518,0.0010030583,0.00021421975
007-7147-400.jpg,4,Proliferative,4,Proliferative,True,0.9287438,0.007907376,0.004710079,0.049912658,0.008726104,0.9287438
007-0815-000.jpg,0,No DR,0,No DR,True,0.43917528,0.43917528,0.23411477,0.3157924,0.008361361,0.0025562176
20170427185357872.jpg,0,No DR,0,No DR,True,0.6661596,0.6661596,0.061496425,0.27142543,0.00023763989,0.0006809019
007-7605-601.jpg,2,Moderate,2,Moderate,True,0.51774836,0.32550797,0.11597751,0.51774836,0.00019875921,0.04056744
007-1724-000.jpg,0,No DR,1,Mild,False,0.4884826,0.31258065,0.4884826,0.19647601,0.00017901737,0.0022817554
20170222154002651.jpg,0,No DR,0,No DR,True,0.51905376,0.51905376,0.05233959,0.42752638,0.00070861366,0.00037177047
007-4640-200.jpg,2,Moderate,4,Proliferative,False,0.62537736,0.0003541362,0.00059734756,0.35358295,0.020088254,0.62537736
007-2227-100.jpg,1,Mild,1,Mild,True,0.35893893,0.061861645,0.35893893,0.3385739,0.22595763,0.014667891
20170605152650869.jpg,2,Moderate,2,Moderate,True,0.38741985,0.35004336,0.2537509,0.38741985,0.00603929,0.0027467147
007-0715-000.jpg,0,No DR,2,Moderate,False,0.45956674,0.4341541,0.10571457,0.45956674,3.362685e-05,0.00053102575
20170220174934041.jpg,0,No DR,0,No DR,True,0.6277898,0.6277898,0.11849163,0.2530067,0.00018367598,0.00052822736
007-3137-100.jpg,2,Moderate,0,No DR,False,0.4821961,0.4821961,0.040309023,0.4299416,0.0003574552,0.047195844
20170612085458211.jpg,2,Moderate,2,Moderate,True,0.51906085,0.23147258,0.24861068,0.51906085,0.0005770822,0.0002788048
20161118155736303.jpg,0,No DR,0,No DR,True,0.5233973,0.5233973,0.10258269,0.33465418,0.00083976536,0.038526036
007-2546-100.jpg,1,Mild,0,No DR,False,0.3673853,0.3673853,0.36130735,0.27112848,7.2731978e-06,0.0001716096
007-6064-300.jpg,2,Moderate,2,Moderate,True,0.5057662,0.27348942,0.13215202,0.5057662,0.071472585,0.017119724
20170621082611317.jpg,2,Moderate,2,Moderate,True,0.6822447,0.120782375,0.19644734,0.6822447,0.00023950182,0.0002860792
007-4543-200.jpg,2,Moderate,2,Moderate,True,0.8322048,0.0024692838,0.0010223137,0.8322048,0.0022115537,0.16209204
20170406085446520.jpg,0,No DR,0,No DR,True,0.6737163,0.6737163,0.032565936,0.29362524,7.102678e-06,8.548477e-05
007-2774-100.jpg,2,Moderate,2,Moderate,True,0.53719896,0.20269133,0.2451998,0.53719896,0.013508889,0.0014009968
20170516160126110.jpg,1,Mild,2,Moderate,False,0.41371223,0.27587923,0.29829913,0.41371223,0.00161289,0.010496483
007-2601-100.jpg,2,Moderate,2,Moderate,True,0.4469283,0.41870415,0.010298256,0.4469283,0.00014397292,0.123925306
20170427213940581.jpg,0,No DR,0,No DR,True,0.47349003,0.47349003,0.14920989,0.37634307,7.932838e-05,0.00087766326
20170405082647447.jpg,0,No DR,0,No DR,True,0.5782109,0.5782109,0.14642535,0.2746036,5.377624e-06,0.0007548432
007-2557-100.jpg,1,Mild,2,Moderate,False,0.54687256,0.25012642,0.12943469,0.54687256,0.01066224,0.062904164
20170407222105403.jpg,0,No DR,0,No DR,True,0.71367794,0.71367794,0.03935365,0.23178743,0.00015580727,0.015025144
007-4139-200.jpg,2,Moderate,4,Proliferative,False,0.39486,5.0943752e-05,0.0003485526,0.3329292,0.27181137,0.39486
20170327090618698.jpg,0,No DR,0,No DR,True,0.57741034,0.57741034,0.19964272,0.22253884,6.3099695e-05,0.0003450238
20170120153040093.jpg,0,No DR,0,No DR,True,0.46512932,0.46512932,0.2387096,0.2843002,0.0064979442,0.005362985
007-7266-400.jpg,4,Proliferative,4,Proliferative,True,0.93395704,0.009693484,0.007998196,0.04824854,0.00010280044,0.93395704
20170407221302501.jpg,0,No DR,0,No DR,True,0.563635,0.563635,0.07993203,0.35447538,0.0012872905,0.0006703919
007-4210-200.jpg,2,Moderate,2,Moderate,True,0.5699648,0.24060668,0.14530915,0.5699648,0.04274932,0.0013699905
007-4194-200.jpg,2,Moderate,2,Moderate,True,0.54242426,0.40132672,0.038332697,0.54242426,0.0024324877,0.015483864
007-1840-100.jpg,2,Moderate,2,Moderate,True,0.69882137,0.16291879,0.13320081,0.69882137,0.0001770744,0.0048818775
007-7243-400.jpg,4,Proliferative,4,Proliferative,True,0.96072567,0.010981169,0.0043579293,0.023740958,0.00019432562,0.96072567
007-4801-300.jpg,2,Moderate,2,Moderate,True,0.7335811,0.00984984,0.029563602,0.7335811,0.19969238,0.027313005
20170429231748898.jpg,0,No DR,0,No DR,True,0.79617697,0.79617697,0.02198361,0.17883511,0.00060935854,0.0023950473
20170426085909496.jpg,0,No DR,0,No DR,True,0.5649634,0.5649634,0.1034675,0.33134216,3.2450341e-06,0.00022374139
007-7675-601.jpg,0,No DR,2,Moderate,False,0.48933932,0.40528852,0.08399618,0.48933932,0.0009877975,0.020388147
20170427180039926.jpg,0,No DR,0,No DR,True,0.49906346,0.49906346,0.335898,0.1644276,5.391224e-05,0.0005570867
20170328082333730.jpg,0,No DR,0,No DR,True,0.7793289,0.7793289,0.009915579,0.20947017,3.5076722e-05,0.0012502817
007-6189-300.jpg,2,Moderate,2,Moderate,True,0.8705168,0.029380862,0.050685402,0.8705168,0.0045454386,0.04487147
007-0828-000.jpg,0,No DR,0,No DR,True,0.5421555,0.5421555,0.10359647,0.3521645,0.001433139,0.00065046526
20170408000114812.jpg,0,No DR,0,No DR,True,0.7186555,0.7186555,0.079639755,0.20105742,2.5284166e-05,0.00062201417
007-1043-000.jpg,0,No DR,0,No DR,True,0.5148828,0.5148828,0.18761016,0.29682943,1.8154415e-05,0.0006593702
20170429202820123.jpg,0,No DR,0,No DR,True,0.8226788,0.8226788,0.028576555,0.14582165,0.00035733727,0.0025657276
20170225203027503.jpg,0,No DR,0,No DR,True,0.6165865,0.6165865,0.11471754,0.26713994,0.001143921,0.00041198818
007-2793-100.jpg,2,Moderate,2,Moderate,True,0.45345595,0.35501993,0.18773018,0.45345595,0.00044213055,0.0033518337
007-0418-000.jpg,0,No DR,2,Moderate,False,0.39820158,0.39728612,0.20415242,0.39820158,0.00024949026,0.00011039887
007-6076-300.jpg,2,Moderate,2,Moderate,True,0.5284052,0.038753465,0.32986885,0.5284052,0.097251914,0.005720573
20170224151258535.jpg,0,No DR,0,No DR,True,0.4492408,0.4492408,0.15613401,0.3943965,2.474235e-05,0.00020388218
20170208134713854.jpg,0,No DR,0,No DR,True,0.67835104,0.67835104,0.023592502,0.2980348,1.7820325e-06,1.9811563e-05
20170126115404314.jpg,0,No DR,0,No DR,True,0.49414125,0.49414125,0.26958892,0.23620558,2.5038562e-05,3.9226386e-05
20170224160101048.jpg,0,No DR,0,No DR,True,0.5168208,0.5168208,0.13385692,0.34905925,4.659585e-05,0.00021643318
20170410094715869.jpg,0,No DR,0,No DR,True,0.50643766,0.50643766,0.056084126,0.4368964,0.00024075407,0.00034105396
007-6148-300.jpg,3,Severe,4,Proliferative,False,0.40155452,0.0018122692,0.013809585,0.29017654,0.2926471,0.40155452
20170524111743769.jpg,2,Moderate,3,Severe,False,0.59733015,0.0006837926,0.0019018599,0.37897205,0.59733015,0.021112157
007-4659-200.jpg,2,Moderate,2,Moderate,True,0.7207951,0.07313617,0.0046528885,0.7207951,0.0004108053,0.20100506
007-4774-200.jpg,2,Moderate,2,Moderate,True,0.6648799,0.16386367,0.090455085,0.6648799,0.047237407,0.033563968
20170209093024297.jpg,0,No DR,0,No DR,True,0.64946634,0.64946634,0.08736864,0.25547072,0.00011798937,0.0075762207
007-2964-100.jpg,2,Moderate,1,Mild,False,0.51925105,0.10212159,0.51925105,0.34082338,0.00015952546,0.037644476
007-6587-400.jpg,4,Proliferative,2,Moderate,False,0.4474099,0.074314885,0.105175845,0.4474099,0.15735875,0.21574067
20170616201007747.jpg,2,Moderate,2,Moderate,True,0.5174217,0.024711367,0.014558004,0.5174217,0.42574802,0.017560886
007-2144-100.jpg,0,No DR,0,No DR,True,0.4856185,0.4856185,0.21288142,0.2991133,0.00017394207,0.0022128504
007-2025-100.jpg,1,Mild,4,Proliferative,False,0.62089646,0.0047661834,0.0020327165,0.36889052,0.003414157,0.62089646
20170522111746822.jpg,2,Moderate,2,Moderate,True,0.5499052,0.1544422,0.27476853,0.5499052,0.019654978,0.00122912
20170429231040992.jpg,0,No DR,0,No DR,True,0.71005905,0.71005905,0.06480081,0.21450466,0.00586302,0.004772401
007-0655-000.jpg,0,No DR,0,No DR,True,0.5119922,0.5119922,0.1523746,0.33558723,2.0124015e-05,2.5896858e-05
20170616112523766.jpg,2,Moderate,2,Moderate,True,0.77236784,0.046749372,0.044381633,0.77236784,0.13339855,0.0031026588
007-0674-000.jpg,0,No DR,2,Moderate,False,0.4250872,0.26369527,0.30927527,0.4250872,0.0005528414,0.0013894719
20170220140226350.jpg,0,No DR,2,Moderate,False,0.40731764,0.39568913,0.19522125,0.40731764,0.00087415846,0.0008977877
007-6844-400.jpg,4,Proliferative,4,Proliferative,True,0.8225369,0.0006899415,0.0014474515,0.16224058,0.013085112,0.8225369
20170123085828792.jpg,0,No DR,0,No DR,True,0.69627076,0.69627076,0.052270602,0.25136748,4.1446332e-05,4.9719896e-05
20170207175526103.jpg,0,No DR,0,No DR,True,0.59429634,0.59429634,0.13772953,0.26785514,0.0001003018,1.8734901e-05
20170112165604167.jpg,0,No DR,0,No DR,True,0.55322564,0.55322564,0.11796564,0.3282877,0.00033576836,0.0001852442
007-3676-200.jpg,2,Moderate,2,Moderate,True,0.70924765,0.17882463,0.012159646,0.70924765,0.004674024,0.095093995
007-0501-000.jpg,0,No DR,0,No DR,True,0.5069567,0.5069567,0.055110388,0.43584087,0.0010580102,0.0010340633
20170428083456943.jpg,0,No DR,1,Mild,False,0.46636733,0.23632327,0.46636733,0.29662174,0.000104511186,0.0005831382
20170211092159114.jpg,0,No DR,0,No DR,True,0.65158415,0.65158415,0.03864036,0.30682284,3.1651452e-05,0.0029209952
007-3660-200.jpg,2,Moderate,2,Moderate,True,0.5321245,0.025769887,0.058364686,0.5321245,0.18739408,0.1963469
007-1780-100.jpg,1,Mild,0,No DR,False,0.43710363,0.43710363,0.21252958,0.33209085,0.00951375,0.008762204
20170410093934395.jpg,0,No DR,0,No DR,True,0.49049544,0.49049544,0.03775404,0.45782208,0.01257726,0.0013511664
007-1689-000.jpg,2,Moderate,2,Moderate,True,0.6105402,0.3334476,0.038038798,0.6105402,1.0294712e-05,0.017963119
007-3516-200.jpg,0,No DR,0,No DR,True,0.41696987,0.41696987,0.18435581,0.39846703,8.4946885e-05,0.00012225773
20170214100607018.jpg,0,No DR,0,No DR,True,0.71676075,0.71676075,0.15639028,0.12684466,2.039302e-06,2.3357622e-06
20170430141501215.jpg,0,No DR,0,No DR,True,0.4404131,0.4404131,0.19555783,0.3628709,0.00032931854,0.00082877453
007-7044-400.jpg,4,Proliferative,4,Proliferative,True,0.6932721,0.016529039,0.051607706,0.22093448,0.017656619,0.6932721
007-3611-200.jpg,2,Moderate,2,Moderate,True,0.36290655,0.026147919,0.044192884,0.36290655,0.2533692,0.31338346
20170428162225876.jpg,0,No DR,0,No DR,True,0.5095015,0.5095015,0.029667554,0.43983993,7.2992385e-05,0.020917997
007-0237-000.jpg,0,No DR,0,No DR,True,0.62200236,0.62200236,0.05370624,0.32164398,0.0005549514,0.002092444
007-3741-200.jpg,2,Moderate,2,Moderate,True,0.57808226,0.006664091,0.005745909,0.57808226,0.0059464686,0.4035613
20170216090542938.jpg,0,No DR,0,No DR,True,0.49692288,0.49692288,0.15923104,0.34372213,7.4354216e-06,0.000116438525
20170504113211152.jpg,2,Moderate,2,Moderate,True,0.48992988,0.09564703,0.11924516,0.48992988,0.290458,0.0047199205
007-1197-000.jpg,0,No DR,0,No DR,True,0.61610717,0.61610717,0.0032818364,0.3771288,3.726888e-05,0.003444988
007-0982-000.jpg,0,No DR,0,No DR,True,0.57880527,0.57880527,0.090131216,0.32579315,0.0010621696,0.004208188
20170224144635533.jpg,0,No DR,0,No DR,True,0.49729872,0.49729872,0.08415843,0.4160975,2.3583903e-05,0.0024217525
20170227161011919.jpg,0,No DR,0,No DR,True,0.5817114,0.5817114,0.12991166,0.2870547,0.0008352867,0.00048699358
20170425160718411.jpg,0,No DR,2,Moderate,False,0.51354915,0.30632147,0.17722192,0.51354915,0.0007910013,0.002116359
007-0031-000.jpg,0,No DR,0,No DR,True,0.39416504,0.39416504,0.34426883,0.25978404,0.000603306,0.0011787519
007-3782-200.jpg,2,Moderate,2,Moderate,True,0.4475376,0.04817258,0.36123413,0.4475376,0.13938542,0.0036702696
20170331093707737.jpg,0,No DR,0,No DR,True,0.61884654,0.61884654,0.112482555,0.26830474,3.17963e-05,0.00033442207
20170121093807445.jpg,0,No DR,1,Mild,False,0.63774073,0.25621533,0.63774073,0.10539002,3.8780803e-05,0.0006151518
007-0388-000.jpg,0,No DR,0,No DR,True,0.5455841,0.5455841,0.13047516,0.32337624,6.840358e-05,0.0004961919
007-4296-200.jpg,2,Moderate,2,Moderate,True,0.66153944,0.20591769,0.115796074,0.66153944,0.0006529228,0.016093861
20170429221601319.jpg,0,No DR,0,No DR,True,0.70169234,0.70169234,0.05683751,0.24036495,0.00016530417,0.0009398782
007-3779-200.jpg,2,Moderate,2,Moderate,True,0.7652578,0.006176777,0.05427485,0.7652578,0.14179221,0.0324984
20170326093029051.jpg,0,No DR,0,No DR,True,0.6556041,0.6556041,0.1647455,0.17958511,1.5018257e-05,5.0225986e-05
20170228164709059.jpg,0,No DR,1,Mild,False,0.39733785,0.29598165,0.39733785,0.3038235,0.0013566415,0.0015003849
007-1234-000.jpg,0,No DR,0,No DR,True,0.5173593,0.5173593,0.06548222,0.38755584,3.518229e-05,0.029567426
007-3622-200.jpg,2,Moderate,2,Moderate,True,0.62875056,0.050659716,0.09689798,0.62875056,0.1923383,0.031353444
20170427181653795.jpg,0,No DR,0,No DR,True,0.5907884,0.5907884,0.070416026,0.2693645,0.053602774,0.015828263
007-0402-000.jpg,0,No DR,0,No DR,True,0.58449936,0.58449936,0.08042086,0.33416212,2.8139719e-05,0.000889524
007-4575-200.jpg,2,Moderate,2,Moderate,True,0.4044697,0.16035433,0.39869577,0.4044697,0.013650368,0.022829825
007-5160-300.jpg,2,Moderate,2,Moderate,True,0.8146399,0.07938028,0.07193563,0.8146399,0.02521005,0.008834163
007-3500-200.jpg,2,Moderate,2,Moderate,True,0.8729902,0.0039541954,0.0051407586,0.8729902,0.004665426,0.11324941
20170228090926171.jpg,0,No DR,0,No DR,True,0.5391878,0.5391878,0.16661574,0.29385746,0.000114300616,0.00022473483
007-1205-000.jpg,0,No DR,2,Moderate,False,0.49802113,0.42154908,0.033156063,0.49802113,0.0002489246,0.04702476
007-4425-200.jpg,2,Moderate,4,Proliferative,False,0.7625501,0.017871847,0.002216459,0.21678475,0.00057679595,0.7625501
20170401100008515.jpg,0,No DR,0,No DR,True,0.5298344,0.5298344,0.20375189,0.2660262,1.5422089e-05,0.0003720823
20170430200546082.jpg,0,No DR,0,No DR,True,0.7216674,0.7216674,0.02398554,0.23267046,0.00021903124,0.021457538
007-5786-300.jpg,2,Moderate,2,Moderate,True,0.8268283,0.0070207817,0.0273239,0.8268283,0.13656674,0.0022602761
20170330080004528.jpg,0,No DR,0,No DR,True,0.70371133,0.70371133,0.04184382,0.25264516,0.00083717867,0.00096245983
20170328094247861.jpg,0,No DR,0,No DR,True,0.67392117,0.67392117,0.17129444,0.1520397,0.0006498765,0.0020948732
20170602083055029.jpg,2,Moderate,2,Moderate,True,0.80838025,0.15159963,0.03996311,0.80838025,3.6529793e-05,2.0442913e-05
007-5875-300.jpg,2,Moderate,2,Moderate,True,0.5538362,0.005763375,0.00093451125,0.5538362,0.07322547,0.36624047
007-5643-300.jpg,2,Moderate,2,Moderate,True,0.6517249,0.0018346536,0.007775049,0.6517249,0.08678181,0.25188357
007-0043-000.jpg,0,No DR,2,Moderate,False,0.43177179,0.29333124,0.08726627,0.43177179,0.006556311,0.18107444
20170522165607630.jpg,2,Moderate,0,No DR,False,0.5191813,0.5191813,0.061872214,0.4177795,0.0007214731,0.00044547295
007-1138-000.jpg,0,No DR,2,Moderate,False,0.36751765,0.35284173,0.27896467,0.36751765,6.0787883e-05,0.0006151493
20170213115422058.jpg,0,No DR,1,Mild,False,0.50861835,0.2332149,0.50861835,0.25628212,0.0013982642,0.00048638572
007-0362-000.jpg,0,No DR,0,No DR,True,0.64386445,0.64386445,0.12511995,0.23096848,6.1982014e-06,4.0880943e-05
007-2354-100.jpg,2,Moderate,1,Mild,False,0.42318708,0.1674314,0.42318708,0.40844002,0.0004434292,0.0004981003
20170324140849407.jpg,0,No DR,0,No DR,True,0.6682087,0.6682087,0.01107781,0.3205421,9.5537165e-05,7.5812175e-05
20170627110345934.jpg,2,Moderate,2,Moderate,True,0.54707295,0.22018377,0.21895249,0.54707295,0.012235082,0.0015557504
20170430193353131.jpg,0,No DR,0,No DR,True,0.7634316,0.7634316,0.036840554,0.19905278,0.000104403065,0.0005707419
007-2221-100.jpg,1,Mild,0,No DR,False,0.44229928,0.44229928,0.16433328,0.39296955,4.3279237e-05,0.00035464935
20170226234856632.jpg,0,No DR,0,No DR,True,0.62459534,0.62459534,0.024084503,0.3504411,5.705235e-05,0.0008219744
007-0431-000.jpg,0,No DR,0,No DR,True,0.65868497,0.65868497,0.06998777,0.2641487,6.0961927e-05,0.00711755
007-6513-400.jpg,4,Proliferative,4,Proliferative,True,0.7419544,0.0039626807,0.029264152,0.17618343,0.04863539,0.7419544
20170224113103144.jpg,0,No DR,2,Moderate,False,0.47110444,0.4248837,0.10284875,0.47110444,0.00083202147,0.00033117188
007-6940-400.jpg,4,Proliferative,4,Proliferative,True,0.8552199,0.0032103686,0.0014167135,0.13651292,0.0036401283,0.8552199
007-3720-200.jpg,2,Moderate,2,Moderate,True,0.59239376,0.077670455,0.14789417,0.59239376,0.020746619,0.16129506
20170612233612380.jpg,2,Moderate,2,Moderate,True,0.566162,0.2983685,0.0975847,0.566162,0.00048261965,0.03740222
007-6835-400.jpg,4,Proliferative,4,Proliferative,True,0.57148546,0.16810939,0.0043242774,0.25597286,0.00010792958,0.57148546
20170429200414078.jpg,0,No DR,0,No DR,True,0.73009604,0.73009604,0.04049047,0.22816607,0.0007214315,0.00052596093
007-6333-400.jpg,4,Proliferative,4,Proliferative,True,0.82593375,0.0006909881,0.0075823674,0.14540055,0.020392269,0.82593375
007-1251-000.jpg,0,No DR,0,No DR,True,0.39152196,0.39152196,0.35098615,0.25681087,0.00029154948,0.00038948856
007-4428-200.jpg,2,Moderate,2,Moderate,True,0.68838865,0.006791026,0.013488318,0.68838865,0.05454207,0.23678991
20170220104405877.jpg,0,No DR,0,No DR,True,0.6045497,0.6045497,0.027779842,0.36748695,0.00013104155,5.24547e-05
007-6368-400.jpg,4,Proliferative,4,Proliferative,True,0.9549629,0.0006495066,0.0021263382,0.03991169,0.0023496675,0.9549629
20170430191714281.jpg,0,No DR,0,No DR,True,0.63045627,0.63045627,0.0971117,0.2689881,0.00020472884,0.0032392316
007-6473-400.jpg,4,Proliferative,2,Moderate,False,0.59968877,0.0010941648,0.010837875,0.59968877,0.08664022,0.301739
007-2056-100.jpg,2,Moderate,2,Moderate,True,0.39131215,0.37250307,0.22634701,0.39131215,0.00015794336,0.009679837
20170324085149565.jpg,0,No DR,0,No DR,True,0.581107,0.581107,0.15518928,0.26351073,0.00015387153,3.906163e-05
20170405083433546.jpg,0,No DR,0,No DR,True,0.46936208,0.46936208,0.25477794,0.27584353,4.863376e-06,1.1588247e-05
20170429202934975.jpg,0,No DR,0,No DR,True,0.7909854,0.7909854,0.03561572,0.17113891,0.00027059525,0.0019893723
20170323094433433.jpg,0,No DR,1,Mild,False,0.49468577,0.18212129,0.49468577,0.31721652,0.0043938444,0.0015825685
007-1484-000.jpg,0,No DR,0,No DR,True,0.6580737,0.6580737,0.054215107,0.28753132,1.6022889e-06,0.00017826987
20170418103218419.jpg,0,No DR,0,No DR,True,0.58061194,0.58061194,0.15516026,0.25476956,0.0016271042,0.007831088
007-4330-200.jpg,2,Moderate,2,Moderate,True,0.5799746,0.0065969904,0.002840357,0.5799746,0.0025422724,0.40804577
20170410092817707.jpg,0,No DR,2,Moderate,False,0.44559285,0.39240864,0.16138098,0.44559285,9.6684664e-05,0.00052087253
20170504201513545.jpg,2,Moderate,2,Moderate,True,0.40802464,0.13933675,0.108855814,0.40802464,0.34120157,0.002581285
007-1686-000.jpg,0,No DR,0,No DR,True,0.59296817,0.59296817,0.13397664,0.26596785,0.00045595292,0.0066314097
20170427191526349.jpg,0,No DR,0,No DR,True,0.6064628,0.6064628,0.09850597,0.2819015,0.00063957594,0.0124902
20170328091227668.jpg,0,No DR,0,No DR,True,0.61157334,0.61157334,0.035350483,0.35271245,2.3753557e-06,0.00036142682
007-6431-400.jpg,4,Proliferative,4,Proliferative,True,0.6207741,0.003026648,0.011136381,0.32779926,0.03726356,0.6207741
20170429232029890.jpg,0,No DR,0,No DR,True,0.7253317,0.7253317,0.059263147,0.21366432,0.00072104356,0.0010197692
20170213165734780.jpg,0,No DR,0,No DR,True,0.5334524,0.5334524,0.15874338,0.30759034,7.64757e-05,0.00013741414
007-5917-300.jpg,2,Moderate,2,Moderate,True,0.5763852,0.009984006,0.0023907332,0.5763852,0.014893897,0.39634618
20170503172654258.jpg,2,Moderate,2,Moderate,True,0.37383422,0.32280144,0.2894104,0.37383422,0.003461507,0.010492424
007-0719-000.jpg,0,No DR,0,No DR,True,0.4431266,0.4431266,0.14095531,0.41499415,4.6151046e-05,0.0008777869
20170427095241916.jpg,0,No DR,0,No DR,True,0.67294985,0.67294985,0.035262816,0.29155082,0.00016559467,7.09456e-05
007-2973-100.jpg,0,No DR,2,Moderate,False,0.47389275,0.4685724,0.023143742,0.47389275,0.00018822674,0.034202956
007-0730-000.jpg,2,Moderate,0,No DR,False,0.51321137,0.51321137,0.12152806,0.36280045,0.00021423752,0.0022458958
007-2841-100.jpg,1,Mild,1,Mild,True,0.4258616,0.22375146,0.4258616,0.34167194,0.005139164,0.0035759094
007-0205-000.jpg,0,No DR,2,Moderate,False,0.44121128,0.4073235,0.14483227,0.44121128,0.00048372895,0.0061492496
20170429220412774.jpg,0,No DR,0,No DR,True,0.7312022,0.7312022,0.02613188,0.2054754,0.0011579641,0.036032535
007-0165-000.jpg,0,No DR,2,Moderate,False,0.5402202,0.31036878,0.14803135,0.5402202,3.05236e-05,0.0013491602
007-4054-200.jpg,2,Moderate,2,Moderate,True,0.6192461,0.120263,0.12481591,0.6192461,0.024840645,0.110834345
20170407224448321.jpg,0,No DR,2,Moderate,False,0.4935337,0.2284203,0.2754174,0.4935337,0.001355946,0.0012726313
007-6222-300.jpg,2,Moderate,2,Moderate,True,0.47924256,0.3365819,0.18386976,0.47924256,1.6884054e-05,0.00028883587
20170410153212741.jpg,0,No DR,0,No DR,True,0.64999795,0.64999795,0.17949629,0.1704741,1.6980181e-06,2.9897292e-05
007-1548-000.jpg,0,No DR,2,Moderate,False,0.42914858,0.41121146,0.15488125,0.42914858,0.0013498609,0.0034088239
20170429225610578.jpg,0,No DR,0,No DR,True,0.7518808,0.7518808,0.015811708,0.2304541,0.00018844467,0.0016648552
20170224211820615.jpg,0,No DR,0,No DR,True,0.56880015,0.56880015,0.0366821,0.3935413,0.00012726946,0.0008491572
007-1660-000.jpg,0,No DR,0,No DR,True,0.3953876,0.3953876,0.35230204,0.2513179,0.00011652137,0.000875952
20170427182524137.jpg,0,No DR,0,No DR,True,0.7627928,0.7627928,0.034634072,0.20193902,7.022808e-05,0.00056383124
007-7039-400.jpg,4,Proliferative,4,Proliferative,True,0.9524492,0.007318867,0.0039905296,0.035290558,0.00095082965,0.9524492
007-4852-300.jpg,2,Moderate,2,Moderate,True,0.5912989,0.08618397,0.15925577,0.5912989,0.062934086,0.100327365
20170424110805162.jpg,0,No DR,2,Moderate,False,0.49365726,0.2540071,0.23209912,0.49365726,0.015986908,0.0042496133
20170226210325463.jpg,0,No DR,0,No DR,True,0.56315994,0.56315994,0.123243965,0.30835998,0.0026239592,0.0026121957
20170429223552940.jpg,0,No DR,0,No DR,True,0.7043641,0.7043641,0.060181543,0.23324744,0.0012175781,0.0009893961
20170408215516624.jpg,0,No DR,0,No DR,True,0.5778143,0.5778143,0.09758033,0.32295522,0.0009054875,0.00074476196
007-2405-100.jpg,2,Moderate,1,Mild,False,0.42084798,0.348943,0.42084798,0.22956082,0.0003398306,0.00030829647
007-5888-300.jpg,2,Moderate,2,Moderate,True,0.9240725,0.0054045045,0.023225553,0.9240725,0.034611735,0.012685783
20170123093849026.jpg,0,No DR,0,No DR,True,0.6350555,0.6350555,0.22111358,0.14378017,1.8417122e-05,3.2358555e-05
20170429204444257.jpg,0,No DR,0,No DR,True,0.7886333,0.7886333,0.06451035,0.14560954,0.00022799411,0.0010188309
20170419084206917.jpg,0,No DR,0,No DR,True,0.663232,0.663232,0.19870822,0.1380543,1.3355669e-06,4.141367e-06
007-1143-000.jpg,0,No DR,0,No DR,True,0.43166494,0.43166494,0.17135909,0.3969227,5.572062e-06,4.7675076e-05
007-2870-100.jpg,2,Moderate,2,Moderate,True,0.7216812,0.11665312,0.011274699,0.7216812,0.00052314915,0.14986782
007-2896-100.jpg,2,Moderate,2,Moderate,True,0.56182444,0.39911878,0.032995503,0.56182444,0.00015218828,0.0059090457
007-6553-400.jpg,4,Proliferative,4,Proliferative,True,0.9184958,0.022841983,0.008160771,0.05038468,0.000116852876,0.9184958
20170327105311474.jpg,0,No DR,0,No DR,True,0.6201173,0.6201173,0.098787494,0.26969793,0.0008135185,0.010583769
007-1751-000.jpg,0,No DR,1,Mild,False,0.47890744,0.19845292,0.47890744,0.32242033,0.00016630205,5.295731e-05
007-3944-200.jpg,2,Moderate,2,Moderate,True,0.4627264,0.012221945,0.014599071,0.4627264,0.42907882,0.08137372
007-5713-300.jpg,2,Moderate,2,Moderate,True,0.42195937,0.37225786,0.18294775,0.42195937,0.0040671485,0.018767934
20170508100748104.jpg,2,Moderate,2,Moderate,True,0.59763753,0.33225706,0.05891689,0.59763753,0.007957765,0.003230799
007-3633-200.jpg,2,Moderate,2,Moderate,True,0.8125096,0.00073233125,0.0019400341,0.8125096,0.054910794,0.12990728
007-4499-200.jpg,2,Moderate,4,Proliferative,False,0.60044456,0.00051451713,0.0008704501,0.3934311,0.004739396,0.60044456
007-5585-300.jpg,2,Moderate,3,Severe,False,0.38265076,4.3571163e-05,0.00018420686,0.34716323,0.38265076,0.26995826
20170620113631654.jpg,2,Moderate,2,Moderate,True,0.72953075,0.05192122,0.06515657,0.72953075,0.116290174,0.03710129
007-6202-300.jpg,2,Moderate,2,Moderate,True,0.63645613,0.2720831,0.08868855,0.63645613,0.00023163839,0.002540587
20170510164850027.jpg,2,Moderate,2,Moderate,True,0.38865513,0.34872907,0.2455248,0.38865513,0.002599419,0.014491561
007-3520-200.jpg,2,Moderate,2,Moderate,True,0.55215746,1.8654915e-05,0.0001494164,0.55215746,0.35486528,0.092809126
007-1058-000.jpg,0,No DR,0,No DR,True,0.35817832,0.35817832,0.32699952,0.3143325,0.00022064126,0.0002689847
007-3112-100.jpg,2,Moderate,1,Mild,False,0.3924626,0.24056998,0.3924626,0.34200868,0.00010399575,0.024854716
007-5508-300.jpg,2,Moderate,2,Moderate,True,0.55830085,0.042162623,0.3714545,0.55830085,0.015440663,0.0126412725
007-5767-300.jpg,2,Moderate,2,Moderate,True,0.5682785,0.002381033,0.010277886,0.5682785,0.16242063,0.25664192
20170323092353758.jpg,0,No DR,0,No DR,True,0.8586626,0.8586626,0.01744552,0.12364833,1.4162149e-06,0.00024206955
007-2812-100.jpg,1,Mild,1,Mild,True,0.5365458,0.116351664,0.5365458,0.34402332,0.0029027348,0.00017650264
007-4435-200.jpg,2,Moderate,2,Moderate,True,0.6799858,0.071738504,0.018736731,0.6799858,0.01662372,0.21291521
20170627160255825.jpg,2,Moderate,2,Moderate,True,0.73500216,0.085686125,0.08817029,0.73500216,0.08969239,0.0014490631
007-3535-200.jpg,2,Moderate,2,Moderate,True,0.81424505,0.0104540065,0.022316836,0.81424505,0.01314981,0.13983437
007-7177-400.jpg,4,Proliferative,4,Proliferative,True,0.6834084,0.09113291,0.029045422,0.19633895,7.428422e-05,0.6834084
007-3308-200.jpg,2,Moderate,3,Severe,False,0.3857581,0.002674911,0.012556114,0.2634311,0.3857581,0.33557975
007-1788-100.jpg,2,Moderate,2,Moderate,True,0.5155087,0.37344754,0.030054493,0.5155087,0.00010395483,0.080885306
20170324112237946.jpg,0,No DR,0,No DR,True,0.48613638,0.48613638,0.27741277,0.23497407,0.00021321853,0.0012635875
007-5302-300.jpg,2,Moderate,2,Moderate,True,0.75202805,0.04227395,0.08400217,0.75202805,0.10786475,0.013831111
007-4337-200.jpg,3,Severe,4,Proliferative,False,0.41711542,0.0013897383,0.0032901035,0.3736,0.20460476,0.41711542
007-4060-200.jpg,2,Moderate,2,Moderate,True,0.8698742,0.0039653373,0.0017543599,0.8698742,0.0065227277,0.11788344
007-0465-000.jpg,0,No DR,0,No DR,True,0.514726,0.514726,0.111675374,0.3634833,0.007958983,0.0021564064
007-2163-100.jpg,1,Mild,0,No DR,False,0.53339154,0.53339154,0.15348263,0.3005226,0.009389266,0.0032139933
20170126115056314.jpg,0,No DR,0,No DR,True,0.56473583,0.56473583,0.07359455,0.35725173,0.0030480206,0.0013698674
007-7399-601.jpg,0,No DR,0,No DR,True,0.43284318,0.43284318,0.023746593,0.3632931,0.00070273224,0.17941444
20170428140421454.jpg,0,No DR,0,No DR,True,0.40060252,0.40060252,0.34566444,0.25168484,0.00044604918,0.0016021121
007-2605-100.jpg,2,Moderate,2,Moderate,True,0.5071963,0.031033574,0.0037812528,0.5071963,0.0021846697,0.45580423
20170411141738901.jpg,0,No DR,2,Moderate,False,0.4234555,0.3604609,0.20666754,0.4234555,0.0022237273,0.007192341
007-5339-300.jpg,2,Moderate,2,Moderate,True,0.65464586,0.08915928,0.17423812,0.65464586,0.046087265,0.035869442
20170221181155202.jpg,0,No DR,0,No DR,True,0.4899019,0.4899019,0.13874455,0.37132677,2.2952787e-05,3.9247743e-06
007-7359-601.jpg,0,No DR,0,No DR,True,0.55693805,0.55693805,0.0060961633,0.29550147,4.024483e-05,0.14142406
20170419121209408.jpg,0,No DR,0,No DR,True,0.4254151,0.4254151,0.37179366,0.19527301,9.836411e-05,0.007419816
007-4601-200.jpg,2,Moderate,2,Moderate,True,0.5129117,0.2604695,0.02479828,0.5129117,0.0023883905,0.19943213
007-2728-100.jpg,1,Mild,2,Moderate,False,0.40869728,0.33282822,0.25792226,0.40869728,0.00015667264,0.00039564515
20170608192955912.jpg,2,Moderate,2,Moderate,True,0.6233085,0.04704484,0.30800182,0.6233085,0.015741615,0.00590326
007-0166-000.jpg,0,No DR,0,No DR,True,0.4681319,0.4681319,0.10684429,0.42485154,9.605501e-06,0.00016265588
20170429211830286.jpg,0,No DR,0,No DR,True,0.548073,0.548073,0.06918698,0.33952108,0.03572755,0.0074914093
007-1984-100.jpg,2,Moderate,2,Moderate,True,0.56474376,0.23720329,0.19306369,0.56474376,0.0031408498,0.0018483835
20170418093855744.jpg,0,No DR,0,No DR,True,0.5591225,0.5591225,0.017294588,0.42216676,3.6326106e-05,0.0013798634
007-4033-200.jpg,2,Moderate,2,Moderate,True,0.60123545,0.035937034,0.20334764,0.60123545,0.038406808,0.121073015
007-1784-100.jpg,2,Moderate,2,Moderate,True,0.55514497,0.10972982,0.20586279,0.55514497,0.101811156,0.027451256
20170414125158502.jpg,0,No DR,0,No DR,True,0.59702975,0.59702975,0.25089172,0.15205184,1.8998358e-05,7.7137065e-06
20170224094042228.jpg,0,No DR,0,No DR,True,0.523497,0.523497,0.1907861,0.285677,5.864545e-06,3.4017652e-05
007-1791-100.jpg,1,Mild,0,No DR,False,0.46980986,0.46980986,0.12716044,0.39319062,3.119191e-05,0.009807901
007-8283-602.jpg,0,No DR,0,No DR,True,0.47829553,0.47829553,0.09502592,0.39100447,0.0018230994,0.03385098
007-3489-200.jpg,4,Proliferative,2,Moderate,False,0.39186156,0.00014098441,0.00091909146,0.39186156,0.28878334,0.318295
007-2975-100.jpg,2,Moderate,4,Proliferative,False,0.5008865,0.095533386,0.0128691215,0.38275617,0.007954721,0.5008865
20170426134414814.jpg,0,No DR,0,No DR,True,0.44594538,0.44594538,0.20943803,0.34060612,0.0020908136,0.0019196733
007-7826-601.jpg,0,No DR,0,No DR,True,0.5972893,0.5972893,0.12791179,0.26592636,0.00048675394,0.008385763
20170209131217406.jpg,0,No DR,0,No DR,True,0.5651334,0.5651334,0.14881724,0.28593418,2.635742e-05,8.886938e-05
20170324092621974.jpg,0,No DR,0,No DR,True,0.6259186,0.6259186,0.14380977,0.22989601,0.00027409068,0.0001015532
007-5979-300.jpg,2,Moderate,4,Proliferative,False,0.44974115,0.002219379,0.005235912,0.40284023,0.13996337,0.44974115
007-1473-000.jpg,0,No DR,0,No DR,True,0.5360625,0.5360625,0.27880707,0.18471122,0.000376146,4.3082284e-05
20170407225711491.jpg,0,No DR,0,No DR,True,0.74679273,0.74679273,0.060376644,0.19236,0.00025897508,0.00021159014
007-3675-200.jpg,3,Severe,3,Severe,True,0.5783352,0.00053588435,0.0018518475,0.19501832,0.5783352,0.22425866
20170223171624239.jpg,0,No DR,2,Moderate,False,0.56190205,0.31672108,0.07397381,0.56190205,0.046036813,0.001366258
20170407222732099.jpg,0,No DR,0,No DR,True,0.4724664,0.4724664,0.114586286,0.40317413,0.0051498893,0.0046232655
20170407092714011.jpg,0,No DR,0,No DR,True,0.47897056,0.47897056,0.04442782,0.4683982,5.0349627e-05,0.008152988
20170427204739830.jpg,0,No DR,0,No DR,True,0.5755374,0.5755374,0.19127011,0.23129816,0.0011625536,0.0007317987
20170226204323282.jpg,0,No DR,2,Moderate,False,0.5112712,0.34437576,0.11508164,0.5112712,0.018283857,0.0109876
007-3357-200.jpg,2,Moderate,2,Moderate,True,0.59982073,0.2704776,0.1257259,0.59982073,0.0012813313,0.0026944764
007-4756-200.jpg,3,Severe,4,Proliferative,False,0.4093654,0.00041883482,0.0023612285,0.1937299,0.3941246,0.4093654
20170331094944004.jpg,0,No DR,0,No DR,True,0.68208724,0.68208724,0.11783507,0.19884963,0.00017216965,0.0010558919
007-1906-100.jpg,1,Mild,2,Moderate,False,0.6657728,0.12362176,0.16645063,0.6657728,0.0011507433,0.04300406
20170427194205437.jpg,0,No DR,1,Mild,False,0.5265609,0.33538985,0.5265609,0.13732459,0.0006342121,9.043191e-05
20170327094658211.jpg,0,No DR,0,No DR,True,0.847948,0.847948,0.009762786,0.13852434,1.6772365e-05,0.0037480337
007-4109-200.jpg,2,Moderate,2,Moderate,True,0.69019943,0.0050076777,0.0064577106,0.69019943,0.041601926,0.25673318
007-2665-100.jpg,1,Mild,2,Moderate,False,0.42739463,0.31466475,0.24686009,0.42739463,0.0064444747,0.0046359985
007-3084-100.jpg,1,Mild,1,Mild,True,0.46718314,0.13416713,0.46718314,0.39742002,0.0011483544,8.1320824e-05
20170329140733147.jpg,0,No DR,0,No DR,True,0.5412098,0.5412098,0.098806754,0.35927135,0.0001039483,0.0006080611
20170514222421801.jpg,2,Moderate,2,Moderate,True,0.6414588,0.10311001,0.14774413,0.6414588,0.080833,0.026854048
007-3286-200.jpg,3,Severe,3,Severe,True,0.63317215,5.041492e-05,0.00027460497,0.1423238,0.63317215,0.22417897
20170512164041374.jpg,2,Moderate,2,Moderate,True,0.5175549,0.4023296,0.07844354,0.5175549,0.0009679613,0.0007040695
20170505142937028.jpg,2,Moderate,2,Moderate,True,0.46803594,0.43106064,0.09646297,0.46803594,0.0027232114,0.0017172041
007-0183-000.jpg,0,No DR,0,No DR,True,0.44459948,0.44459948,0.20479313,0.34823623,0.00016644305,0.0022046452
20170411141618693.jpg,0,No DR,2,Moderate,False,0.41209036,0.32145804,0.26091275,0.41209036,0.002436851,0.0031020138
007-1739-000.jpg,0,No DR,0,No DR,True,0.41427463,0.41427463,0.26449898,0.3184182,0.00041174432,0.0023964443
007-0252-000.jpg,0,No DR,0,No DR,True,0.6989699,0.6989699,0.041143846,0.25025493,0.001584398,0.00804702
007-6537-400.jpg,4,Proliferative,4,Proliferative,True,0.60799503,0.0019433727,0.0061810073,0.36521575,0.018664816,0.60799503
20170428161920057.jpg,0,No DR,0,No DR,True,0.5417343,0.5417343,0.08378246,0.36864743,2.0047264e-05,0.0058157803
007-0934-000.jpg,0,No DR,0,No DR,True,0.52850556,0.52850556,0.18559451,0.28588736,6.303625e-07,1.1950713e-05
20170407230059827.jpg,0,No DR,0,No DR,True,0.7081974,0.7081974,0.06658921,0.22032093,0.0015597871,0.0033327064
007-2767-100.jpg,2,Moderate,2,Moderate,True,0.64884394,0.17477769,0.08873443,0.64884394,0.05670441,0.030939486
20170430200328771.jpg,0,No DR,0,No DR,True,0.7229379,0.7229379,0.075536154,0.20076953,0.0006017944,0.00015460754
20170224105350078.jpg,0,No DR,2,Moderate,False,0.51488507,0.35719427,0.1242462,0.51488507,0.003606319,6.8188936e-05
20170412202015432.jpg,0,No DR,0,No DR,True,0.38472474,0.38472474,0.30249777,0.31260842,6.252158e-05,0.000106601285
20170428104127977.jpg,0,No DR,0,No DR,True,0.46325615,0.46325615,0.17898256,0.35434365,0.00090815214,0.0025094645
007-2219-100.jpg,2,Moderate,2,Moderate,True,0.7039322,0.24498235,0.039451204,0.7039322,0.00611878,0.005515472
007-0760-000.jpg,0,No DR,0,No DR,True,0.55033493,0.55033493,0.21239875,0.22937503,0.007428987,0.00046233085
007-3680-200.jpg,2,Moderate,2,Moderate,True,0.6706327,0.0069962516,0.004193084,0.6706327,0.020533819,0.2976442
007-6262-300.jpg,2,Moderate,2,Moderate,True,0.54226935,0.00043972707,0.014086655,0.54226935,0.13252266,0.31068158
007-3953-200.jpg,2,Moderate,2,Moderate,True,0.52824354,0.31196904,0.10441426,0.52824354,0.004315734,0.05105741
20170427184100996.jpg,0,No DR,0,No DR,True,0.7398973,0.7398973,0.068918556,0.1890014,0.00052531285,0.0016574224
20170424154404784.jpg,0,No DR,0,No DR,True,0.5917184,0.5917184,0.07716866,0.33101848,9.270174e-06,8.5118096e-05
20170427084916453.jpg,0,No DR,0,No DR,True,0.7058102,0.7058102,0.049413573,0.24415015,6.0482187e-05,0.000565563
007-4038-200.jpg,2,Moderate,2,Moderate,True,0.8135917,0.005257678,0.022002893,0.8135917,0.0012492263,0.15789849
20170310115514054.jpg,0,No DR,2,Moderate,False,0.4068536,0.3368142,0.24235539,0.4068536,0.0100463275,0.0039304835
20170427182316762.jpg,0,No DR,0,No DR,True,0.581798,0.581798,0.08974644,0.32382375,0.000259567,0.004372251
20170406100959075.jpg,0,No DR,0,No DR,True,0.5882077,0.5882077,0.05501132,0.35145018,1.2252305e-05,0.005318508
20170429202702212.jpg,0,No DR,0,No DR,True,0.8273723,0.8273723,0.027382715,0.14140269,0.002799449,0.0010428105
007-0722-000.jpg,0,No DR,0,No DR,True,0.5525388,0.5525388,0.1339853,0.31232548,7.325243e-05,0.0010771462
007-3397-200.jpg,2,Moderate,2,Moderate,True,0.7741703,0.05250046,0.063636035,0.7741703,0.025335284,0.084357955
20170224093843434.jpg,0,No DR,0,No DR,True,0.5248138,0.5248138,0.09056708,0.38402182,3.4229837e-05,0.00056306145
20170427180631672.jpg,0,No DR,0,No DR,True,0.7450306,0.7450306,0.04635505,0.20232926,0.00067300524,0.005612084
007-0356-000.jpg,0,No DR,0,No DR,True,0.7260611,0.7260611,0.045088973,0.22881316,5.3800245e-06,3.140987e-05
20170620192226934.jpg,2,Moderate,2,Moderate,True,0.4314231,0.16913943,0.3991877,0.4314231,0.00016917704,8.06062e-05
20170215094438125.jpg,0,No DR,0,No DR,True,0.63712835,0.63712835,0.019035356,0.33972305,0.000116128715,0.0039970027
20170329140824088.jpg,0,No DR,0,No DR,True,0.46745244,0.46745244,0.21745533,0.31461862,4.3696524e-05,0.0004298567
007-1081-000.jpg,0,No DR,0,No DR,True,0.66204995,0.66204995,0.07811476,0.25924876,3.232638e-05,0.00055417826
20170410101007742.jpg,0,No DR,0,No DR,True,0.66045266,0.66045266,0.14028516,0.19909617,7.1476848e-06,0.00015877164
20170502160448258.jpg,2,Moderate,2,Moderate,True,0.45943576,0.35763726,0.13586457,0.45943576,0.045508105,0.0015543303
20170227233735201.jpg,0,No DR,0,No DR,True,0.55173236,0.55173236,0.07998269,0.35481137,0.0048976457,0.008575914
007-0373-000.jpg,0,No DR,0,No DR,True,0.68319374,0.68319374,0.15138268,0.16536069,2.7774286e-05,3.5192992e-05
007-6082-300.jpg,2,Moderate,2,Moderate,True,0.4471092,0.16872731,0.3829606,0.4471092,3.3448086e-05,0.0011694402
007-0814-000.jpg,0,No DR,2,Moderate,False,0.4252638,0.32200104,0.2375834,0.4252638,0.0053996663,0.009752087
007-4951-300.jpg,2,Moderate,2,Moderate,True,0.72678614,0.0067462106,0.020714086,0.72678614,0.1870146,0.058738973
20170328093142139.jpg,0,No DR,0,No DR,True,0.722022,0.722022,0.02989192,0.2480612,2.191752e-06,2.275579e-05
007-6373-400.jpg,4,Proliferative,4,Proliferative,True,0.69345385,0.0073315445,0.024761606,0.2269385,0.04751448,0.69345385
007-1857-100.jpg,1,Mild,0,No DR,False,0.5029327,0.5029327,0.106990136,0.38887036,0.00010752165,0.001099181
20161112011316860.jpg,0,No DR,2,Moderate,False,0.3829144,0.3335645,0.14875959,0.3829144,0.00040129176,0.13436025
20170427184307500.jpg,0,No DR,0,No DR,True,0.6113754,0.6113754,0.11034277,0.2378494,0.0031283256,0.03730413
20170331082944429.jpg,0,No DR,0,No DR,True,0.5300664,0.5300664,0.23375927,0.2352501,0.00033808762,0.00058610935
20170409200135732.jpg,0,No DR,0,No DR,True,0.76350105,0.76350105,0.03677731,0.1990893,2.9024322e-06,0.00062948867
20170429221140502.jpg,0,No DR,0,No DR,True,0.6485292,0.6485292,0.06468663,0.25887772,0.016229182,0.0116772875
007-6092-300.jpg,2,Moderate,2,Moderate,True,0.7577776,0.0286565,0.18418388,0.7577776,0.026354197,0.0030277916
007-1884-100.jpg,1,Mild,2,Moderate,False,0.4065897,0.08280945,0.2729265,0.4065897,0.019728031,0.21794632
007-7254-400.jpg,4,Proliferative,4,Proliferative,True,0.7594749,0.001736479,0.00067916344,0.2347853,0.0033241422,0.7594749
20170429210635256.jpg,0,No DR,0,No DR,True,0.6374886,0.6374886,0.14426817,0.21294819,0.0005742099,0.0047208406
20170120221455053.jpg,0,No DR,0,No DR,True,0.43610457,0.43610457,0.2247049,0.33899534,4.0281484e-05,0.00015485389
20170216104033730.jpg,0,No DR,2,Moderate,False,0.43909514,0.43037894,0.12805007,0.43909514,0.001551673,0.0009241745
007-5904-300.jpg,3,Severe,3,Severe,True,0.49714813,8.625461e-05,0.00045314027,0.17418177,0.49714813,0.3281307
20170526155853592.jpg,2,Moderate,2,Moderate,True,0.6905608,0.20386134,0.09626293,0.6905608,0.007826713,0.001488206
007-1480-000.jpg,0,No DR,0,No DR,True,0.4302552,0.4302552,0.26095727,0.307021,0.00037816964,0.0013884343
20170505100940129.jpg,2,Moderate,2,Moderate,True,0.5058398,0.045782965,0.040236406,0.5058398,0.33693993,0.07120083
007-6203-300.jpg,2,Moderate,2,Moderate,True,0.47444966,0.0039338847,0.01568707,0.47444966,0.097808056,0.40812138
007-1014-000.jpg,0,No DR,0,No DR,True,0.43671143,0.43671143,0.30092084,0.26165023,6.704749e-05,0.0006503708
20170515154652425.jpg,2,Moderate,2,Moderate,True,0.547953,0.06745756,0.12749994,0.547953,0.24643077,0.010658742
007-6482-400.jpg,4,Proliferative,4,Proliferative,True,0.9533889,0.0049452465,0.00544661,0.036014903,0.00020430154,0.9533889
20170525100055762.jpg,2,Moderate,2,Moderate,True,0.88458604,0.022982717,0.032235984,0.88458604,0.011683486,0.048511777
20170221162452021.jpg,0,No DR,1,Mild,False,0.48548096,0.09996166,0.48548096,0.40628567,0.00077355595,0.007498144
007-4978-300.jpg,2,Moderate,2,Moderate,True,0.89523196,0.04169354,0.058475703,0.89523196,0.0013217212,0.0032770415
20170427185709099.jpg,0,No DR,0,No DR,True,0.6425767,0.6425767,0.076604374,0.27751935,0.00042165627,0.0028779565
007-5189-300.jpg,2,Moderate,2,Moderate,True,0.8282231,0.017066998,0.028824028,0.8282231,0.055381056,0.0705048
007-3768-200.jpg,2,Moderate,2,Moderate,True,0.6022549,0.21525116,0.07539985,0.6022549,0.023723919,0.083370134
007-1581-000.jpg,0,No DR,1,Mild,False,0.45195362,0.20368336,0.45195362,0.34036112,0.0034641065,0.00053783
20170518194046765.jpg,2,Moderate,0,No DR,False,0.5718492,0.5718492,0.17957807,0.24810646,0.00031456328,0.0001515947
20170430191111763.jpg,0,No DR,0,No DR,True,0.79009867,0.79009867,0.024976172,0.17900153,0.00026082742,0.005662842
007-0648-000.jpg,0,No DR,0,No DR,True,0.46286327,0.46286327,0.07544009,0.45396873,0.00017986729,0.0075480873
007-5940-300.jpg,2,Moderate,2,Moderate,True,0.46807113,0.0020095378,0.013158138,0.46807113,0.32065815,0.19610304
20170427180154699.jpg,0,No DR,0,No DR,True,0.71794397,0.71794397,0.044966042,0.23122749,0.0030986941,0.002763907
007-3480-200.jpg,2,Moderate,1,Mild,False,0.4901442,0.107385546,0.4901442,0.39735296,0.0030335425,0.0020836887
20170518092223117.jpg,2,Moderate,0,No DR,False,0.3963605,0.3963605,0.25027907,0.3517685,0.0011719024,0.00042004877
007-6767-400.jpg,4,Proliferative,4,Proliferative,True,0.95297563,0.0015707895,0.0006693498,0.044648476,0.00013571717,0.95297563
20170223114525878.jpg,0,No DR,0,No DR,True,0.55290914,0.55290914,0.09744992,0.34886762,0.00032132718,0.00045195714
007-2617-100.jpg,1,Mild,1,Mild,True,0.63693196,0.14947814,0.63693196,0.21231383,0.0005488343,0.0007272031
007-3906-200.jpg,2,Moderate,2,Moderate,True,0.67670554,0.0031015093,0.004065737,0.67670554,0.023977067,0.2921502
007-2327-100.jpg,2,Moderate,1,Mild,False,0.52154654,0.17054476,0.52154654,0.2986373,0.0038799688,0.005391462
007-0194-000.jpg,0,No DR,0,No DR,True,0.5439799,0.5439799,0.10276844,0.3530992,0.00010242345,5.003712e-05
007-5706-300.jpg,3,Severe,2,Moderate,False,0.5145992,0.029400807,0.0033258894,0.5145992,0.01181436,0.44085974
20170407225718912.jpg,0,No DR,0,No DR,True,0.61060035,0.61060035,0.06526314,0.32055545,0.0010163966,0.0025647175
007-1900-100.jpg,1,Mild,1,Mild,True,0.5166222,0.112904824,0.5166222,0.36272848,0.0050727515,0.0026718194
20170429205459908.jpg,0,No DR,0,No DR,True,0.812923,0.812923,0.027443258,0.15743066,0.000484521,0.0017184666
20170327112658379.jpg,0,No DR,0,No DR,True,0.6964185,0.6964185,0.053170282,0.24942803,3.8384394e-05,0.00094483705
20170430191106662.jpg,0,No DR,0,No DR,True,0.8176269,0.8176269,0.03504862,0.14529586,7.052659e-05,0.001958183
20170413081228371.jpg,0,No DR,0,No DR,True,0.45849776,0.45849776,0.09785703,0.4433717,0.00021384693,5.9654696e-05
007-1252-000.jpg,0,No DR,0,No DR,True,0.46834522,0.46834522,0.21077488,0.30874068,0.0010060334,0.011133147
007-1463-000.jpg,0,No DR,2,Moderate,False,0.3508413,0.33350572,0.3149195,0.3508413,0.00010725539,0.0006261957
007-5588-300.jpg,2,Moderate,2,Moderate,True,0.6532211,0.12698206,0.11096829,0.6532211,0.03885682,0.06997176
20170407231610478.jpg,0,No DR,0,No DR,True,0.6308821,0.6308821,0.075485304,0.29048532,0.000643499,0.0025037727
007-7245-400.jpg,4,Proliferative,4,Proliferative,True,0.62768716,0.00052706426,0.0003270108,0.32675874,0.044699974,0.62768716
20170206090155113.jpg,0,No DR,0,No DR,True,0.4701137,0.4701137,0.089947306,0.4363197,5.439509e-05,0.003564887
20170327132740881.jpg,0,No DR,0,No DR,True,0.5564143,0.5564143,0.14098638,0.30138934,0.00060373434,0.000606262
007-6374-400.jpg,4,Proliferative,4,Proliferative,True,0.70077264,0.034893002,0.04316325,0.20964345,0.0115276305,0.70077264
007-3502-200.jpg,2,Moderate,2,Moderate,True,0.5021766,0.084224485,0.39235556,0.5021766,0.009038537,0.012204824
007-0651-000.jpg,2,Moderate,0,No DR,False,0.44407707,0.44407707,0.18294162,0.37140122,5.7481597e-05,0.001522532
20170324074536077.jpg,0,No DR,0,No DR,True,0.5031832,0.5031832,0.31834513,0.17845242,9.439282e-07,1.8311506e-05
007-2512-100.jpg,0,No DR,2,Moderate,False,0.5310093,0.3834765,0.030297939,0.5310093,0.0006453643,0.05457094
20170427083333838.jpg,0,No DR,0,No DR,True,0.7867489,0.7867489,0.03118969,0.18160166,2.1456173e-05,0.0004382399
007-0271-000.jpg,0,No DR,0,No DR,True,0.6815261,0.6815261,0.047527067,0.2705931,5.187076e-05,0.000301914
20170413112528859.jpg,0,No DR,2,Moderate,False,0.52910095,0.27491498,0.17449516,0.52910095,0.011490518,0.009998387
007-1133-000.jpg,0,No DR,0,No DR,True,0.58680797,0.58680797,0.15853539,0.2504176,0.00015088412,0.0040882095
007-4654-200.jpg,2,Moderate,2,Moderate,True,0.7573625,0.068356864,0.0014159597,0.7573625,0.00024009503,0.1726246
007-5390-300.jpg,2,Moderate,2,Moderate,True,0.5753671,0.005607387,0.024244241,0.5753671,0.22888099,0.16590035
20170427084825832.jpg,0,No DR,2,Moderate,False,0.46698898,0.46670917,0.06623774,0.46698898,7.6247147e-06,5.6503613e-05
007-0355-000.jpg,0,No DR,0,No DR,True,0.7361339,0.7361339,0.07995022,0.18389195,7.5018866e-06,1.6435066e-05
007-1892-100.jpg,0,No DR,2,Moderate,False,0.42869523,0.2772391,0.29258507,0.42869523,0.0002820256,0.0011985522
007-1047-000.jpg,1,Mild,0,No DR,False,0.3944177,0.3944177,0.3507146,0.25254458,0.00048932043,0.0018338425
007-1160-000.jpg,0,No DR,2,Moderate,False,0.46087828,0.3870991,0.09865164,0.46087828,0.0018294204,0.05154147
20170221182209349.jpg,0,No DR,0,No DR,True,0.5334177,0.5334177,0.25143215,0.2151318,1.0185125e-05,8.150688e-06
007-3476-200.jpg,2,Moderate,2,Moderate,True,0.6930405,0.0008509083,0.0067446074,0.6930405,0.23863773,0.060726263
20170324103451027.jpg,0,No DR,0,No DR,True,0.83911616,0.83911616,0.010700495,0.14973342,1.9261166e-05,0.0004305936
007-2041-100.jpg,1,Mild,1,Mild,True,0.914267,0.031615216,0.914267,0.053801253,0.00026434736,5.226623e-05
007-1608-000.jpg,0,No DR,0,No DR,True,0.55802447,0.55802447,0.10293273,0.33903983,1.5863499e-06,1.3803757e-06
20170428112733694.jpg,0,No DR,0,No DR,True,0.6417465,0.6417465,0.08935794,0.26889127,1.8006791e-06,2.4672058e-06
20170409201713241.jpg,0,No DR,0,No DR,True,0.51382333,0.51382333,0.018423177,0.46303394,0.00012216,0.0045973444
007-2099-100.jpg,2,Moderate,2,Moderate,True,0.49395484,0.44016623,0.056218952,0.49395484,0.0028786464,0.0067812717
20170411095212766.jpg,0,No DR,0,No DR,True,0.42985383,0.42985383,0.21032158,0.3587818,0.00024401347,0.00079878414
007-6387-400.jpg,4,Proliferative,2,Moderate,False,0.6660206,0.009293582,0.0015869458,0.6660206,0.02070661,0.30239227
20170324112903585.jpg,0,No DR,0,No DR,True,0.4089872,0.4089872,0.30856583,0.28163555,0.00038388468,0.00042759543
007-6290-400.jpg,4,Proliferative,4,Proliferative,True,0.86642635,0.016661108,0.012619383,0.10121528,0.0030779778,0.86642635
007-6653-400.jpg,4,Proliferative,2,Moderate,False,0.61215913,0.18966,0.08752895,0.61215913,0.013050659,0.09760127
20170418085547338.jpg,0,No DR,1,Mild,False,0.44810572,0.1876288,0.44810572,0.3618385,0.0019726458,0.000454345
20170222150127823.jpg,0,No DR,0,No DR,True,0.44024777,0.44024777,0.21077722,0.34519434,0.0021906735,0.0015899559
007-7169-400.jpg,4,Proliferative,4,Proliferative,True,0.9322195,0.0053694327,0.0048225154,0.057350647,0.00023781751,0.9322195
007-0138-000.jpg,0,No DR,0,No DR,True,0.588301,0.588301,0.033110913,0.37689254,2.5533565e-05,0.001670019
20170213140105432.jpg,0,No DR,0,No DR,True,0.62772363,0.62772363,0.1245959,0.24420483,0.00016452436,0.0033110667
007-5022-300.jpg,2,Moderate,2,Moderate,True,0.5395353,0.26000625,0.19584876,0.5395353,0.0028654009,0.0017442633
007-5166-300.jpg,2,Moderate,2,Moderate,True,0.6382339,0.0872173,0.013249406,0.6382339,0.026565194,0.23473424
20170324081122857.jpg,0,No DR,0,No DR,True,0.62200326,0.62200326,0.05068213,0.32595778,0.00020538767,0.0011514277
007-6345-400.jpg,4,Proliferative,2,Moderate,False,0.47151047,0.40616545,0.11158567,0.47151047,0.005892599,0.004845819
007-7019-400.jpg,4,Proliferative,4,Proliferative,True,0.7187401,0.0009136648,0.0039653853,0.15340512,0.12297564,0.7187401
20170426134053910.jpg,0,No DR,2,Moderate,False,0.6726221,0.14269684,0.14799951,0.6726221,0.031185292,0.005496272
007-3707-200.jpg,3,Severe,3,Severe,True,0.5541427,0.016696455,0.11317472,0.28662774,0.5541427,0.029358393
007-1208-000.jpg,0,No DR,0,No DR,True,0.5122599,0.5122599,0.11663406,0.36999765,1.2589278e-05,0.0010958335
007-4741-200.jpg,2,Moderate,3,Severe,False,0.6015169,0.001063946,0.007837504,0.3071133,0.6015169,0.08246835
20170328110810910.jpg,0,No DR,0,No DR,True,0.48507884,0.48507884,0.10109707,0.41377288,2.212846e-05,2.9103103e-05
007-7909-601.jpg,0,No DR,0,No DR,True,0.5714167,0.5714167,0.12365592,0.2967886,0.00018941557,0.007949413
007-6435-400.jpg,4,Proliferative,2,Moderate,False,0.4540905,0.27082977,0.012272093,0.4540905,0.002112348,0.26069534
20170430201146788.jpg,0,No DR,0,No DR,True,0.6369622,0.6369622,0.12472996,0.22054541,0.015126855,0.0026355688
20170622194345227.jpg,2,Moderate,2,Moderate,True,0.6642877,0.19617267,0.1327608,0.6642877,0.005159875,0.0016190329
007-6839-400.jpg,4,Proliferative,4,Proliferative,True,0.89030135,0.0003203601,0.0022352147,0.09595921,0.011183794,0.89030135
007-3174-100.jpg,1,Mild,1,Mild,True,0.6186355,0.10394812,0.6186355,0.2772808,9.3694434e-05,4.194732e-05
20170629195829257.jpg,2,Moderate,2,Moderate,True,0.620546,0.20746435,0.1712209,0.620546,0.00066711474,0.000101629914
20170412085139692.jpg,0,No DR,0,No DR,True,0.50699973,0.50699973,0.11672752,0.37527132,0.00038461905,0.0006167538
007-6359-400.jpg,4,Proliferative,4,Proliferative,True,0.923529,0.005603084,0.01504673,0.05401651,0.0018046899,0.923529
20170430201123607.jpg,0,No DR,0,No DR,True,0.7895845,0.7895845,0.027710525,0.18171541,0.0004785214,0.00051096384
20170429224633848.jpg,0,No DR,0,No DR,True,0.74935174,0.74935174,0.03234708,0.215227,0.00027816577,0.0027960371
007-0607-000.jpg,0,No DR,0,No DR,True,0.6094804,0.6094804,0.09742329,0.29234713,0.0002175365,0.0005315942
007-3053-100.jpg,0,No DR,0,No DR,True,0.36637533,0.36637533,0.3206743,0.31202257,3.96689e-05,0.00088814314
007-5482-300.jpg,3,Severe,2,Moderate,False,0.72327507,0.120517105,0.061683957,0.72327507,0.051319342,0.04320457
007-3486-200.jpg,2,Moderate,2,Moderate,True,0.857084,0.0065725558,0.013047226,0.857084,0.0039169644,0.11937927
007-2972-100.jpg,0,No DR,2,Moderate,False,0.52677584,0.34770793,0.029568566,0.52677584,0.00017660108,0.09577101
20170424162044012.jpg,0,No DR,0,No DR,True,0.47643828,0.47643828,0.113950714,0.4093408,4.627997e-06,0.00026554818
007-3419-200.jpg,2,Moderate,2,Moderate,True,0.57417625,0.05954358,0.041252144,0.57417625,0.028656663,0.29637134
007-2678-100.jpg,2,Moderate,2,Moderate,True,0.6414602,0.20479183,0.13274401,0.6414602,0.009991665,0.011012309
20170413162943058.jpg,0,No DR,0,No DR,True,0.5530599,0.5530599,0.12267566,0.3123675,0.00010976065,0.011787201
007-7631-601.jpg,2,Moderate,4,Proliferative,False,0.40829116,0.2595027,0.0041318433,0.32745266,0.0006216853,0.40829116
20170429202215267.jpg,0,No DR,0,No DR,True,0.68887895,0.68887895,0.026089165,0.23733225,0.0026346766,0.04506488
007-5583-300.jpg,2,Moderate,2,Moderate,True,0.5589826,0.087709695,0.25700808,0.5589826,0.03412196,0.062177688
007-0327-000.jpg,0,No DR,0,No DR,True,0.68474793,0.68474793,0.12557493,0.18830886,0.0011172043,0.0002510984
007-0491-000.jpg,0,No DR,0,No DR,True,0.45630425,0.45630425,0.25577742,0.2872798,0.00013871632,0.0004997869
20170223171925324.jpg,0,No DR,0,No DR,True,0.70571166,0.70571166,0.041418534,0.24883057,0.0013212201,0.002718092
007-4267-200.jpg,2,Moderate,2,Moderate,True,0.43217453,0.07821909,0.41777843,0.43217453,0.044884536,0.02694333
20170216092815706.jpg,0,No DR,2,Moderate,False,0.41160622,0.40859827,0.17964959,0.41160622,3.3911314e-05,0.00011196932
007-2023-100.jpg,2,Moderate,2,Moderate,True,0.48883358,0.12160072,0.38310492,0.48883358,0.0007829202,0.0056778416
007-1952-100.jpg,2,Moderate,2,Moderate,True,0.452475,0.120376684,0.3742495,0.452475,0.050166827,0.0027319214
007-8171-601.jpg,2,Moderate,4,Proliferative,False,0.48776534,0.08432297,0.0050005955,0.4179071,0.0050040376,0.48776534
007-0195-000.jpg,0,No DR,0,No DR,True,0.44769606,0.44769606,0.33118343,0.22109462,4.8977554e-06,2.0971247e-05
007-2848-100.jpg,1,Mild,2,Moderate,False,0.49873215,0.26344475,0.23086827,0.49873215,0.0046211965,0.002333617
007-1620-000.jpg,0,No DR,1,Mild,False,0.4281183,0.3318483,0.4281183,0.23970549,0.00014719914,0.0001807087
007-1815-100.jpg,2,Moderate,2,Moderate,True,0.7326348,0.087327905,0.16687337,0.7326348,0.012007533,0.0011564262
007-7018-400.jpg,4,Proliferative,4,Proliferative,True,0.94098103,5.1945983e-05,0.0002395194,0.057033487,0.001694021,0.94098103
007-6015-300.jpg,2,Moderate,2,Moderate,True,0.8023515,0.018583847,0.024187567,0.8023515,0.08550025,0.06937687
20170502092651558.jpg,2,Moderate,2,Moderate,True,0.51913667,0.3327606,0.14194623,0.51913667,0.00092254294,0.0052340385
20170221102343670.jpg,0,No DR,0,No DR,True,0.591718,0.591718,0.22703148,0.18124066,9.1973914e-07,8.95498e-06
007-6563-400.jpg,4,Proliferative,4,Proliferative,True,0.900397,0.02701623,0.007279647,0.06518339,0.00012380164,0.900397
20170511191633744.jpg,2,Moderate,1,Mild,False,0.39104557,0.32980314,0.39104557,0.275453,0.001996512,0.0017017011
007-3472-200.jpg,2,Moderate,2,Moderate,True,0.67578363,0.0109964395,0.04465789,0.67578363,0.035151877,0.23341024
007-0149-000.jpg,0,No DR,2,Moderate,False,0.52699894,0.3927523,0.080094285,0.52699894,1.5523558e-05,0.0001388624
007-1258-000.jpg,0,No DR,0,No DR,True,0.5223507,0.5223507,0.2735622,0.19991975,0.00017326232,0.0039941156
007-4431-200.jpg,2,Moderate,2,Moderate,True,0.72296715,0.008736373,0.0009796825,0.72296715,0.0010162548,0.26630053
007-0225-000.jpg,0,No DR,0,No DR,True,0.5977786,0.5977786,0.15105197,0.24892528,0.00028916952,0.0019549693
20170407155054318.jpg,0,No DR,0,No DR,True,0.6285013,0.6285013,0.116550244,0.25489467,4.370819e-05,1.006189e-05
20170328094455218.jpg,0,No DR,0,No DR,True,0.71973455,0.71973455,0.023471419,0.25609416,4.674232e-05,0.000653161
007-4534-200.jpg,2,Moderate,2,Moderate,True,0.6574331,0.005197684,0.0014063282,0.6574331,0.011680417,0.32428247
007-3219-100.jpg,2,Moderate,2,Moderate,True,0.58883387,0.356194,0.029482538,0.58883387,6.170072e-05,0.025427898
20170410153215997.jpg,0,No DR,0,No DR,True,0.5316982,0.5316982,0.2322892,0.235769,3.0030762e-06,0.0002405109
20170421173701466.jpg,0,No DR,0,No DR,True,0.5723966,0.5723966,0.10312237,0.32404327,1.2922381e-05,0.0004248762
007-5441-300.jpg,2,Moderate,3,Severe,False,0.6259274,0.0012104099,0.003172929,0.31050584,0.6259274,0.059183456
007-0707-000.jpg,0,No DR,2,Moderate,False,0.460558,0.3103249,0.22798744,0.460558,0.0004654479,0.0006642178
007-4615-200.jpg,2,Moderate,2,Moderate,True,0.66372216,0.07588092,0.0077396873,0.66372216,0.0027352339,0.24992199
20170518140513017.jpg,2,Moderate,2,Moderate,True,0.7601088,0.014162541,0.0393167,0.7601088,0.0030401682,0.18337177
007-4948-300.jpg,2,Moderate,1,Mild,False,0.5433668,0.1634888,0.5433668,0.2921497,0.0002592306,0.00073548406
007-2846-100.jpg,1,Mild,2,Moderate,False,0.58407664,0.17099744,0.1462594,0.58407664,0.09251703,0.0061494545
20170410120320427.jpg,0,No DR,0,No DR,True,0.51779574,0.51779574,0.110529326,0.36765423,0.00018597966,0.0038346734
007-0628-000.jpg,0,No DR,1,Mild,False,0.5630343,0.20351222,0.5630343,0.23061374,0.00047409887,0.0023656173
20170429205809104.jpg,0,No DR,0,No DR,True,0.6388599,0.6388599,0.09985135,0.25522146,0.0009514687,0.005115802
007-4460-200.jpg,2,Moderate,2,Moderate,True,0.4861687,0.2353857,0.009050424,0.4861687,0.0032380333,0.2661571
20170429222421625.jpg,0,No DR,0,No DR,True,0.6818818,0.6818818,0.07231442,0.23989038,0.0033889585,0.0025244355
20170429212410445.jpg,0,No DR,0,No DR,True,0.7281391,0.7281391,0.04491397,0.22306521,0.00036006825,0.0035215674
007-6395-400.jpg,4,Proliferative,4,Proliferative,True,0.5439166,0.00362602,0.0029840088,0.44395426,0.005519156,0.5439166
007-6193-300.jpg,2,Moderate,3,Severe,False,0.55353826,0.00049051223,0.0026472863,0.38809064,0.55353826,0.05523332
007-5663-300.jpg,2,Moderate,2,Moderate,True,0.73058474,0.03469962,0.0038522724,0.73058474,0.042431194,0.18843217
007-6529-400.jpg,4,Proliferative,2,Moderate,False,0.59381074,0.007700779,0.008850825,0.59381074,0.027395789,0.3622419
007-0096-000.jpg,1,Mild,1,Mild,True,0.37498003,0.26268652,0.37498003,0.34634146,0.008122337,0.007869699
20170522102550409.jpg,2,Moderate,2,Moderate,True,0.7506664,0.14069778,0.09259905,0.7506664,0.014378455,0.0016583399
007-2201-100.jpg,1,Mild,2,Moderate,False,0.5415436,0.051008902,0.2683203,0.5415436,0.13845365,0.0006735522
007-0272-000.jpg,0,No DR,0,No DR,True,0.49602512,0.49602512,0.23463489,0.26874936,0.0002719192,0.00031876616
007-6352-400.jpg,4,Proliferative,4,Proliferative,True,0.72659194,0.01953606,0.0012260784,0.24999762,0.0026482358,0.72659194
007-4049-200.jpg,2,Moderate,2,Moderate,True,0.5266556,0.40457025,0.05427593,0.5266556,0.0014890099,0.013009206
20170210165326134.jpg,0,No DR,2,Moderate,False,0.40715167,0.39482468,0.19511992,0.40715167,0.0026132201,0.00029052343
007-4530-200.jpg,2,Moderate,2,Moderate,True,0.79208165,0.0058240853,0.010866669,0.79208165,0.05221217,0.13901544
007-6532-400.jpg,4,Proliferative,4,Proliferative,True,0.75252753,0.02370346,0.005616495,0.21797986,0.00017263711,0.75252753
007-6619-400.jpg,4,Proliferative,4,Proliferative,True,0.61062574,4.063565e-05,0.0003159403,0.08976684,0.29925087,0.61062574
007-6287-400.jpg,4,Proliferative,4,Proliferative,True,0.8360166,0.024403272,0.012042072,0.12668644,0.0008517095,0.8360166
20170126094308451.jpg,0,No DR,0,No DR,True,0.73774624,0.73774624,0.15377328,0.10815073,2.9404398e-05,0.0003003568
007-0350-000.jpg,0,No DR,2,Moderate,False,0.38371527,0.36878544,0.23311597,0.38371527,0.00040738145,0.01397596
007-5914-300.jpg,2,Moderate,2,Moderate,True,0.4742334,0.3902061,0.035832003,0.4742334,0.0013480115,0.09838062
20170316102810593.jpg,0,No DR,1,Mild,False,0.41500187,0.31464288,0.41500187,0.27029333,5.1352632e-05,1.0568744e-05
007-3835-200.jpg,2,Moderate,2,Moderate,True,0.63058186,0.024119364,0.007834064,0.63058186,0.019595103,0.3178696
007-0360-000.jpg,0,No DR,0,No DR,True,0.46803525,0.46803525,0.4052996,0.12665457,1.8102784e-06,8.775915e-06
007-4712-200.jpg,2,Moderate,2,Moderate,True,0.5007367,0.31238365,0.1700385,0.5007367,0.001994631,0.014846493
20170622105116686.jpg,2,Moderate,0,No DR,False,0.44450954,0.44450954,0.37095913,0.18448478,4.0383373e-05,6.0893644e-06
007-5666-300.jpg,2,Moderate,2,Moderate,True,0.4609486,0.17025185,0.3365285,0.4609486,0.028369112,0.0039019613
20170214215839563.jpg,0,No DR,0,No DR,True,0.4707005,0.4707005,0.26411265,0.26493356,0.00011412965,0.0001391642
20170227155723751.jpg,0,No DR,0,No DR,True,0.4948883,0.4948883,0.036646254,0.46392107,0.0043577133,0.00018663213
20170217170801835.jpg,0,No DR,0,No DR,True,0.490587,0.490587,0.24986531,0.25914013,0.00017211019,0.00023550575
20170417141233190.jpg,0,No DR,2,Moderate,False,0.48492858,0.42812788,0.07700703,0.48492858,0.008119499,0.0018170172
007-5586-300.jpg,2,Moderate,3,Severe,False,0.53138095,0.00081471994,0.0016402538,0.3774331,0.53138095,0.08873099
007-3814-200.jpg,2,Moderate,2,Moderate,True,0.77777815,0.010202195,0.018675573,0.77777815,0.15452115,0.038822938
007-2089-100.jpg,2,Moderate,1,Mild,False,0.41513902,0.21983029,0.41513902,0.3269161,0.019150628,0.018963905
20170429212734086.jpg,0,No DR,0,No DR,True,0.6308634,0.6308634,0.06941017,0.24653855,0.00069081166,0.052496973
007-5906-300.jpg,2,Moderate,2,Moderate,True,0.6053309,0.022987971,0.0138390735,0.6053309,0.22258164,0.13526036
20170407203619163.jpg,0,No DR,1,Mild,False,0.44752294,0.3636786,0.44752294,0.18875265,1.4842963e-05,3.0972733e-05
20170120141618402.jpg,0,No DR,0,No DR,True,0.74248296,0.74248296,0.025863381,0.2291142,0.0013699527,0.0011695503
007-0184-000.jpg,0,No DR,1,Mild,False,0.44141123,0.26338327,0.44141123,0.29146275,0.0032879629,0.00045476662
20170122105713241.jpg,0,No DR,2,Moderate,False,0.48818514,0.19284996,0.31832093,0.48818514,0.00022352266,0.0004204379
20170406084303834.jpg,0,No DR,2,Moderate,False,0.5986674,0.16091144,0.12232398,0.5986674,0.116615966,0.0014811628
20170214144812293.jpg,0,No DR,0,No DR,True,0.58758795,0.58758795,0.1079253,0.30419904,5.3600124e-05,0.00023411392
007-6430-400.jpg,4,Proliferative,4,Proliferative,True,0.8563293,0.026519125,0.027093593,0.08851453,0.0015434143,0.8563293
20170429205725019.jpg,0,No DR,0,No DR,True,0.878809,0.878809,0.010133495,0.109242335,6.912278e-05,0.0017460558
20170418083047694.jpg,0,No DR,0,No DR,True,0.53247386,0.53247386,0.19416606,0.27335283,2.627625e-06,4.595715e-06
20170208172320643.jpg,0,No DR,0,No DR,True,0.47048956,0.47048956,0.14287207,0.38655975,2.851446e-05,5.015237e-05
20170427184442451.jpg,0,No DR,0,No DR,True,0.74818164,0.74818164,0.07975451,0.17076838,0.00024113484,0.00105433
007-2942-100.jpg,0,No DR,0,No DR,True,0.45116684,0.45116684,0.28797564,0.25902233,7.164661e-05,0.0017634734
007-5735-300.jpg,2,Moderate,2,Moderate,True,0.8292693,0.02376333,0.06885513,0.8292693,0.014312686,0.063799456
007-6168-300.jpg,2,Moderate,2,Moderate,True,0.89628476,0.04796856,0.044203807,0.89628476,0.0068682167,0.004674598
20170417113118732.jpg,0,No DR,0,No DR,True,0.45384866,0.45384866,0.1528854,0.3922715,0.0006941546,0.0003003519
20170427203106149.jpg,0,No DR,0,No DR,True,0.622991,0.622991,0.05468283,0.32071292,0.0014785823,0.00013463279
007-7676-601.jpg,0,No DR,2,Moderate,False,0.43454996,0.42840254,0.13639921,0.43454996,8.868374e-06,0.00063948054
007-0024-000.jpg,0,No DR,0,No DR,True,0.5384812,0.5384812,0.081911065,0.3190631,0.054425787,0.006118859
007-3126-100.jpg,2,Moderate,0,No DR,False,0.44850132,0.44850132,0.018203264,0.4477726,0.0002119065,0.08531096
20170608195844549.jpg,2,Moderate,0,No DR,False,0.46892223,0.46892223,0.15290087,0.3771304,5.1929015e-05,0.0009945116
007-4124-200.jpg,2,Moderate,2,Moderate,True,0.60807586,0.05103417,0.117221914,0.60807586,0.18121363,0.042454492
007-1104-000.jpg,0,No DR,0,No DR,True,0.686497,0.686497,0.07360603,0.23986632,1.3050345e-05,1.7593007e-05
007-3663-200.jpg,2,Moderate,2,Moderate,True,0.7750591,0.010200043,0.002490738,0.7750591,0.04887374,0.16337645
007-4690-200.jpg,2,Moderate,2,Moderate,True,0.86073816,0.006746244,0.0052487412,0.86073816,0.022790788,0.10447614
20170429193601147.jpg,0,No DR,2,Moderate,False,0.5328638,0.3938379,0.072916664,0.5328638,0.0002564355,0.00012516012
007-2925-100.jpg,2,Moderate,2,Moderate,True,0.48990992,0.24144183,0.25426513,0.48990992,0.0032993692,0.011083693
20170206181936039.jpg,0,No DR,2,Moderate,False,0.5363,0.19401011,0.10137239,0.5363,0.15655144,0.011766126
007-0818-000.jpg,0,No DR,0,No DR,True,0.47392908,0.47392908,0.19906983,0.32424095,0.0014917859,0.0012683173
20170330082321518.jpg,0,No DR,0,No DR,True,0.5666114,0.5666114,0.101525836,0.3316363,5.8983696e-05,0.00016752857
007-2626-100.jpg,1,Mild,0,No DR,False,0.46021226,0.46021226,0.23232934,0.30675864,0.00018353987,0.00051623845
20170511082348044.jpg,2,Moderate,2,Moderate,True,0.56192863,0.0058412026,0.014751193,0.56192863,0.30766118,0.10981776
20170430141128099.jpg,0,No DR,0,No DR,True,0.55457705,0.55457705,0.074576624,0.3698477,4.795639e-05,0.0009506438
007-1626-000.jpg,0,No DR,2,Moderate,False,0.5697871,0.3627298,0.05784815,0.5697871,0.00764232,0.0019926773
20170228164926158.jpg,0,No DR,2,Moderate,False,0.45405775,0.43094152,0.11148969,0.45405775,0.0015318875,0.00197915
007-5913-300.jpg,2,Moderate,2,Moderate,True,0.64810854,0.0019266021,0.00021146382,0.64810854,0.0007704123,0.34898296
007-1213-000.jpg,0,No DR,0,No DR,True,0.5430032,0.5430032,0.12213721,0.3341353,5.1415507e-05,0.0006728701
20170524182857618.jpg,2,Moderate,2,Moderate,True,0.501693,0.017574891,0.059593,0.501693,0.13476,0.2863791
007-7101-400.jpg,2,Moderate,2,Moderate,True,0.6353092,0.07723362,0.06679258,0.6353092,0.0024239307,0.21824071
20170120222606174.jpg,0,No DR,0,No DR,True,0.6343128,0.6343128,0.10681601,0.25861236,0.000169409,8.935668e-05
007-0410-000.jpg,0,No DR,0,No DR,True,0.5262041,0.5262041,0.09452518,0.37901405,0.00014843378,0.0001082156
007-4667-200.jpg,2,Moderate,2,Moderate,True,0.81048876,0.021422185,0.06617666,0.81048876,0.06552315,0.03638931
007-3432-200.jpg,2,Moderate,2,Moderate,True,0.515345,0.12599055,0.34025308,0.515345,0.016221486,0.002189913
007-3911-200.jpg,2,Moderate,2,Moderate,True,0.613058,0.0053804796,0.11740481,0.613058,0.2485758,0.01558092
007-2733-100.jpg,1,Mild,2,Moderate,False,0.55935544,0.21811709,0.2175849,0.55935544,0.0004287003,0.0045138616
007-3052-100.jpg,1,Mild,2,Moderate,False,0.42953223,0.39108533,0.1787928,0.42953223,0.00014821779,0.00044145208
007-1776-100.jpg,1,Mild,4,Proliferative,False,0.59535587,0.10899403,0.03771332,0.25723433,0.0007024388,0.59535587
20170429203022148.jpg,0,No DR,0,No DR,True,0.6140627,0.6140627,0.08469296,0.28224656,0.011851775,0.0071460092
007-3993-200.jpg,2,Moderate,2,Moderate,True,0.5690345,0.1135528,0.17544182,0.5690345,0.0206942,0.121276736
007-7252-400.jpg,4,Proliferative,4,Proliferative,True,0.72965384,0.014117437,0.010547383,0.21848217,0.027199231,0.72965384
20170323085245456.jpg,0,No DR,0,No DR,True,0.6450276,0.6450276,0.030481216,0.32425162,8.949569e-06,0.00023056756
007-5760-300.jpg,2,Moderate,2,Moderate,True,0.8120862,0.025447251,0.066381335,0.8120862,0.03607455,0.060010564
007-6393-400.jpg,4,Proliferative,4,Proliferative,True,0.65132284,0.16038047,0.026579991,0.16075708,0.00095961336,0.65132284
007-3799-200.jpg,2,Moderate,2,Moderate,True,0.5562214,0.0067605334,0.02612551,0.5562214,0.13107093,0.2798216
20170330222014438.jpg,0,No DR,0,No DR,True,0.47200167,0.47200167,0.17141637,0.3558964,0.00048419327,0.00020131255
20170417102028484.jpg,0,No DR,0,No DR,True,0.6292134,0.6292134,0.08475529,0.28436863,0.00041974944,0.0012429757
20170405085531228.jpg,0,No DR,0,No DR,True,0.41984537,0.41984537,0.33819824,0.24178551,1.3888723e-05,0.00015699625
007-4059-200.jpg,2,Moderate,2,Moderate,True,0.53910923,0.28919014,0.14165775,0.53910923,0.0047385544,0.025304329
007-0103-000.jpg,0,No DR,0,No DR,True,0.5416723,0.5416723,0.03635681,0.365235,0.00018116852,0.056554727
007-0368-000.jpg,0,No DR,0,No DR,True,0.62394404,0.62394404,0.12594287,0.24688028,0.00026771604,0.0029651048
20170428094434319.jpg,0,No DR,0,No DR,True,0.6154376,0.6154376,0.009092555,0.37384057,2.7442318e-05,0.0016018304
20170327102430632.jpg,0,No DR,0,No DR,True,0.7125163,0.7125163,0.052774772,0.2329931,0.0010067394,0.0007090994
007-0273-000.jpg,0,No DR,0,No DR,True,0.74101055,0.74101055,0.09191295,0.16669893,2.6718819e-05,0.00035073582
20170224212715579.jpg,0,No DR,2,Moderate,False,0.43604642,0.34703648,0.21561307,0.43604642,0.00060755387,0.00069649087
007-2768-100.jpg,1,Mild,2,Moderate,False,0.53454006,0.113075316,0.32924056,0.53454006,0.0041225217,0.019021535
20170620091948888.jpg,2,Moderate,2,Moderate,True,0.7762345,0.077874996,0.109455526,0.7762345,0.032894302,0.0035405976
007-1593-000.jpg,0,No DR,1,Mild,False,0.55308956,0.29935604,0.55308956,0.1474232,4.953434e-05,8.163172e-05
20170418112220980.jpg,0,No DR,0,No DR,True,0.5462492,0.5462492,0.20156871,0.25125042,0.0004150197,0.0005166732
20170429213053184.jpg,0,No DR,0,No DR,True,0.65407413,0.65407413,0.041000865,0.29096016,0.00059949904,0.013365289
007-1766-100.jpg,2,Moderate,1,Mild,False,0.4111941,0.099031344,0.4111941,0.36298746,0.10702521,0.0197618
007-5778-300.jpg,2,Moderate,2,Moderate,True,0.63166744,0.100232795,0.23198047,0.63166744,0.030237364,0.0058818664
007-0345-000.jpg,0,No DR,0,No DR,True,0.64396375,0.64396375,0.023995992,0.3243909,0.00023112437,0.0074182744
20170208095718487.jpg,0,No DR,0,No DR,True,0.555036,0.555036,0.068501346,0.37383157,0.0022205906,0.00041054885
007-2797-100.jpg,2,Moderate,2,Moderate,True,0.4635828,0.14593416,0.115639046,0.4635828,0.25134784,0.023496114
007-6068-300.jpg,2,Moderate,2,Moderate,True,0.75462264,0.21039373,0.029164303,0.75462264,0.0015200151,0.0042992793
007-7875-601.jpg,0,No DR,0,No DR,True,0.4708007,0.4708007,0.14324753,0.3646144,0.0007573472,0.02058007
007-5933-300.jpg,3,Severe,3,Severe,True,0.8210463,4.6928995e-05,0.00012170981,0.13494389,0.8210463,0.043841083
007-6273-300.jpg,2,Moderate,3,Severe,False,0.48932567,0.0037102697,0.018761178,0.31303045,0.48932567,0.1751724
007-5424-300.jpg,2,Moderate,2,Moderate,True,0.68559897,0.13974793,0.038734645,0.68559897,0.01117817,0.1247403
007-5346-300.jpg,2,Moderate,2,Moderate,True,0.72736305,0.0032504336,0.048660092,0.72736305,0.17920324,0.04152318
007-5262-300.jpg,2,Moderate,2,Moderate,True,0.5351025,0.3724815,0.08849262,0.5351025,0.00066923123,0.0032541952
007-3469-200.jpg,2,Moderate,2,Moderate,True,0.5618028,0.06745525,0.17149405,0.5618028,0.16383797,0.035409927
007-7508-601.jpg,0,No DR,0,No DR,True,0.41721565,0.41721565,0.040827986,0.32071236,0.0073632016,0.21388079
20170227235507961.jpg,0,No DR,0,No DR,True,0.6059818,0.6059818,0.06996354,0.32321307,0.00011195245,0.0007296362
007-6106-300.jpg,2,Moderate,2,Moderate,True,0.74120444,0.0016082473,0.0040807375,0.74120444,0.04033742,0.21276917
007-1215-000.jpg,0,No DR,0,No DR,True,0.44655666,0.44655666,0.13637495,0.41593716,0.00038663932,0.0007446401
007-5104-300.jpg,2,Moderate,2,Moderate,True,0.43369776,0.0018890521,0.030692406,0.43369776,0.356278,0.1774427
007-3275-100.jpg,1,Mild,2,Moderate,False,0.46444815,0.32105818,0.10719727,0.46444815,0.00034700357,0.10694942
20170408211306958.jpg,0,No DR,0,No DR,True,0.4243477,0.4243477,0.17918296,0.38325194,0.011796674,0.0014207442
007-0258-000.jpg,0,No DR,0,No DR,True,0.6225267,0.6225267,0.10064893,0.27628264,0.00020640223,0.00033534804
007-1333-000.jpg,0,No DR,2,Moderate,False,0.53443044,0.31548637,0.12259069,0.53443044,2.9254697e-05,0.027463302
20170413085306463.jpg,0,No DR,0,No DR,True,0.515587,0.515587,0.123871796,0.35990715,0.00011378964,0.0005203068
007-5516-300.jpg,2,Moderate,2,Moderate,True,0.51028955,0.16403425,0.27173635,0.51028955,0.0009455539,0.052994255
20170224160317500.jpg,0,No DR,0,No DR,True,0.4522703,0.4522703,0.109668344,0.43768606,0.00016929157,0.00020598753
007-0573-000.jpg,0,No DR,0,No DR,True,0.61371994,0.61371994,0.16771047,0.21850011,1.5372187e-05,5.4087188e-05
20170226214722834.jpg,0,No DR,2,Moderate,False,0.57687485,0.2599945,0.14222316,0.57687485,0.0062784925,0.014629053
20170429212025437.jpg,0,No DR,0,No DR,True,0.7372491,0.7372491,0.06143827,0.19774726,0.0006649843,0.002900325
007-4339-200.jpg,2,Moderate,2,Moderate,True,0.44007552,0.1238087,0.14616558,0.44007552,0.0011407126,0.28880948
20170221195941545.jpg,0,No DR,0,No DR,True,0.5719111,0.5719111,0.17645708,0.25159,1.2284921e-05,2.952451e-05
007-5077-300.jpg,2,Moderate,2,Moderate,True,0.5865833,0.09822537,0.27731162,0.5865833,0.035512522,0.0023672106
007-7610-601.jpg,0,No DR,2,Moderate,False,0.45766142,0.44871733,0.010791734,0.45766142,0.00010378946,0.08272575
007-6298-400.jpg,4,Proliferative,4,Proliferative,True,0.7479932,0.018222567,0.0647511,0.13319218,0.035841014,0.7479932
20170429214540625.jpg,0,No DR,0,No DR,True,0.72425896,0.72425896,0.041198373,0.22650021,0.00080593326,0.0072364206
007-4821-300.jpg,2,Moderate,2,Moderate,True,0.6996756,0.0075022,0.0012864616,0.6996756,0.016226659,0.27530912
20170204114729172.jpg,0,No DR,0,No DR,True,0.504388,0.504388,0.21216117,0.2782574,0.00019069188,0.005002742
007-1793-100.jpg,2,Moderate,2,Moderate,True,0.8034184,0.07259432,0.026215635,0.8034184,0.05249316,0.045278512
007-4231-200.jpg,2,Moderate,3,Severe,False,0.3376629,0.003100895,0.027094165,0.32214108,0.3376629,0.31000096
007-3871-200.jpg,2,Moderate,4,Proliferative,False,0.5389344,0.012879714,0.009725242,0.4115203,0.026940309,0.5389344
20170410135203932.jpg,0,No DR,1,Mild,False,0.38267982,0.31093606,0.38267982,0.30620158,7.199455e-05,0.00011054277
20170428091136164.jpg,0,No DR,0,No DR,True,0.5601876,0.5601876,0.17731352,0.26243547,2.5421432e-06,6.091394e-05
20170328153751497.jpg,0,No DR,0,No DR,True,0.50160724,0.50160724,0.17239273,0.32599533,3.2739965e-07,4.346407e-06
007-5342-300.jpg,2,Moderate,2,Moderate,True,0.70762235,0.0569988,0.12884246,0.70762235,0.10203943,0.0044969986
007-0565-000.jpg,0,No DR,0,No DR,True,0.47031653,0.47031653,0.25947586,0.26973528,0.00012813175,0.00034418888
20170430180202271.jpg,0,No DR,0,No DR,True,0.75006324,0.75006324,0.05248505,0.19656406,0.0006985516,0.00018908088
007-6157-300.jpg,2,Moderate,2,Moderate,True,0.621369,0.14669517,0.18773739,0.621369,0.025957491,0.018241039
007-7241-400.jpg,4,Proliferative,4,Proliferative,True,0.851899,0.029858671,0.02001749,0.09747982,0.00074498256,0.851899
007-0990-000.jpg,0,No DR,2,Moderate,False,0.45760974,0.40975657,0.104802206,0.45760974,0.008747636,0.019083822
007-2164-100.jpg,1,Mild,1,Mild,True,0.5692651,0.27152675,0.5692651,0.15487604,0.0043010563,3.1000152e-05
007-3330-200.jpg,2,Moderate,2,Moderate,True,0.674152,0.12590095,0.044793725,0.674152,0.006667219,0.14848602
007-3990-200.jpg,2,Moderate,2,Moderate,True,0.7032308,0.087825544,0.049505677,0.7032308,0.011640249,0.14779766
007-4570-200.jpg,2,Moderate,2,Moderate,True,0.7002548,0.002171541,0.004020178,0.7002548,0.05794678,0.23560669
007-7727-601.jpg,0,No DR,2,Moderate,False,0.507836,0.46030006,0.02726256,0.507836,4.953944e-05,0.0045518563
007-1194-000.jpg,0,No DR,0,No DR,True,0.6703547,0.6703547,0.1288231,0.20078969,1.8162178e-05,1.4307001e-05
20170215104327523.jpg,0,No DR,0,No DR,True,0.6935579,0.6935579,0.021534069,0.28353098,4.507355e-05,0.0013320344
20170427185948021.jpg,0,No DR,0,No DR,True,0.8029536,0.8029536,0.030851716,0.1653546,0.0003372692,0.00050278223
007-3208-100.jpg,2,Moderate,0,No DR,False,0.5239933,0.5239933,0.1062838,0.3678724,2.318373e-05,0.0018273602
20170203162816155.jpg,0,No DR,0,No DR,True,0.5315026,0.5315026,0.09949384,0.36869255,5.415954e-05,0.00025676857
20170220100625665.jpg,0,No DR,2,Moderate,False,0.5130112,0.44912392,0.03782305,0.5130112,5.333523e-06,3.649243e-05
20170427183624105.jpg,0,No DR,0,No DR,True,0.7185379,0.7185379,0.072865844,0.20765351,0.00034085807,0.0006019452
007-1617-000.jpg,0,No DR,1,Mild,False,0.3856463,0.31165004,0.3856463,0.30219156,6.418639e-05,0.0004479657
20170429212453154.jpg,0,No DR,0,No DR,True,0.7406294,0.7406294,0.033118337,0.22604631,0.00011349748,9.246387e-05
20170331112228243.jpg,0,No DR,0,No DR,True,0.65938723,0.65938723,0.07962356,0.25925463,0.001476901,0.00025758616
20170521093504075.jpg,2,Moderate,2,Moderate,True,0.61407954,0.00508662,0.037006345,0.61407954,0.19592124,0.14790624
007-5031-300.jpg,2,Moderate,2,Moderate,True,0.7362553,0.13682994,0.10389304,0.7362553,0.00832214,0.014699574
20170427093014194.jpg,0,No DR,0,No DR,True,0.75295043,0.75295043,0.054861706,0.18353067,0.00013215309,0.008524994
20170504101454178.jpg,2,Moderate,1,Mild,False,0.46327692,0.15948722,0.46327692,0.37366334,0.0023017505,0.0012708007
007-3552-200.jpg,2,Moderate,2,Moderate,True,0.7918139,0.08502725,0.021509185,0.7918139,0.002107245,0.09954248
007-1048-000.jpg,0,No DR,0,No DR,True,0.42885062,0.42885062,0.35331482,0.21733494,4.2461616e-05,0.00045711227
20170221103227712.jpg,0,No DR,1,Mild,False,0.49306712,0.25374368,0.49306712,0.25249237,0.00015900121,0.00053778134
007-4051-200.jpg,2,Moderate,2,Moderate,True,0.6490695,0.038572013,0.020428607,0.6490695,0.07983742,0.21209247
007-5486-300.jpg,2,Moderate,2,Moderate,True,0.7977686,0.14017004,0.040004134,0.7977686,0.00092174637,0.021135509
20170327140038034.jpg,0,No DR,0,No DR,True,0.46310136,0.46310136,0.13907875,0.37297645,0.022064114,0.0027793567
007-0037-000.jpg,0,No DR,1,Mild,False,0.41065568,0.31318754,0.41065568,0.27611345,2.9512707e-05,1.3786996e-05
20170323101805685.jpg,0,No DR,0,No DR,True,0.6318324,0.6318324,0.1712798,0.19685121,8.5059355e-06,2.8037659e-05
007-0121-000.jpg,0,No DR,0,No DR,True,0.5622926,0.5622926,0.2029811,0.23343934,0.0007726352,0.000514318
007-1527-000.jpg,0,No DR,1,Mild,False,0.48713642,0.34414372,0.48713642,0.16853982,0.00014733228,3.2696433e-05
007-5103-300.jpg,2,Moderate,2,Moderate,True,0.798556,0.031715307,0.021657003,0.798556,0.12432983,0.023741877
007-1670-000.jpg,0,No DR,0,No DR,True,0.44862723,0.44862723,0.3767062,0.17410618,8.200599e-06,0.00055210857
20170122162733804.jpg,0,No DR,0,No DR,True,0.63185424,0.63185424,0.03602394,0.326422,7.852296e-05,0.0056212745
20170326081646277.jpg,0,No DR,0,No DR,True,0.6789539,0.6789539,0.15288374,0.16802292,2.8618642e-05,0.00011080874
20170327135922650.jpg,0,No DR,1,Mild,False,0.4000066,0.28267038,0.4000066,0.27803314,0.026902666,0.012387293
007-4685-200.jpg,2,Moderate,2,Moderate,True,0.5799762,0.035997648,0.02534156,0.5799762,0.0043116943,0.35437292
20170418103052402.jpg,0,No DR,0,No DR,True,0.5981488,0.5981488,0.03715396,0.36423624,7.410518e-06,0.0004535624
007-3439-200.jpg,2,Moderate,2,Moderate,True,0.6342463,0.056540135,0.2753785,0.6342463,0.008864834,0.024970282
20170120220143890.jpg,0,No DR,0,No DR,True,0.6156556,0.6156556,0.031469014,0.3522733,6.847187e-05,0.00053355907
007-0785-000.jpg,0,No DR,2,Moderate,False,0.42622036,0.3109535,0.26239312,0.42622036,0.00013021896,0.00030283225
20170430200759773.jpg,0,No DR,0,No DR,True,0.73893785,0.73893785,0.042390257,0.21675454,0.0004077163,0.0015096407
20170524102406516.jpg,2,Moderate,2,Moderate,True,0.7325812,0.0010216802,0.002654805,0.7325812,0.21947707,0.04426523
20170428161917714.jpg,0,No DR,0,No DR,True,0.5888531,0.5888531,0.0859758,0.32502747,8.2128345e-06,0.00013542308
20170120222210531.jpg,0,No DR,0,No DR,True,0.69172263,0.69172263,0.037912417,0.2698791,0.00012407267,0.0003618054
20170408211259022.jpg,0,No DR,0,No DR,True,0.53952503,0.53952503,0.10985523,0.3479852,0.00083624857,0.0017983161
007-0229-000.jpg,0,No DR,0,No DR,True,0.6483937,0.6483937,0.07166234,0.27896336,0.00016277251,0.00081774953
007-2800-100.jpg,2,Moderate,2,Moderate,True,0.60632557,0.043636825,0.3146428,0.60632557,0.030799257,0.0045955246
007-6744-400.jpg,2,Moderate,4,Proliferative,False,0.5574173,0.0018516486,0.009774063,0.28621486,0.14474206,0.5574173
20170412203741013.jpg,0,No DR,0,No DR,True,0.7281165,0.7281165,0.07401708,0.19782065,3.4278e-05,1.1584143e-05
20170427182323645.jpg,0,No DR,0,No DR,True,0.716984,0.716984,0.039986208,0.23390898,0.003632999,0.005487857
007-4367-200.jpg,2,Moderate,2,Moderate,True,0.6536286,0.14665593,0.19477831,0.6536286,0.0028385737,0.0020986204
007-2750-100.jpg,1,Mild,1,Mild,True,0.50791,0.11512355,0.50791,0.36162442,0.009758566,0.005583436
007-1182-000.jpg,0,No DR,0,No DR,True,0.4663787,0.4663787,0.096410714,0.42983148,0.0018747298,0.0055043213
007-0975-000.jpg,0,No DR,0,No DR,True,0.3820647,0.3820647,0.23381718,0.37716234,0.0040790173,0.002876747
20170208145455755.jpg,0,No DR,2,Moderate,False,0.47311905,0.41155994,0.11518887,0.47311905,3.7895497e-05,9.4341725e-05
007-2000-100.jpg,1,Mild,0,No DR,False,0.5052636,0.5052636,0.22603604,0.2682845,1.3685621e-05,0.0004021693
007-3088-100.jpg,1,Mild,0,No DR,False,0.53395885,0.53395885,0.33919296,0.12682311,4.1637195e-06,2.0969177e-05
20170426092544308.jpg,0,No DR,0,No DR,True,0.55554664,0.55554664,0.08160204,0.3628234,5.4124025e-06,2.2549633e-05
007-3164-100.jpg,2,Moderate,2,Moderate,True,0.50493205,0.10830747,0.37703213,0.50493205,0.00040655665,0.009321816
007-3729-200.jpg,2,Moderate,1,Mild,False,0.40897775,0.36504176,0.40897775,0.22286665,0.0028292246,0.00028465374
20170210122650436.jpg,0,No DR,0,No DR,True,0.5647551,0.5647551,0.20940742,0.2256569,1.2820306e-05,0.00016776778
20170622080754353.jpg,2,Moderate,0,No DR,False,0.41519868,0.41519868,0.093512215,0.36264086,0.1258274,0.0028208247
007-5985-300.jpg,2,Moderate,2,Moderate,True,0.9010116,0.01739015,0.01341221,0.9010116,0.0029916102,0.06519449
007-5814-300.jpg,2,Moderate,2,Moderate,True,0.55551064,0.042835455,0.25149062,0.55551064,0.14581355,0.004349793
20170405144225459.jpg,0,No DR,0,No DR,True,0.5589329,0.5589329,0.16395412,0.27691656,5.6243945e-05,0.00014009794
20170324092825264.jpg,0,No DR,0,No DR,True,0.8477333,0.8477333,0.0121924905,0.13983639,4.769782e-07,0.00023726728
20170427184204825.jpg,0,No DR,0,No DR,True,0.6908106,0.6908106,0.06791755,0.23376615,7.039164e-05,0.007435304
20170427083754048.jpg,0,No DR,0,No DR,True,0.41582704,0.41582704,0.3407448,0.2390459,1.0489936e-05,0.0043717665
007-4434-200.jpg,2,Moderate,2,Moderate,True,0.6060062,0.17121355,0.035956744,0.6060062,0.0029499433,0.18387358
20170203161008388.jpg,0,No DR,1,Mild,False,0.49134353,0.32352,0.49134353,0.18471101,3.5447632e-05,0.00039000172
007-4814-300.jpg,2,Moderate,2,Moderate,True,0.65255415,0.2027037,0.047161136,0.65255415,0.08375339,0.013827637
007-0480-000.jpg,0,No DR,0,No DR,True,0.6337982,0.6337982,0.04661817,0.3184191,0.0010203,0.00014424414
20170427181653025.jpg,0,No DR,0,No DR,True,0.73990273,0.73990273,0.039702047,0.2142652,0.0012407883,0.004889269
20170401171718466.jpg,0,No DR,0,No DR,True,0.48782033,0.48782033,0.23286489,0.27095634,0.0006155102,0.0077428967
20170414155613593.jpg,0,No DR,0,No DR,True,0.40207458,0.40207458,0.3359514,0.26148817,0.00016440984,0.00032143499
007-3447-200.jpg,3,Severe,3,Severe,True,0.53202635,2.2806546e-05,9.3648996e-05,0.33689535,0.53202635,0.13096182
007-7140-400.jpg,4,Proliferative,4,Proliferative,True,0.93680644,0.0023826438,0.0013079282,0.05829774,0.0012051808,0.93680644
007-7061-400.jpg,4,Proliferative,4,Proliferative,True,0.9780125,0.00027483527,0.00039887038,0.020165615,0.0011483054,0.9780125
20170331082121975.jpg,0,No DR,0,No DR,True,0.47242853,0.47242853,0.15333726,0.3738685,2.3056691e-05,0.00034270712
20170602085038408.jpg,2,Moderate,0,No DR,False,0.40322092,0.40322092,0.2707289,0.3235004,0.00064413407,0.0019056691
007-2203-100.jpg,0,No DR,0,No DR,True,0.6217789,0.6217789,0.006437237,0.36653358,0.00018553348,0.0050647734
007-6560-400.jpg,4,Proliferative,4,Proliferative,True,0.8610157,0.024897603,0.010493555,0.103250876,0.00034230726,0.8610157
007-4041-200.jpg,2,Moderate,2,Moderate,True,0.60399383,0.15010782,0.0412539,0.60399383,0.035719223,0.1689253
007-0363-000.jpg,0,No DR,0,No DR,True,0.6166926,0.6166926,0.25651574,0.12679029,4.891679e-07,8.5988074e-07
007-2274-100.jpg,0,No DR,0,No DR,True,0.42598513,0.42598513,0.15060514,0.37733972,0.00010375301,0.045966234
20170407152501068.jpg,0,No DR,2,Moderate,False,0.43449503,0.4178773,0.14099114,0.43449503,0.00022821766,0.0064082826
007-3453-200.jpg,2,Moderate,2,Moderate,True,0.70247734,0.003092326,0.0022328056,0.70247734,0.0020919493,0.29010558
007-0290-000.jpg,0,No DR,0,No DR,True,0.77631676,0.77631676,0.03956761,0.18236117,3.0175146e-05,0.0017242559
20170225144731690.jpg,0,No DR,0,No DR,True,0.5095243,0.5095243,0.13907592,0.35079008,4.479437e-05,0.0005648997
20170621140654111.jpg,2,Moderate,2,Moderate,True,0.40425494,0.36944756,0.09603324,0.40425494,0.0014534508,0.12881078
20170226204126538.jpg,0,No DR,0,No DR,True,0.5158415,0.5158415,0.12932135,0.35295185,0.0012093303,0.00067597436
007-4796-300.jpg,2,Moderate,2,Moderate,True,0.43145972,0.28094104,0.16568477,0.43145972,0.0018008348,0.120113626
20170526174103361.jpg,2,Moderate,2,Moderate,True,0.85106415,0.036370274,0.02320514,0.85106415,0.04990831,0.039452147
20170418135336394.jpg,0,No DR,0,No DR,True,0.46040598,0.46040598,0.21035159,0.31248263,0.0047585396,0.012001328
007-6838-400.jpg,4,Proliferative,4,Proliferative,True,0.9252623,0.003741475,0.0010831073,0.069628835,0.00028425353,0.9252623
20170428120034061.jpg,0,No DR,0,No DR,True,0.5846607,0.5846607,0.11312983,0.2962163,5.6894572e-05,0.005936279
007-5061-300.jpg,2,Moderate,2,Moderate,True,0.7545329,0.00738169,0.018969359,0.7545329,0.11218661,0.106929496
007-4726-200.jpg,2,Moderate,2,Moderate,True,0.6015501,0.010627491,0.013810809,0.6015501,0.008716954,0.36529467
20170208144810326.jpg,0,No DR,2,Moderate,False,0.5022381,0.36026552,0.1289899,0.5022381,0.007490505,0.0010159775
007-7798-601.jpg,0,No DR,2,Moderate,False,0.49009418,0.48487133,0.022934288,0.49009418,6.1417835e-05,0.0020387152
20170426091057920.jpg,0,No DR,0,No DR,True,0.4221397,0.4221397,0.34677967,0.23043795,4.9062637e-05,0.000593566
20170410162034639.jpg,0,No DR,0,No DR,True,0.3650991,0.3650991,0.30367512,0.33115962,2.0714659e-05,4.537305e-05
20170427094003039.jpg,0,No DR,0,No DR,True,0.7164372,0.7164372,0.077326864,0.206085,1.775122e-05,0.00013326193
20170120223336407.jpg,0,No DR,2,Moderate,False,0.40444162,0.32183132,0.2734032,0.40444162,2.626188e-05,0.000297538
20170330153711496.jpg,0,No DR,0,No DR,True,0.6505938,0.6505938,0.0752612,0.27252823,0.0011227345,0.0004939811
20170408075831962.jpg,0,No DR,0,No DR,True,0.6597677,0.6597677,0.046323337,0.29357046,0.00018994739,0.00014856074
007-5655-300.jpg,2,Moderate,2,Moderate,True,0.5876903,0.21531221,0.18363218,0.5876903,0.0074731507,0.0058921897
20170612084520577.jpg,2,Moderate,2,Moderate,True,0.46324664,0.35007882,0.18655582,0.46324664,6.5612265e-05,5.3131494e-05
007-2437-100.jpg,2,Moderate,1,Mild,False,0.5063236,0.2501995,0.5063236,0.23695603,0.0013599198,0.0051609473
007-2204-100.jpg,0,No DR,2,Moderate,False,0.5076198,0.37797752,0.11224664,0.5076198,0.00034717217,0.001808799
007-0448-000.jpg,0,No DR,0,No DR,True,0.80555815,0.80555815,0.048391037,0.1456985,1.1320395e-05,0.00034096712
20170214145510533.jpg,0,No DR,1,Mild,False,0.43116996,0.18539727,0.43116996,0.3671797,0.0006260794,0.01562706
20170609152452421.jpg,2,Moderate,0,No DR,False,0.49717978,0.49717978,0.10890536,0.39145863,0.00045965143,0.0019965912
007-3169-100.jpg,1,Mild,1,Mild,True,0.69252086,0.09829593,0.69252086,0.19501399,0.0018731313,0.01229608
20170427185548872.jpg,0,No DR,0,No DR,True,0.6958793,0.6958793,0.110980995,0.18998095,0.00032438964,0.0028344216
20170206143555635.jpg,0,No DR,2,Moderate,False,0.51264673,0.4396891,0.04583027,0.51264673,0.00044686964,0.0013869773
007-2333-100.jpg,1,Mild,1,Mild,True,0.44432268,0.33369768,0.44432268,0.22125751,0.00029943598,0.00042269018
007-0112-000.jpg,0,No DR,0,No DR,True,0.42341712,0.42341712,0.24871401,0.32483202,0.00032311142,0.0027136928
007-0944-000.jpg,0,No DR,0,No DR,True,0.5636747,0.5636747,0.040049512,0.36499798,0.00012945422,0.03114827
007-1180-000.jpg,0,No DR,0,No DR,True,0.533743,0.533743,0.04794234,0.41555178,7.304284e-05,0.002689796
20170609165742369.jpg,2,Moderate,2,Moderate,True,0.46371448,0.19830321,0.33787414,0.46371448,1.8963767e-05,8.9173416e-05
007-0925-000.jpg,0,No DR,2,Moderate,False,0.3508086,0.33569244,0.31303546,0.3508086,0.00018464755,0.0002789153
007-3213-100.jpg,1,Mild,2,Moderate,False,0.4281417,0.28662324,0.28179157,0.4281417,0.0023987251,0.0010446893
20170226214815940.jpg,0,No DR,0,No DR,True,0.5838624,0.5838624,0.09936104,0.31187955,0.00025878893,0.0046382393
20170331095408156.jpg,0,No DR,0,No DR,True,0.6116861,0.6116861,0.12558065,0.26209173,7.469136e-06,0.0006340059
007-5165-300.jpg,2,Moderate,2,Moderate,True,0.6268047,0.03286998,0.18519475,0.6268047,0.12903114,0.026099442
007-1973-100.jpg,2,Moderate,1,Mild,False,0.65738267,0.036053047,0.65738267,0.3018051,0.0038440316,0.0009151983
20170410090018363.jpg,0,No DR,0,No DR,True,0.41857484,0.41857484,0.2134043,0.36714137,0.00019846628,0.00068105746
20170429211004089.jpg,0,No DR,0,No DR,True,0.7581783,0.7581783,0.029642513,0.20099758,0.004953842,0.006227808
20170323080443882.jpg,0,No DR,0,No DR,True,0.7165197,0.7165197,0.0058097295,0.2700712,8.0102574e-05,0.0075192377
007-0422-000.jpg,0,No DR,0,No DR,True,0.51343346,0.51343346,0.19165616,0.29050744,0.00013322783,0.0042698197
007-2809-100.jpg,1,Mild,2,Moderate,False,0.40573364,0.18055373,0.31968835,0.40573364,0.08560482,0.008419518
007-4115-200.jpg,2,Moderate,3,Severe,False,0.3827123,0.00010791679,0.00027422357,0.33939105,0.3827123,0.27751443
20170429225351324.jpg,0,No DR,0,No DR,True,0.77245396,0.77245396,0.026337037,0.19589259,0.0011782272,0.0041382336
20170426134444480.jpg,0,No DR,2,Moderate,False,0.4421804,0.43280128,0.122458145,0.4421804,0.0017126368,0.00084745657
20170120223723847.jpg,0,No DR,0,No DR,True,0.510011,0.510011,0.2290985,0.25752014,0.0004010189,0.002969356
20170226232930828.jpg,0,No DR,0,No DR,True,0.5522084,0.5522084,0.046761505,0.39688155,0.00021589563,0.003932577
20170412110652874.jpg,0,No DR,2,Moderate,False,0.4675994,0.41218364,0.11948604,0.4675994,0.00013888298,0.0005920502
20170605153408762.jpg,2,Moderate,2,Moderate,True,0.71264064,0.11523392,0.1288384,0.71264064,0.041028883,0.0022581376
20170408225650220.jpg,0,No DR,0,No DR,True,0.46282783,0.46282783,0.231829,0.3042297,0.000660428,0.00045303715
007-3280-200.jpg,2,Moderate,2,Moderate,True,0.7828245,0.111613974,0.028128302,0.7828245,0.017372714,0.060060512
007-1557-000.jpg,0,No DR,0,No DR,True,0.4209837,0.4209837,0.26569873,0.31206253,0.0008678132,0.00038722425
007-4311-200.jpg,2,Moderate,2,Moderate,True,0.52330387,0.36215642,0.08170229,0.52330387,0.015382156,0.017455285
20170424100139375.jpg,0,No DR,0,No DR,True,0.578623,0.578623,0.2065611,0.21477889,1.299961e-06,3.571877e-05
20170427204510897.jpg,0,No DR,0,No DR,True,0.6539102,0.6539102,0.09032086,0.2554465,0.0001130433,0.00020946548
007-3025-100.jpg,2,Moderate,2,Moderate,True,0.44042206,0.4296537,0.012321796,0.44042206,0.00034280008,0.1172596
007-2352-100.jpg,0,No DR,1,Mild,False,0.41106215,0.3681181,0.41106215,0.22075558,4.6535395e-05,1.759348e-05
007-4176-200.jpg,2,Moderate,2,Moderate,True,0.44212243,0.03575527,0.19908923,0.44212243,0.037002288,0.2860308
20170215224559176.jpg,0,No DR,0,No DR,True,0.53295195,0.53295195,0.16465805,0.29217106,0.00095300697,0.009265928
20170429204156044.jpg,0,No DR,0,No DR,True,0.737363,0.737363,0.030682575,0.22865598,0.00065059983,0.002647809
20170324092623566.jpg,0,No DR,0,No DR,True,0.7354876,0.7354876,0.04146588,0.2222785,2.921792e-05,0.0007387482
20170503083257799.jpg,2,Moderate,2,Moderate,True,0.53577393,0.3234768,0.13976134,0.53577393,0.00012734103,0.00086056505
007-5698-300.jpg,3,Severe,3,Severe,True,0.8027455,6.91107e-05,0.0005069396,0.16753548,0.8027455,0.029142957
20170509162056348.jpg,2,Moderate,2,Moderate,True,0.6832482,0.13438892,0.09575506,0.6832482,0.066912934,0.019694895
20170627160643234.jpg,2,Moderate,2,Moderate,True,0.61864364,0.31103155,0.062040057,0.61864364,0.008146949,0.00013782567
007-8152-601.jpg,0,No DR,0,No DR,True,0.4025741,0.4025741,0.20944741,0.33648434,0.0014864979,0.050007615
007-0079-000.jpg,0,No DR,1,Mild,False,0.41825524,0.29400945,0.41825524,0.28699574,0.00017440434,0.00056512933
007-1136-000.jpg,0,No DR,0,No DR,True,0.47286323,0.47286323,0.06350876,0.33315012,0.00061859685,0.12985933
007-4282-200.jpg,2,Moderate,2,Moderate,True,0.72861755,0.015564452,0.06728994,0.72861755,0.106800266,0.081727825
007-2585-100.jpg,2,Moderate,2,Moderate,True,0.8550891,0.0367967,0.05207019,0.8550891,0.055272814,0.0007712068
20170609193335986.jpg,2,Moderate,2,Moderate,True,0.82021844,0.04797004,0.10454822,0.82021844,0.0032903035,0.023973027
007-3115-100.jpg,0,No DR,2,Moderate,False,0.5547062,0.2673896,0.16555893,0.5547062,0.00022003424,0.012125225
20170323095327323.jpg,0,No DR,0,No DR,True,0.6606846,0.6606846,0.05259334,0.26898712,0.00027522392,0.017459705
20170429211108816.jpg,0,No DR,0,No DR,True,0.8010906,0.8010906,0.027738908,0.16960703,0.00075891777,0.0008045324
20170327150751478.jpg,0,No DR,2,Moderate,False,0.56239593,0.3103722,0.10689591,0.56239593,0.0024752512,0.017860731
007-2988-100.jpg,1,Mild,2,Moderate,False,0.4550769,0.37255308,0.1667896,0.4550769,0.0023307155,0.0032496895
20170607161021590.jpg,2,Moderate,2,Moderate,True,0.9345346,0.004688557,0.011331431,0.9345346,0.035316464,0.014128927
20170511154953819.jpg,2,Moderate,0,No DR,False,0.45383912,0.45383912,0.12110019,0.42400756,0.0007820982,0.00027106315
20170223115112397.jpg,0,No DR,0,No DR,True,0.49565506,0.49565506,0.20780428,0.28939587,0.0004955811,0.0066492227
007-0009-000.jpg,0,No DR,1,Mild,False,0.6050506,0.20430434,0.6050506,0.19052054,5.0115792e-05,7.436609e-05
007-6748-400.jpg,4,Proliferative,4,Proliferative,True,0.62349504,0.0007349569,0.006858472,0.16360548,0.20530605,0.62349504
007-5625-300.jpg,4,Proliferative,4,Proliferative,True,0.6078764,0.00035059117,0.0014574911,0.17455092,0.2157646,0.6078764
007-2421-100.jpg,2,Moderate,2,Moderate,True,0.43758348,0.13638523,0.416672,0.43758348,0.0054914057,0.003867926
20170404145113686.jpg,0,No DR,0,No DR,True,0.35334265,0.35334265,0.31935745,0.32030037,0.0007619728,0.006237567
20170328153647268.jpg,0,No DR,2,Moderate,False,0.39647645,0.35222617,0.2499856,0.39647645,0.0003836007,0.00092821335
20170429210208453.jpg,0,No DR,0,No DR,True,0.668234,0.668234,0.16835417,0.16313386,0.0001844678,9.3524504e-05
007-4998-300.jpg,2,Moderate,2,Moderate,True,0.46236905,0.08989167,0.23287499,0.46236905,0.00040868783,0.2144556
007-6923-400.jpg,4,Proliferative,4,Proliferative,True,0.8286112,0.051289503,0.025357278,0.09267965,0.0020623272,0.8286112
20170619152223858.jpg,2,Moderate,2,Moderate,True,0.73937863,0.022194903,0.026328823,0.73937863,0.11203204,0.10006553
20170417105037844.jpg,0,No DR,0,No DR,True,0.5901137,0.5901137,0.111211225,0.29756734,0.0004335578,0.0006742315
007-5489-300.jpg,2,Moderate,2,Moderate,True,0.6594366,0.009277719,0.17859946,0.6594366,0.12994671,0.022739489
20170404145018838.jpg,0,No DR,2,Moderate,False,0.50344026,0.42199162,0.05916108,0.50344026,0.014757711,0.00064928946
007-1396-000.jpg,0,No DR,2,Moderate,False,0.4476762,0.18852983,0.36226997,0.4476762,0.00017227659,0.0013517045
20170227092138032.jpg,0,No DR,0,No DR,True,0.6036196,0.6036196,0.0852896,0.3109498,1.8326291e-05,0.00012276806
20170420095437692.jpg,0,No DR,0,No DR,True,0.5886545,0.5886545,0.11452577,0.2967825,7.126286e-07,3.646724e-05
007-7237-400.jpg,4,Proliferative,4,Proliferative,True,0.9742323,0.0038910229,0.0036956796,0.018111683,6.926866e-05,0.9742323
20170327105803591.jpg,0,No DR,0,No DR,True,0.61142343,0.61142343,0.07993765,0.3072635,0.00010506485,0.0012703862
007-4798-300.jpg,2,Moderate,3,Severe,False,0.53473085,0.004204041,0.02024302,0.33172923,0.53473085,0.109092824
007-4976-300.jpg,2,Moderate,2,Moderate,True,0.6698025,0.1941226,0.117519364,0.6698025,0.0013049731,0.017250622
007-6702-400.jpg,4,Proliferative,2,Moderate,False,0.39221373,0.001187026,0.0010532265,0.39221373,0.24995841,0.3555876
20170512230427333.jpg,2,Moderate,2,Moderate,True,0.46237624,0.20523731,0.31656587,0.46237624,0.008247072,0.007573476
007-6316-400.jpg,4,Proliferative,4,Proliferative,True,0.5180048,0.05708846,0.044288207,0.37996173,0.00065682223,0.5180048
007-0160-000.jpg,0,No DR,0,No DR,True,0.49511075,0.49511075,0.11008266,0.3940956,0.000112670816,0.00059833576
007-4263-200.jpg,2,Moderate,2,Moderate,True,0.6335657,0.056819584,0.1478794,0.6335657,0.14175634,0.019978913
007-3085-100.jpg,0,No DR,0,No DR,True,0.52334183,0.52334183,0.033604555,0.43832818,0.00014479546,0.004580583
007-1551-000.jpg,0,No DR,0,No DR,True,0.42511082,0.42511082,0.17089921,0.3914062,0.0003182515,0.012265565
007-6666-400.jpg,4,Proliferative,2,Moderate,False,0.49295655,0.22007352,0.12741588,0.49295655,0.001013983,0.15854003
20170401090207661.jpg,0,No DR,0,No DR,True,0.5049861,0.5049861,0.13194984,0.36291564,3.6118493e-06,0.00014478285
007-7223-400.jpg,4,Proliferative,4,Proliferative,True,0.9389458,0.00029596323,0.00067849335,0.059600662,0.0004791071,0.9389458
007-3095-100.jpg,1,Mild,1,Mild,True,0.41536924,0.22029978,0.41536924,0.34403902,0.00026587787,0.02002597
007-4400-200.jpg,2,Moderate,2,Moderate,True,0.7181052,0.005785488,0.007852678,0.7181052,0.05009712,0.21815948
007-6874-400.jpg,4,Proliferative,4,Proliferative,True,0.7748209,0.010933241,0.027123755,0.17558096,0.0115411095,0.7748209
007-6211-300.jpg,2,Moderate,2,Moderate,True,0.5909222,0.093204364,0.06984656,0.5909222,0.00863458,0.23739235
007-3068-100.jpg,1,Mild,2,Moderate,False,0.4229055,0.18441258,0.39219284,0.4229055,0.00011169875,0.00037739013
007-6971-400.jpg,4,Proliferative,4,Proliferative,True,0.92507684,0.00092244585,0.0027249963,0.06657173,0.0047039976,0.92507684
20170327103858459.jpg,0,No DR,0,No DR,True,0.68704087,0.68704087,0.043535806,0.26775265,0.00013193378,0.0015388074
007-3686-200.jpg,2,Moderate,2,Moderate,True,0.44117948,0.1093586,0.016677251,0.44117948,0.0023453422,0.43043938
20170428090925245.jpg,0,No DR,2,Moderate,False,0.57999337,0.3128901,0.106619544,0.57999337,1.1144721e-05,0.00048576048
007-5428-300.jpg,2,Moderate,2,Moderate,True,0.6941236,0.12237504,0.10534204,0.6941236,0.027685778,0.050473556
007-1964-100.jpg,0,No DR,0,No DR,True,0.50992614,0.50992614,0.19015273,0.2990019,0.0007292094,0.00019002381
007-4582-200.jpg,2,Moderate,2,Moderate,True,0.6123164,0.0037190046,0.017461447,0.6123164,0.09346758,0.27303553
007-2991-100.jpg,2,Moderate,2,Moderate,True,0.81063,0.07359462,0.020981053,0.81063,0.0016124069,0.09318189
007-6783-400.jpg,4,Proliferative,4,Proliferative,True,0.84495956,0.011617379,0.04595708,0.08653652,0.010929537,0.84495956
20170429200502952.jpg,0,No DR,0,No DR,True,0.79261094,0.79261094,0.03400079,0.17096972,0.0011635895,0.0012549845
007-7005-400.jpg,4,Proliferative,4,Proliferative,True,0.7109881,0.030281676,0.005356414,0.25235748,0.0010163538,0.7109881
007-6615-400.jpg,4,Proliferative,3,Severe,False,0.5013993,6.295874e-05,0.0003871309,0.21587934,0.5013993,0.28227127
007-6504-400.jpg,4,Proliferative,2,Moderate,False,0.65459955,0.0030218908,0.0080820955,0.65459955,0.17210144,0.16219507
20170427182059997.jpg,0,No DR,0,No DR,True,0.69716775,0.69716775,0.041360937,0.24334298,0.010633599,0.007494712
007-6467-400.jpg,4,Proliferative,4,Proliferative,True,0.740559,0.00011411901,0.000102080034,0.20162585,0.057598896,0.740559
007-6978-400.jpg,4,Proliferative,4,Proliferative,True,0.54508764,0.14200023,0.026745383,0.28585947,0.00030725033,0.54508764
20170208102043208.jpg,0,No DR,0,No DR,True,0.52670515,0.52670515,0.13845061,0.33467117,8.751937e-06,0.00016429416
20170511113811780.jpg,2,Moderate,2,Moderate,True,0.44752285,0.108740315,0.43995267,0.44752285,0.0030461268,0.0007380621
20170208174537830.jpg,0,No DR,0,No DR,True,0.5161135,0.5161135,0.19119395,0.2922945,0.00031721246,8.0810336e-05
007-0603-000.jpg,0,No DR,0,No DR,True,0.44528055,0.44528055,0.18592621,0.363865,0.00046660303,0.004461653
007-6462-400.jpg,4,Proliferative,4,Proliferative,True,0.8927449,0.0019249858,0.0075785564,0.07858053,0.019170942,0.8927449
007-7298-601.jpg,0,No DR,0,No DR,True,0.592255,0.592255,0.039392345,0.29584932,9.786317e-05,0.07240545
007-4211-200.jpg,2,Moderate,2,Moderate,True,0.7667054,0.12676086,0.0916983,0.7667054,0.0036546206,0.011180793
007-4742-200.jpg,2,Moderate,2,Moderate,True,0.44938198,0.3002444,0.23369892,0.44938198,0.012929468,0.003745289
20170215164839770.jpg,0,No DR,0,No DR,True,0.6286611,0.6286611,0.03387391,0.33546388,0.0010364092,0.0009646274
007-0260-000.jpg,0,No DR,0,No DR,True,0.6192535,0.6192535,0.067948855,0.31210437,0.00022870279,0.00046458052
007-5112-300.jpg,2,Moderate,2,Moderate,True,0.4941964,0.14329752,0.24227752,0.4941964,0.10735382,0.012874743
007-4537-200.jpg,2,Moderate,2,Moderate,True,0.61208487,0.001790158,0.00056605425,0.61208487,0.003314075,0.38224488
20170327094324636.jpg,0,No DR,0,No DR,True,0.6345733,0.6345733,0.1311514,0.23412544,2.7246986e-05,0.00012271806
20170425180850064.jpg,0,No DR,0,No DR,True,0.48389566,0.48389566,0.14149947,0.3739887,3.5092235e-05,0.0005810531
007-5942-300.jpg,2,Moderate,2,Moderate,True,0.70898557,0.04712121,0.190715,0.70898557,0.045765948,0.007412304
007-8331-602.jpg,0,No DR,2,Moderate,False,0.5673707,0.24687567,0.0024137273,0.5673707,0.0007309098,0.1826089
007-3694-200.jpg,2,Moderate,2,Moderate,True,0.7937097,0.101696104,0.051102385,0.7937097,0.020388111,0.033103745
20170615110729147.jpg,2,Moderate,2,Moderate,True,0.5057644,0.2838352,0.1650011,0.5057644,0.02791968,0.017479638
007-2860-100.jpg,2,Moderate,2,Moderate,True,0.5537193,0.18392542,0.20458713,0.5537193,0.009580188,0.04818797
20170324085147957.jpg,0,No DR,1,Mild,False,0.4013628,0.38806772,0.4013628,0.2100093,0.00051815284,4.194777e-05
007-3928-200.jpg,2,Moderate,2,Moderate,True,0.6478682,0.0023472332,0.0040271827,0.6478682,0.0014329314,0.34432444
007-1281-000.jpg,0,No DR,0,No DR,True,0.5881271,0.5881271,0.06946326,0.31118196,0.00010098914,0.031126618
007-2645-100.jpg,2,Moderate,2,Moderate,True,0.5639959,0.061215248,0.074697934,0.5639959,0.28869903,0.01139187
20170206083214443.jpg,0,No DR,0,No DR,True,0.6097047,0.6097047,0.04708152,0.34175935,0.0010075504,0.00044689866
007-5213-300.jpg,2,Moderate,2,Moderate,True,0.5026074,0.021087408,0.024046928,0.5026074,0.023861831,0.4283964
007-1121-000.jpg,0,No DR,0,No DR,True,0.55242413,0.55242413,0.13598903,0.3083746,9.944876e-05,0.0031127941
007-0973-000.jpg,0,No DR,0,No DR,True,0.54930425,0.54930425,0.1859833,0.26321918,1.8883016e-05,0.0014744671
20170408222007842.jpg,0,No DR,0,No DR,True,0.6463614,0.6463614,0.11762482,0.2358445,0.000104952924,6.4347245e-05
007-0357-000.jpg,0,No DR,0,No DR,True,0.6497191,0.6497191,0.04655558,0.29665244,3.3091776e-05,0.0070398496
20170408225045401.jpg,0,No DR,0,No DR,True,0.7203354,0.7203354,0.045940045,0.23303889,0.00019991996,0.000485727
20170527183642236.jpg,2,Moderate,2,Moderate,True,0.4194796,0.3921173,0.14472936,0.4194796,0.040162574,0.0035111657
007-0153-000.jpg,0,No DR,0,No DR,True,0.6268625,0.6268625,0.11359469,0.25948575,8.961223e-06,4.8044792e-05
20170330222644867.jpg,0,No DR,0,No DR,True,0.42760247,0.42760247,0.21186024,0.36035153,4.5214714e-05,0.0001405676
20170330153520843.jpg,0,No DR,0,No DR,True,0.52414674,0.52414674,0.05800821,0.417077,0.0005678543,0.0002001117
20170410143909882.jpg,0,No DR,1,Mild,False,0.4099152,0.27826595,0.4099152,0.31178126,2.30691e-05,1.4534355e-05
20170516163623154.jpg,2,Moderate,2,Moderate,True,0.565,0.33377287,0.09251435,0.565,0.0025451637,0.0061675813
007-0842-000.jpg,0,No DR,0,No DR,True,0.597992,0.597992,0.038891047,0.36158565,0.00084391766,0.00068741635
007-2252-100.jpg,2,Moderate,2,Moderate,True,0.67477643,0.049851,0.2053975,0.67477643,0.058117166,0.011857929
007-7180-400.jpg,4,Proliferative,2,Moderate,False,0.5383096,0.021963226,0.0041365298,0.5383096,0.005831231,0.42975947
20170326081652962.jpg,0,No DR,0,No DR,True,0.6886007,0.6886007,0.12376482,0.1875926,1.0483631e-05,3.138056e-05
007-7184-400.jpg,4,Proliferative,4,Proliferative,True,0.95852935,0.0014628802,0.0026066164,0.036872484,0.00052875094,0.95852935
007-2573-100.jpg,0,No DR,2,Moderate,False,0.4072597,0.3444321,0.22216974,0.4072597,0.002667206,0.023471281
20170430201007090.jpg,0,No DR,0,No DR,True,0.6689463,0.6689463,0.04217449,0.2829925,0.00056523277,0.0053215423
20170618202047811.jpg,2,Moderate,2,Moderate,True,0.7060395,0.07338846,0.21367866,0.7060395,0.006620727,0.0002726853
20170430200001876.jpg,0,No DR,0,No DR,True,0.59265053,0.59265053,0.09102453,0.30773625,0.0068139113,0.0017746888
007-1192-000.jpg,0,No DR,1,Mild,False,0.42909944,0.18224263,0.42909944,0.37219054,0.004947026,0.011520393
20170217105826821.jpg,0,No DR,1,Mild,False,0.41672692,0.33413902,0.41672692,0.24872105,0.00027133388,0.00014170686
007-0297-000.jpg,0,No DR,0,No DR,True,0.73798233,0.73798233,0.04232688,0.21861015,0.00017409172,0.00090656534
007-6882-400.jpg,4,Proliferative,2,Moderate,False,0.4519892,0.22598675,0.058242876,0.4519892,0.002313965,0.26146713
007-4533-200.jpg,2,Moderate,2,Moderate,True,0.88558376,0.02435457,0.06944329,0.88558376,0.006571343,0.01404705
20170207084355189.jpg,0,No DR,0,No DR,True,0.53392315,0.53392315,0.12872733,0.3371938,6.012598e-05,9.553485e-05
007-0518-000.jpg,0,No DR,0,No DR,True,0.64695984,0.64695984,0.082071885,0.27082288,0.00011078605,3.4547753e-05
007-2013-100.jpg,1,Mild,2,Moderate,False,0.5033507,0.44920897,0.046433162,0.5033507,0.000115923714,0.000891316
007-1835-100.jpg,1,Mild,0,No DR,False,0.46332902,0.46332902,0.18545675,0.3507913,7.557465e-06,0.00041533512
007-8456-603.jpg,2,Moderate,2,Moderate,True,0.47729558,0.096710406,0.01356326,0.47729558,0.0027881612,0.4096427
20170517105302723.jpg,2,Moderate,2,Moderate,True,0.5811374,0.12733461,0.09626665,0.5811374,0.18110253,0.014158831
007-4594-200.jpg,2,Moderate,2,Moderate,True,0.71038043,0.04125478,0.11224905,0.71038043,0.066529244,0.06958653
007-4136-200.jpg,2,Moderate,2,Moderate,True,0.6409512,0.039921865,0.030810656,0.6409512,0.0015315062,0.28678474
007-3070-100.jpg,2,Moderate,2,Moderate,True,0.67994225,0.10781805,0.1900445,0.67994225,0.01807836,0.004116816
20170429203519271.jpg,0,No DR,0,No DR,True,0.60570276,0.60570276,0.058679212,0.33487204,8.473179e-05,0.00066122646
20170627192035083.jpg,1,Mild,2,Moderate,False,0.5434515,0.18167986,0.27345002,0.5434515,0.0009070914,0.0005115223
20170411141618642.jpg,0,No DR,0,No DR,True,0.4196594,0.4196594,0.1669406,0.4129072,2.6579715e-05,0.00046613035
007-6103-300.jpg,2,Moderate,2,Moderate,True,0.8647984,0.00026028024,0.0002101487,0.8647984,0.0047706217,0.12996049
20170324090522483.jpg,0,No DR,0,No DR,True,0.52391404,0.52391404,0.2262227,0.24968179,3.8741746e-05,0.00014275152
007-3994-200.jpg,2,Moderate,2,Moderate,True,0.60245985,0.23629776,0.1292739,0.60245985,0.0025293475,0.029439114
007-2343-100.jpg,1,Mild,2,Moderate,False,0.47507638,0.28305316,0.24093008,0.47507638,0.0007329387,0.0002074597
007-6197-300.jpg,2,Moderate,4,Proliferative,False,0.57719034,0.05828594,0.11111963,0.24930209,0.0041020047,0.57719034
007-6376-400.jpg,4,Proliferative,4,Proliferative,True,0.44145262,0.0024770922,0.007225106,0.3223687,0.22647643,0.44145262
20170217154756331.jpg,0,No DR,1,Mild,False,0.44097245,0.36336607,0.44097245,0.19539505,9.876187e-05,0.00016763264
20170324144304719.jpg,0,No DR,0,No DR,True,0.45935196,0.45935196,0.15108481,0.3888953,4.345031e-05,0.0006245994
007-1957-100.jpg,2,Moderate,1,Mild,False,0.5077995,0.181526,0.5077995,0.30986878,0.00043556653,0.00037017453
20170430202442721.jpg,0,No DR,0,No DR,True,0.6227862,0.6227862,0.21447793,0.16153815,0.00069881504,0.0004989189
007-5836-300.jpg,2,Moderate,2,Moderate,True,0.5879696,0.25738886,0.09815117,0.5879696,0.0018676547,0.05462275
20170429200829964.jpg,0,No DR,0,No DR,True,0.66239303,0.66239303,0.06779296,0.26821747,0.00021318556,0.0013833402
20170614103846161.jpg,3,Severe,3,Severe,True,0.6731079,0.00034306454,0.0007602529,0.2313062,0.6731079,0.09448253
007-4309-200.jpg,2,Moderate,2,Moderate,True,0.4938786,0.036936693,0.042995673,0.4938786,0.014944307,0.41124472
007-4584-200.jpg,2,Moderate,2,Moderate,True,0.84534955,0.058307722,0.026876388,0.84534955,0.038216922,0.03124938
20170429211535495.jpg,0,No DR,0,No DR,True,0.70186406,0.70186406,0.04412646,0.2195047,0.00019706991,0.034307722
20170120221816237.jpg,0,No DR,0,No DR,True,0.5632547,0.5632547,0.28262582,0.15273881,0.00026465298,0.0011159906
007-2732-100.jpg,2,Moderate,2,Moderate,True,0.5085728,0.123543456,0.35417762,0.5085728,0.012626102,0.00107998
007-5499-300.jpg,2,Moderate,2,Moderate,True,0.7194727,0.09293485,0.17739429,0.7194727,0.006259758,0.0039384165
007-1296-000.jpg,0,No DR,2,Moderate,False,0.47424534,0.46785316,0.05720185,0.47424534,0.000106057916,0.00059352675
20170428093232618.jpg,0,No DR,2,Moderate,False,0.4920055,0.48877412,0.015192932,0.4920055,0.00308041,0.00094706786
20170407220510910.jpg,0,No DR,0,No DR,True,0.5235676,0.5235676,0.10621716,0.36361963,0.0022093127,0.0043863663
007-1769-100.jpg,1,Mild,2,Moderate,False,0.5144083,0.42854002,0.05690862,0.5144083,0.00011573258,2.7357875e-05
20170323130835496.jpg,0,No DR,2,Moderate,False,0.4553625,0.43156835,0.06261279,0.4553625,0.044790607,0.005665764
20170612211133532.jpg,2,Moderate,2,Moderate,True,0.42573005,0.000100412035,0.001313612,0.42573005,0.32619128,0.24666461
007-2758-100.jpg,2,Moderate,2,Moderate,True,0.7766798,0.11277594,0.08606516,0.7766798,0.012057868,0.012421301
20170217161948427.jpg,0,No DR,0,No DR,True,0.49277642,0.49277642,0.09203705,0.4144061,0.00025146423,0.00052892877
007-4738-200.jpg,2,Moderate,2,Moderate,True,0.54280263,0.08131554,0.005156782,0.54280263,0.0005835016,0.37014148
007-0807-000.jpg,0,No DR,0,No DR,True,0.52094686,0.52094686,0.14197557,0.33702078,3.5198482e-06,5.3222055e-05
007-1802-100.jpg,1,Mild,2,Moderate,False,0.55264384,0.14640407,0.28620383,0.55264384,0.0015292893,0.013218942
007-6896-400.jpg,4,Proliferative,4,Proliferative,True,0.53367513,0.007936972,0.0037518197,0.44767067,0.0069654025,0.53367513
007-0521-000.jpg,0,No DR,0,No DR,True,0.66555613,0.66555613,0.05747621,0.26602456,1.8020117e-05,0.010925079
20170324080917203.jpg,0,No DR,0,No DR,True,0.76581043,0.76581043,0.066771,0.16717035,1.5779866e-05,0.00023240369
20170429200249270.jpg,0,No DR,0,No DR,True,0.685042,0.685042,0.049315955,0.26119268,0.0006673806,0.003781974
20170429221517229.jpg,0,No DR,0,No DR,True,0.71023047,0.71023047,0.057364464,0.23216522,9.823947e-05,0.00014166303
007-2477-100.jpg,2,Moderate,1,Mild,False,0.6993534,0.0101663545,0.6993534,0.28518716,0.0023570762,0.0029360133
007-6394-400.jpg,4,Proliferative,4,Proliferative,True,0.82049847,0.001663907,0.0069539766,0.16697066,0.003913067,0.82049847
20170211082727722.jpg,0,No DR,0,No DR,True,0.5709011,0.5709011,0.094592586,0.33239815,7.107235e-05,0.0020372272
20170220092338749.jpg,0,No DR,0,No DR,True,0.5409761,0.5409761,0.13705787,0.32179165,8.921365e-05,8.517909e-05
007-1813-100.jpg,2,Moderate,2,Moderate,True,0.85574186,0.040348213,0.050538763,0.85574186,0.0037285571,0.04964267
007-1554-000.jpg,0,No DR,0,No DR,True,0.35532844,0.35532844,0.29514468,0.334163,0.003754792,0.011609063
007-3541-200.jpg,2,Moderate,2,Moderate,True,0.8150726,0.06370815,0.09700301,0.8150726,0.008376229,0.015840046
007-2192-100.jpg,0,No DR,0,No DR,True,0.46884063,0.46884063,0.2709133,0.25585636,0.0033495072,0.0010402403
20170629112225780.jpg,2,Moderate,2,Moderate,True,0.6184282,0.21310733,0.15766737,0.6184282,0.0089303,0.001866819
20170324084144836.jpg,0,No DR,0,No DR,True,0.63450646,0.63450646,0.11133233,0.25389567,0.00014752898,0.000118000666
20170223094123204.jpg,0,No DR,2,Moderate,False,0.38454407,0.2936885,0.31709272,0.38454407,0.0014121135,0.0032625902
007-6384-400.jpg,4,Proliferative,2,Moderate,False,0.59320915,0.025567936,0.010213529,0.59320915,0.028273476,0.34273586
20170429203054497.jpg,0,No DR,2,Moderate,False,0.50013304,0.4238048,0.069380276,0.50013304,0.0045899157,0.0020920169
007-1658-000.jpg,0,No DR,2,Moderate,False,0.47695178,0.36803275,0.063777596,0.47695178,0.0039918744,0.087246016
20170224212408649.jpg,0,No DR,0,No DR,True,0.5733867,0.5733867,0.1468341,0.27773568,0.0013111021,0.00073240715
007-3458-200.jpg,2,Moderate,2,Moderate,True,0.761937,0.0014630932,0.0049640127,0.761937,0.08249227,0.14914367
007-2631-100.jpg,2,Moderate,0,No DR,False,0.4995983,0.4995983,0.25013036,0.24522988,0.004055369,0.0009860878
007-0503-000.jpg,0,No DR,2,Moderate,False,0.46083722,0.4525002,0.08604448,0.46083722,0.0003314146,0.00028665297
20170323091629619.jpg,0,No DR,0,No DR,True,0.46182907,0.46182907,0.30788934,0.23023908,6.9814514e-06,3.5477973e-05
007-4940-300.jpg,2,Moderate,1,Mild,False,0.4371317,0.1763605,0.4371317,0.3620783,0.0009906031,0.02343889
007-1465-000.jpg,0,No DR,0,No DR,True,0.5663792,0.5663792,0.23625046,0.19714516,0.00017459887,5.0545157e-05
007-1961-100.jpg,1,Mild,2,Moderate,False,0.43753025,0.1397005,0.41760874,0.43753025,0.0034111822,0.0017493865
20170427191045918.jpg,0,No DR,1,Mild,False,0.45413306,0.3152033,0.45413306,0.22516005,0.005118138,0.00038539348
20170417152010581.jpg,0,No DR,1,Mild,False,0.53391385,0.30687648,0.53391385,0.15910432,2.9606063e-05,7.5749675e-05
007-7175-400.jpg,4,Proliferative,4,Proliferative,True,0.43587175,0.015815785,0.08645455,0.3989362,0.06292168,0.43587175
007-6540-400.jpg,4,Proliferative,4,Proliferative,True,0.84883606,8.508183e-05,0.0010320526,0.11099627,0.039050464,0.84883606
007-6875-400.jpg,4,Proliferative,4,Proliferative,True,0.8955978,0.0011311072,0.004738265,0.0777209,0.020811832,0.8955978
007-2106-100.jpg,2,Moderate,2,Moderate,True,0.78770983,0.010176166,0.019190563,0.78770983,0.029928917,0.15299454
007-6360-400.jpg,4,Proliferative,4,Proliferative,True,0.9321537,0.001221215,0.0013466625,0.06480452,0.00047382884,0.9321537
20170430194549413.jpg,0,No DR,0,No DR,True,0.57630855,0.57630855,0.1162173,0.3063451,0.00056880206,0.00056028063
20170213091846694.jpg,0,No DR,2,Moderate,False,0.38552028,0.3161296,0.296982,0.38552028,0.0007668971,0.00060120836
20170428083313325.jpg,0,No DR,0,No DR,True,0.5675806,0.5675806,0.05782088,0.36734933,0.00040740424,0.0068418183
20170204103033420.jpg,0,No DR,0,No DR,True,0.54282355,0.54282355,0.23710082,0.22004192,1.2215577e-06,3.2525844e-05
007-4329-200.jpg,2,Moderate,2,Moderate,True,0.59983534,0.0003367562,0.00087066897,0.59983534,0.33926988,0.059687383
20170214144743190.jpg,0,No DR,0,No DR,True,0.64014494,0.64014494,0.10238754,0.25590187,7.3095616e-05,0.0014925114
20170224222711000.jpg,0,No DR,0,No DR,True,0.47699204,0.47699204,0.17929453,0.34245136,0.0006923345,0.00056968466
20170206181327355.jpg,0,No DR,0,No DR,True,0.5975897,0.5975897,0.042022824,0.33808073,0.00070144876,0.021605257
20170429214330890.jpg,0,No DR,0,No DR,True,0.80013,0.80013,0.020714324,0.17125952,0.00018009792,0.0077160187
20170427184310184.jpg,0,No DR,0,No DR,True,0.6325359,0.6325359,0.05455511,0.3034264,0.00076712697,0.008715515
20170608212719065.jpg,2,Moderate,2,Moderate,True,0.7660044,0.026823048,0.10745928,0.7660044,0.07500348,0.024709832
007-0232-000.jpg,0,No DR,0,No DR,True,0.68471825,0.68471825,0.029205332,0.2855015,0.00010435967,0.00047058624
007-0630-000.jpg,0,No DR,0,No DR,True,0.55321234,0.55321234,0.22226538,0.22393917,0.00032733558,0.0002557528
007-3491-200.jpg,2,Moderate,2,Moderate,True,0.63891023,0.014522719,0.13529041,0.63891023,0.17386714,0.0374095
007-3743-200.jpg,2,Moderate,3,Severe,False,0.62561363,0.0023488963,0.039766252,0.31607062,0.62561363,0.016200645
007-0523-000.jpg,0,No DR,1,Mild,False,0.3709422,0.2828045,0.3709422,0.34153104,0.0043955524,0.00032668994
20170508222445492.jpg,2,Moderate,1,Mild,False,0.4958895,0.27494872,0.4958895,0.22912912,1.735592e-05,1.5335898e-05
007-5167-300.jpg,3,Severe,3,Severe,True,0.60334474,1.6884214e-05,0.00017832036,0.10742335,0.60334474,0.28903678
007-4861-300.jpg,2,Moderate,2,Moderate,True,0.59916776,0.034255244,0.06611096,0.59916776,0.29211336,0.008352668
007-4013-200.jpg,2,Moderate,1,Mild,False,0.55264336,0.04218026,0.55264336,0.39564404,0.0046453583,0.004886968
007-6794-400.jpg,4,Proliferative,4,Proliferative,True,0.9570009,0.00037777523,0.00029936826,0.04159023,0.0007317018,0.9570009
20170411104820443.jpg,0,No DR,0,No DR,True,0.4751774,0.4751774,0.14125676,0.38329625,2.7688659e-05,0.00024193623
20170427183048684.jpg,0,No DR,0,No DR,True,0.636929,0.636929,0.05791544,0.26007053,0.012555655,0.03252944
007-0774-000.jpg,0,No DR,0,No DR,True,0.35446107,0.35446107,0.33612,0.30873686,0.0001882314,0.0004937839
20170331110254863.jpg,0,No DR,0,No DR,True,0.5687923,0.5687923,0.07780141,0.3517362,0.0010574905,0.00061260926
007-5035-300.jpg,2,Moderate,2,Moderate,True,0.8485825,0.059198927,0.088148415,0.8485825,0.00020326732,0.0038668849
20170331133825966.jpg,0,No DR,1,Mild,False,0.6350263,0.28747368,0.6350263,0.077336155,1.6983966e-05,0.00014692041
20170120222905288.jpg,0,No DR,0,No DR,True,0.6979558,0.6979558,0.09074972,0.2102561,3.812752e-05,0.0010002548
007-4483-200.jpg,2,Moderate,2,Moderate,True,0.6943025,0.084849685,0.0396747,0.6943025,0.123214364,0.05795876
20170428111534396.jpg,0,No DR,1,Mild,False,0.36211723,0.35558417,0.36211723,0.2805416,0.00029660057,0.0014604114
20170429204745543.jpg,0,No DR,0,No DR,True,0.8088028,0.8088028,0.020724319,0.17001392,0.00021880784,0.00024022382
007-5945-300.jpg,2,Moderate,2,Moderate,True,0.48906386,0.04440954,0.12179538,0.48906386,0.29874125,0.045989983
007-3048-100.jpg,1,Mild,1,Mild,True,0.38759333,0.25844035,0.38759333,0.3454232,0.00076754304,0.0077755665
007-5795-300.jpg,2,Moderate,2,Moderate,True,0.80059034,0.013404552,0.022185229,0.80059034,0.15058139,0.013238545
20170405090038424.jpg,0,No DR,0,No DR,True,0.58978885,0.58978885,0.019201688,0.39009067,0.00045741224,0.00046139734
20170502095043169.jpg,2,Moderate,1,Mild,False,0.36882547,0.26417118,0.36882547,0.35129166,0.014161661,0.0015499858
20170214220426150.jpg,0,No DR,0,No DR,True,0.521796,0.521796,0.06530152,0.36109075,0.0017192824,0.05009244
20170131090204290.jpg,0,No DR,2,Moderate,False,0.4336096,0.24638219,0.319801,0.4336096,8.370207e-05,0.00012339989
20170427181340648.jpg,0,No DR,0,No DR,True,0.73292404,0.73292404,0.05129023,0.21416108,0.0007027302,0.00092196744
20170429231120977.jpg,0,No DR,0,No DR,True,0.6524338,0.6524338,0.060869996,0.26107448,0.007265058,0.01835674
20170324090524051.jpg,0,No DR,0,No DR,True,0.43493605,0.43493605,0.16521356,0.39968815,0.00013073783,3.153938e-05
20170425160813048.jpg,0,No DR,2,Moderate,False,0.4112891,0.39310792,0.19505538,0.4112891,9.554452e-05,0.00045201625
007-2386-100.jpg,1,Mild,1,Mild,True,0.6125236,0.21405485,0.6125236,0.17218606,0.00086249894,0.0003730235
007-2724-100.jpg,2,Moderate,2,Moderate,True,0.58246374,0.1590616,0.09516682,0.58246374,0.0011730982,0.16213474
20170427191132650.jpg,0,No DR,0,No DR,True,0.57398766,0.57398766,0.12875721,0.27868545,0.013912157,0.00465755
20170429203248590.jpg,0,No DR,0,No DR,True,0.5463998,0.5463998,0.117655694,0.296225,0.0026366685,0.037082884
007-4155-200.jpg,2,Moderate,4,Proliferative,False,0.5652038,0.00094432186,0.008883661,0.3795179,0.045450352,0.5652038
007-5212-300.jpg,2,Moderate,1,Mild,False,0.57388914,0.089700885,0.57388914,0.32561293,0.0069400137,0.0038570175
20170430142545713.jpg,0,No DR,0,No DR,True,0.47726166,0.47726166,0.17691948,0.3456353,0.0001138768,6.965824e-05
20170430195020637.jpg,0,No DR,0,No DR,True,0.59056365,0.59056365,0.06356153,0.34355247,0.0018895133,0.00043289064
007-3591-200.jpg,2,Moderate,2,Moderate,True,0.6716523,0.05797103,0.1950428,0.6716523,0.019114086,0.056219835
007-6565-400.jpg,4,Proliferative,4,Proliferative,True,0.60497576,0.031346943,0.043679595,0.3196097,0.00038804312,0.60497576
20170506145433804.jpg,2,Moderate,2,Moderate,True,0.6191747,0.14465384,0.22378941,0.6191747,0.0030903232,0.009291705
20170430175727365.jpg,0,No DR,0,No DR,True,0.67177725,0.67177725,0.039818294,0.2860791,0.00024697784,0.0020783306
007-6527-400.jpg,4,Proliferative,4,Proliferative,True,0.82956165,0.041668776,0.024628585,0.103177786,0.00096311764,0.82956165
20170429224704335.jpg,0,No DR,0,No DR,True,0.70952994,0.70952994,0.06310969,0.22436981,0.0015143186,0.001476256
007-4957-300.jpg,2,Moderate,2,Moderate,True,0.73407906,0.010041123,0.18497448,0.73407906,0.05267405,0.018231222
20170428120313013.jpg,0,No DR,0,No DR,True,0.6225949,0.6225949,0.049987342,0.32659084,8.517291e-05,0.00074180495
007-1272-000.jpg,0,No DR,0,No DR,True,0.4921879,0.4921879,0.20499517,0.30226517,0.00021352991,0.00033816462
007-3599-200.jpg,2,Moderate,2,Moderate,True,0.47561833,0.22648618,0.283387,0.47561833,0.008725378,0.005783063
20170429214814322.jpg,0,No DR,0,No DR,True,0.6938503,0.6938503,0.1325012,0.17130503,0.0008146193,0.001528956
20170206131408329.jpg,0,No DR,0,No DR,True,0.50926304,0.50926304,0.053753663,0.43687972,3.7306192e-05,6.621499e-05
007-0498-000.jpg,0,No DR,2,Moderate,False,0.4656231,0.37805673,0.15260957,0.4656231,0.0028375967,0.0008729434
20170413085749781.jpg,0,No DR,0,No DR,True,0.5135062,0.5135062,0.107164696,0.37925294,3.0663523e-05,4.5573106e-05
007-4018-200.jpg,2,Moderate,2,Moderate,True,0.4473557,0.031130766,0.10705337,0.4473557,0.37549362,0.038966592
20170324091347852.jpg,0,No DR,0,No DR,True,0.67443925,0.67443925,0.10321261,0.2197768,0.0010463193,0.0015249974
20170626093610343.jpg,2,Moderate,2,Moderate,True,0.7319165,0.008316574,0.0859619,0.7319165,0.1544774,0.019327685
20170223174544090.jpg,0,No DR,0,No DR,True,0.5009133,0.5009133,0.10350615,0.3817901,0.011113304,0.0026770795
007-7598-601.jpg,0,No DR,2,Moderate,False,0.50568914,0.35651505,0.118599884,0.50568914,0.0022709,0.016925046
20170207083818918.jpg,0,No DR,0,No DR,True,0.51868683,0.51868683,0.16037214,0.32093665,3.975548e-07,3.9512383e-06
007-1488-000.jpg,0,No DR,0,No DR,True,0.4325891,0.4325891,0.11577086,0.32031605,0.00010480358,0.13121913
20170612105012787.jpg,2,Moderate,1,Mild,False,0.5361768,0.15050784,0.5361768,0.30315524,0.0020649957,0.00809517
20170617103821616.jpg,1,Mild,2,Moderate,False,0.6015448,0.055418037,0.33079392,0.6015448,0.011126536,0.0011167197
20170427182705405.jpg,0,No DR,0,No DR,True,0.7482236,0.7482236,0.04073205,0.20979354,0.00042024226,0.000830613
007-0689-000.jpg,0,No DR,0,No DR,True,0.45478448,0.45478448,0.27353656,0.27156764,1.666288e-05,9.467319e-05
20170611090524022.jpg,2,Moderate,2,Moderate,True,0.72612536,0.07898077,0.08717575,0.72612536,0.075332485,0.032385718
20170522100335384.jpg,2,Moderate,2,Moderate,True,0.7964115,0.06206969,0.064905785,0.7964115,0.05059137,0.026021706
007-3125-100.jpg,0,No DR,0,No DR,True,0.30745524,0.30745524,0.2752621,0.29914862,0.0022747489,0.115859374
20170430200645200.jpg,0,No DR,0,No DR,True,0.6868245,0.6868245,0.03766469,0.2729149,0.00013362944,0.002462217
007-0129-000.jpg,0,No DR,0,No DR,True,0.53781825,0.53781825,0.061784394,0.3679104,3.5001704e-05,0.03245193
007-4828-300.jpg,2,Moderate,2,Moderate,True,0.8153367,0.023829095,0.015612584,0.8153367,0.013051104,0.13217053
007-3758-200.jpg,2,Moderate,2,Moderate,True,0.54495573,0.0031000606,0.0014733778,0.54495573,0.031754978,0.4187159
007-4886-300.jpg,2,Moderate,3,Severe,False,0.6685113,0.00034878877,0.0010326646,0.30727956,0.6685113,0.022827681
007-6042-300.jpg,2,Moderate,2,Moderate,True,0.6281851,0.026362905,0.033317357,0.6281851,0.20807448,0.10406012
20170323085924938.jpg,0,No DR,0,No DR,True,0.6161051,0.6161051,0.0606832,0.32308036,3.2529522e-05,9.884721e-05
007-3347-200.jpg,2,Moderate,2,Moderate,True,0.56150705,0.3459899,0.06206402,0.56150705,0.00039753428,0.030041488
007-0963-000.jpg,0,No DR,2,Moderate,False,0.41806114,0.33621752,0.24561088,0.41806114,1.2803463e-05,9.767715e-05
007-1745-000.jpg,0,No DR,1,Mild,False,0.3758301,0.313209,0.3758301,0.3095356,0.0012125657,0.00021266723
20170429215929548.jpg,0,No DR,0,No DR,True,0.65114766,0.65114766,0.08475052,0.25934547,0.0010393437,0.0037170367
007-6274-300.jpg,2,Moderate,2,Moderate,True,0.7282122,0.060126595,0.07044756,0.7282122,0.105905004,0.03530867
20170418102230027.jpg,0,No DR,0,No DR,True,0.773726,0.773726,0.0466354,0.1789351,5.3638196e-05,0.0006497567
007-3750-200.jpg,2,Moderate,2,Moderate,True,0.57984763,0.004950716,0.0056817103,0.57984763,0.037215557,0.3723044
20170523085431841.jpg,2,Moderate,2,Moderate,True,0.5065657,0.42457163,0.06777929,0.5065657,0.0002269711,0.0008564526
007-4066-200.jpg,2,Moderate,4,Proliferative,False,0.64452636,0.0014260396,0.0025732997,0.2152597,0.13621454,0.64452636
007-4384-200.jpg,2,Moderate,2,Moderate,True,0.74021214,0.023705937,0.024391212,0.74021214,0.004204036,0.20748666
20170430200245076.jpg,0,No DR,0,No DR,True,0.5894925,0.5894925,0.032103214,0.3741633,0.00051725947,0.0037236945
20170329141551261.jpg,0,No DR,2,Moderate,False,0.4483351,0.3932004,0.15261056,0.4483351,0.003369402,0.0024844804
20170605164035106.jpg,2,Moderate,2,Moderate,True,0.6007231,0.22826272,0.11906127,0.6007231,0.04448711,0.0074657816
007-5143-300.jpg,2,Moderate,2,Moderate,True,0.548488,0.025829935,0.06254451,0.548488,0.08219194,0.2809455
007-5762-300.jpg,2,Moderate,3,Severe,False,0.5013598,0.000178476,0.0005387481,0.42640087,0.5013598,0.071522094
007-7842-601.jpg,0,No DR,0,No DR,True,0.47510675,0.47510675,0.052612968,0.29801327,0.002421507,0.17184547
007-5754-300.jpg,3,Severe,3,Severe,True,0.67862093,5.704079e-05,0.0002604227,0.2381948,0.67862093,0.0828668
007-3167-100.jpg,0,No DR,0,No DR,True,0.37113452,0.37113452,0.15309854,0.32155475,0.0008379984,0.15337421
007-4847-300.jpg,3,Severe,2,Moderate,False,0.5393716,0.01471587,0.009102291,0.5393716,0.15955687,0.2772534
007-1436-000.jpg,0,No DR,1,Mild,False,0.5336369,0.26858786,0.5336369,0.19638674,0.00017763281,0.0012108661
007-0684-000.jpg,0,No DR,2,Moderate,False,0.5090733,0.40655664,0.08419471,0.5090733,1.3410842e-05,0.00016190307
20170326091858070.jpg,0,No DR,0,No DR,True,0.72506046,0.72506046,0.09169981,0.18318239,4.382568e-06,5.2972537e-05
007-0171-000.jpg,0,No DR,0,No DR,True,0.40061948,0.40061948,0.25066814,0.34719163,0.0012418657,0.00027885026
007-4341-200.jpg,2,Moderate,3,Severe,False,0.52713317,0.0038039412,0.020713182,0.37660512,0.52713317,0.0717446
007-7446-601.jpg,0,No DR,0,No DR,True,0.4253696,0.4253696,0.16342293,0.3648706,0.033503965,0.012832878
20170428154912997.jpg,0,No DR,1,Mild,False,0.3943953,0.31453127,0.3943953,0.28957635,0.0002525242,0.0012446004
007-0386-000.jpg,0,No DR,0,No DR,True,0.78642374,0.78642374,0.09047448,0.12309455,6.265044e-07,6.6615944e-06
007-6873-400.jpg,4,Proliferative,4,Proliferative,True,0.7214055,0.06657524,0.033820625,0.17730291,0.0008957481,0.7214055
007-4283-200.jpg,2,Moderate,2,Moderate,True,0.5373234,0.05176842,0.3276032,0.5373234,0.038723875,0.044581078
20170430173804702.jpg,0,No DR,0,No DR,True,0.5437992,0.5437992,0.13791855,0.3069768,7.822684e-05,0.0112271905
007-7338-601.jpg,0,No DR,0,No DR,True,0.51159126,0.51159126,0.09630533,0.39140576,1.5041041e-05,0.0006825719
20170607110412679.jpg,2,Moderate,2,Moderate,True,0.79424226,0.02080891,0.024077266,0.79424226,0.1530146,0.007856979
007-1891-100.jpg,0,No DR,2,Moderate,False,0.4241159,0.3007235,0.27326062,0.4241159,0.00013013998,0.0017697958
007-0303-000.jpg,0,No DR,0,No DR,True,0.64796245,0.64796245,0.038883604,0.31215668,8.890021e-05,0.0009083999
20170430201414723.jpg,0,No DR,0,No DR,True,0.6977752,0.6977752,0.033377565,0.26543266,0.0022158897,0.0011987094
20170106170829250.jpg,0,No DR,0,No DR,True,0.61958754,0.61958754,0.077024065,0.30137232,0.0003286996,0.0016873209
007-6135-300.jpg,2,Moderate,2,Moderate,True,0.6960272,0.0022229336,0.003693114,0.6960272,0.10429233,0.1937644
007-6809-400.jpg,4,Proliferative,4,Proliferative,True,0.72381145,0.0023113023,0.019613048,0.10792717,0.14633702,0.72381145
20170407112129731.jpg,0,No DR,0,No DR,True,0.4481152,0.4481152,0.26665086,0.2850166,0.000116360556,0.00010094617
007-0705-000.jpg,1,Mild,2,Moderate,False,0.4053739,0.3513458,0.24290805,0.4053739,2.231608e-05,0.00034994152
007-3812-200.jpg,2,Moderate,2,Moderate,True,0.6425439,0.0064071976,0.015319698,0.6425439,0.20058034,0.13514888
007-4583-200.jpg,2,Moderate,2,Moderate,True,0.8669199,0.04857735,0.056148954,0.8669199,0.003509253,0.02484457
20170420184012218.jpg,0,No DR,0,No DR,True,0.6004393,0.6004393,0.05234946,0.34603012,0.00017360903,0.0010075244
20170429211817042.jpg,0,No DR,0,No DR,True,0.67155844,0.67155844,0.048323732,0.26780665,0.0026062287,0.00970494
20170506144601373.jpg,2,Moderate,2,Moderate,True,0.37063956,0.2938304,0.29222533,0.37063956,0.034927506,0.008377151
20170616085940941.jpg,2,Moderate,2,Moderate,True,0.5041848,0.13635172,0.3281893,0.5041848,0.028346602,0.0029275913
007-3723-200.jpg,3,Severe,3,Severe,True,0.59953105,0.009864283,0.040799543,0.30902222,0.59953105,0.040782902
20170214091106462.jpg,0,No DR,0,No DR,True,0.45123312,0.45123312,0.32785445,0.22085705,3.8129623e-05,1.7251674e-05
007-2461-100.jpg,1,Mild,1,Mild,True,0.5599452,0.11538684,0.5599452,0.31985945,0.0008660802,0.003942364
007-4224-200.jpg,2,Moderate,2,Moderate,True,0.75643516,0.0017866925,0.009822749,0.75643516,0.1470661,0.08488932
007-2595-100.jpg,1,Mild,2,Moderate,False,0.50932354,0.22417408,0.2525424,0.50932354,0.013167559,0.0007923848
20170429223429622.jpg,0,No DR,0,No DR,True,0.6782082,0.6782082,0.06380699,0.2545378,0.002733485,0.00071355177
20170429231046998.jpg,0,No DR,0,No DR,True,0.6835795,0.6835795,0.09623424,0.20533682,0.008967873,0.0058816276
20170223092417385.jpg,0,No DR,0,No DR,True,0.6142215,0.6142215,0.16354209,0.22222999,9.90351e-07,5.409906e-06
20170408211833240.jpg,0,No DR,0,No DR,True,0.6333529,0.6333529,0.027822813,0.33673644,1.4183724e-05,0.002073749
20170430201632652.jpg,0,No DR,0,No DR,True,0.40820575,0.40820575,0.27148944,0.29577997,0.023646044,0.00087876694
007-5723-300.jpg,2,Moderate,2,Moderate,True,0.7862436,0.07641845,0.07425336,0.7862436,0.012888277,0.050196316
007-3318-200.jpg,2,Moderate,2,Moderate,True,0.5395583,0.01963088,0.027351215,0.5395583,0.0027964283,0.41066322
20170208175254303.jpg,0,No DR,0,No DR,True,0.5842409,0.5842409,0.07122535,0.34353802,0.00032653814,0.00066926144
20170418083234348.jpg,0,No DR,0,No DR,True,0.80249864,0.80249864,0.031130437,0.16631484,6.756732e-06,4.929357e-05
007-5487-300.jpg,2,Moderate,2,Moderate,True,0.37263817,0.26674414,0.35705975,0.37263817,0.0019590263,0.0015988754
007-6959-400.jpg,4,Proliferative,4,Proliferative,True,0.60450107,0.07211218,0.006327629,0.31583264,0.0012265265,0.60450107
007-3851-200.jpg,2,Moderate,2,Moderate,True,0.51507694,0.11924414,0.31930366,0.51507694,0.025292007,0.021083267
20170509113000522.jpg,2,Moderate,0,No DR,False,0.46554124,0.46554124,0.07864702,0.4554309,0.00035276194,2.8154755e-05
007-3072-100.jpg,2,Moderate,2,Moderate,True,0.4844352,0.09699071,0.38584587,0.4844352,0.029490223,0.0032379776
20170422185554513.jpg,0,No DR,0,No DR,True,0.39650923,0.39650923,0.35148728,0.24803941,0.0031524743,0.0008115603
20170427201458706.jpg,0,No DR,0,No DR,True,0.58899677,0.58899677,0.20862707,0.20161901,0.0005017499,0.00025539508
007-5244-300.jpg,2,Moderate,2,Moderate,True,0.5461883,0.018371312,0.029726401,0.5461883,0.059543036,0.3461709
007-2356-100.jpg,2,Moderate,1,Mild,False,0.6399316,0.10715556,0.6399316,0.24366212,0.0075421147,0.0017084813
20170428105022800.jpg,0,No DR,0,No DR,True,0.55457705,0.55457705,0.074576624,0.3698477,4.795639e-05,0.0009506438
20170523101901691.jpg,2,Moderate,2,Moderate,True,0.64117503,0.17978495,0.14746213,0.64117503,0.031078229,0.00049975084
007-0329-000.jpg,0,No DR,0,No DR,True,0.6903039,0.6903039,0.02720787,0.28094804,0.0010117213,0.0005283477
007-4811-300.jpg,2,Moderate,2,Moderate,True,0.6517487,0.04603179,0.118375,0.6517487,0.056934364,0.12691006
007-5561-300.jpg,2,Moderate,4,Proliferative,False,0.5471405,0.00022952603,0.0010894551,0.42093986,0.030600628,0.5471405
20170427214203947.jpg,0,No DR,0,No DR,True,0.67721355,0.67721355,0.0418349,0.27903262,0.0012486964,0.0006703026
20170427184535071.jpg,0,No DR,0,No DR,True,0.6171572,0.6171572,0.09957404,0.27779737,0.0041500847,0.0013213307
007-5412-300.jpg,2,Moderate,2,Moderate,True,0.5856933,0.0048340764,0.018249052,0.5856933,0.25722846,0.13399513
20170324140648051.jpg,0,No DR,0,No DR,True,0.6184039,0.6184039,0.063011214,0.31752297,0.00095374417,0.00010824972
20170223104629220.jpg,0,No DR,2,Moderate,False,0.44669124,0.39589345,0.15711531,0.44669124,0.00015238038,0.0001476258
007-1722-000.jpg,0,No DR,2,Moderate,False,0.4579402,0.4067528,0.110161185,0.4579402,0.00031319726,0.024832623
007-6547-400.jpg,4,Proliferative,2,Moderate,False,0.468433,0.0025214513,0.01761749,0.468433,0.17592853,0.33549964
20170427100644556.jpg,0,No DR,0,No DR,True,0.38850385,0.38850385,0.3656293,0.24376807,0.00024862215,0.0018501766
20170411113808410.jpg,0,No DR,1,Mild,False,0.45738542,0.2585089,0.45738542,0.28357407,0.0002669618,0.0002646177
007-6502-400.jpg,4,Proliferative,4,Proliferative,True,0.76492506,0.002408553,0.0024926728,0.22512354,0.0050501833,0.76492506
20170622084331077.jpg,2,Moderate,2,Moderate,True,0.56599635,0.034611914,0.045911726,0.56599635,0.0020554115,0.3514246
20170427092001417.jpg,0,No DR,0,No DR,True,0.81417817,0.81417817,0.01295416,0.1692879,4.555556e-06,0.0035752077
007-4681-200.jpg,2,Moderate,2,Moderate,True,0.5380184,0.3045673,0.009700128,0.5380184,4.01178e-05,0.14767401
20170326095038980.jpg,0,No DR,0,No DR,True,0.57378566,0.57378566,0.31984726,0.10634198,9.373351e-06,1.5715385e-05
007-7182-400.jpg,4,Proliferative,4,Proliferative,True,0.5742964,0.0058336635,0.116376035,0.25283653,0.050657403,0.5742964
007-1006-000.jpg,0,No DR,0,No DR,True,0.41364554,0.41364554,0.2185596,0.36330426,0.0005298423,0.0039607566
007-6046-300.jpg,2,Moderate,2,Moderate,True,0.6738376,0.0016366306,0.0018774624,0.6738376,0.16866611,0.15398227
007-2839-100.jpg,1,Mild,2,Moderate,False,0.57701313,0.3003042,0.09388277,0.57701313,0.006569554,0.022230381
007-3954-200.jpg,2,Moderate,2,Moderate,True,0.73322654,0.15207751,0.052187383,0.73322654,0.019500406,0.043008182
007-2449-100.jpg,2,Moderate,1,Mild,False,0.5601273,0.0417078,0.5601273,0.3938001,0.0007797398,0.0035850056
20170517095552898.jpg,1,Mild,1,Mild,True,0.49754107,0.1932259,0.49754107,0.3042353,0.0016791795,0.0033184825
20170324092423588.jpg,0,No DR,0,No DR,True,0.69892055,0.69892055,0.09999444,0.19962955,0.00014388068,0.0013115881
007-5554-300.jpg,2,Moderate,2,Moderate,True,0.4152746,0.0061666775,0.006545518,0.4152746,0.3239543,0.24805887
20170313105829885.jpg,0,No DR,0,No DR,True,0.4136153,0.4136153,0.31751436,0.2686231,6.736007e-05,0.00017995299
20170413084028675.jpg,0,No DR,0,No DR,True,0.6575111,0.6575111,0.013417928,0.328898,8.1548615e-06,0.00016482019
007-6247-300.jpg,2,Moderate,2,Moderate,True,0.72974813,0.014131509,0.043622475,0.72974813,0.05422089,0.15827699
20170429213236557.jpg,0,No DR,0,No DR,True,0.6853373,0.6853373,0.035613265,0.26136118,0.013706942,0.003981337
007-5011-300.jpg,2,Moderate,2,Moderate,True,0.6854654,0.008269568,0.0063839923,0.6854654,0.17781855,0.12206251
20170221095742351.jpg,0,No DR,0,No DR,True,0.57007456,0.57007456,0.081732325,0.3479281,4.710106e-05,0.00021789549
007-0475-000.jpg,0,No DR,0,No DR,True,0.38071358,0.38071358,0.36265704,0.25094008,0.0041435696,0.0015456928
20170429200702514.jpg,0,No DR,0,No DR,True,0.5582627,0.5582627,0.06125847,0.36976212,0.0007784322,0.009938332
20170330085309517.jpg,0,No DR,0,No DR,True,0.66717374,0.66717374,0.045543816,0.287169,2.1931337e-05,9.1440204e-05
20170215165517404.jpg,0,No DR,0,No DR,True,0.5266281,0.5266281,0.10654141,0.36277333,0.0037855885,0.00027159168
20170429221122514.jpg,0,No DR,0,No DR,True,0.791427,0.791427,0.02747901,0.1781894,0.00047986844,0.0024246422
20170427191346267.jpg,0,No DR,0,No DR,True,0.7869513,0.7869513,0.01649703,0.19555417,9.428422e-05,0.0009032646
20170612144724662.jpg,2,Moderate,2,Moderate,True,0.57264,0.045924865,0.37662813,0.57264,0.0046839914,0.00012294708
007-8039-601.jpg,2,Moderate,2,Moderate,True,0.5795642,0.011162347,0.0070095705,0.5795642,0.02247357,0.37979037
007-6020-300.jpg,2,Moderate,2,Moderate,True,0.6804817,0.10051117,0.12770867,0.6804817,0.044546437,0.04675204
007-5576-300.jpg,2,Moderate,3,Severe,False,0.6557548,0.0012612074,0.0048427545,0.31060025,0.6557548,0.027540972
007-4610-200.jpg,2,Moderate,2,Moderate,True,0.73651785,0.06631384,0.012174085,0.73651785,0.00036150173,0.18463275
20170216173745712.jpg,0,No DR,0,No DR,True,0.52001154,0.52001154,0.21704029,0.26108924,0.00048664917,0.0013722774
20170329083804001.jpg,0,No DR,0,No DR,True,0.7322278,0.7322278,0.10883035,0.15678526,0.0010165524,0.0011400884
007-1807-100.jpg,2,Moderate,2,Moderate,True,0.37952358,0.26550734,0.33233115,0.37952358,0.00036699118,0.022270989
20170326080816565.jpg,0,No DR,0,No DR,True,0.6078145,0.6078145,0.1694458,0.22268414,2.1987877e-05,3.3525015e-05
007-1904-100.jpg,1,Mild,1,Mild,True,0.6540474,0.09722922,0.6540474,0.24672659,0.00052675034,0.0014699759
20170418085617538.jpg,0,No DR,0,No DR,True,0.45767522,0.45767522,0.10994998,0.43209597,9.086866e-05,0.0001880332
007-2152-100.jpg,2,Moderate,0,No DR,False,0.48190418,0.48190418,0.2276061,0.29046172,6.3914626e-06,2.1705631e-05
007-1806-100.jpg,0,No DR,2,Moderate,False,0.5069191,0.3483143,0.13122112,0.5069191,0.0033531676,0.010192316
007-1369-000.jpg,0,No DR,0,No DR,True,0.60024273,0.60024273,0.09506329,0.30438402,7.522597e-06,0.000302363
20170412090143066.jpg,0,No DR,0,No DR,True,0.5681265,0.5681265,0.23756428,0.19241077,3.106729e-05,0.0018673951
007-2104-100.jpg,1,Mild,0,No DR,False,0.4972436,0.4972436,0.22625296,0.2762811,0.00017506645,4.7302463e-05
007-0993-000.jpg,2,Moderate,2,Moderate,True,0.5356948,0.15940773,0.27104428,0.5356948,0.0107862735,0.023066962
20170323102532714.jpg,0,No DR,0,No DR,True,0.81723106,0.81723106,0.015918246,0.16438493,7.0358697e-06,0.0024586893
007-0248-000.jpg,0,No DR,0,No DR,True,0.54398435,0.54398435,0.015723387,0.4332338,0.0005764316,0.006481993
20170421081130565.jpg,0,No DR,0,No DR,True,0.7502987,0.7502987,0.078288764,0.17122337,8.1494334e-05,0.00010762999
007-4564-200.jpg,3,Severe,2,Moderate,False,0.5399797,0.001570136,0.0030129268,0.5399797,0.3883654,0.067071915
007-5870-300.jpg,2,Moderate,2,Moderate,True,0.5030907,0.01513778,0.07450602,0.5030907,0.31893092,0.08833461
20170412191552082.jpg,0,No DR,2,Moderate,False,0.3930058,0.30047593,0.306273,0.3930058,7.908684e-05,0.00016612884
20170622165310431.jpg,2,Moderate,2,Moderate,True,0.8146894,0.063268006,0.10670309,0.8146894,0.015076534,0.0002629225
007-0424-000.jpg,0,No DR,0,No DR,True,0.75162685,0.75162685,0.0361977,0.21124448,1.5438089e-05,0.00091563474
007-0447-000.jpg,0,No DR,0,No DR,True,0.7784743,0.7784743,0.05885171,0.16217335,1.1599889e-05,0.00048909534
007-3361-200.jpg,2,Moderate,2,Moderate,True,0.5872477,0.15650748,0.023625618,0.5872477,0.0023003113,0.23031883
20170503090730660.jpg,2,Moderate,2,Moderate,True,0.65014374,0.0023456553,0.011982641,0.65014374,0.27594396,0.059584007
007-2784-100.jpg,2,Moderate,2,Moderate,True,0.82994485,0.021847561,0.08464355,0.82994485,0.05697997,0.0065841195
007-1514-000.jpg,0,No DR,1,Mild,False,0.39913243,0.3462802,0.39913243,0.25424558,0.00019959209,0.00014214305
007-2169-100.jpg,1,Mild,0,No DR,False,0.55299544,0.55299544,0.092595965,0.35246274,0.00012437983,0.0018214049
20170207103824784.jpg,0,No DR,0,No DR,True,0.6679192,0.6679192,0.060701977,0.2711018,4.006364e-06,0.00027294495
007-4363-200.jpg,2,Moderate,2,Moderate,True,0.5988967,0.119999915,0.15748307,0.5988967,0.0030645644,0.12055575
007-2572-100.jpg,0,No DR,0,No DR,True,0.48973322,0.48973322,0.012832943,0.4666311,0.0004294093,0.030373277
20170424153738041.jpg,0,No DR,0,No DR,True,0.44901165,0.44901165,0.14169942,0.3442604,6.792882e-05,0.06496066
007-0091-000.jpg,0,No DR,1,Mild,False,0.39375395,0.38156915,0.39375395,0.22447717,6.4983644e-05,0.00013479494
20170429203302982.jpg,0,No DR,0,No DR,True,0.72714424,0.72714424,0.033694178,0.23691079,0.0013348209,0.0009158499
007-3043-100.jpg,1,Mild,0,No DR,False,0.5246219,0.5246219,0.12900089,0.33751702,4.166268e-05,0.008818576
007-3190-100.jpg,2,Moderate,2,Moderate,True,0.46115506,0.06684402,0.45745665,0.46115506,0.0052410527,0.009303154
20170428085349919.jpg,0,No DR,0,No DR,True,0.41057253,0.41057253,0.24923722,0.3387578,0.00024745252,0.0011849656
007-0635-000.jpg,0,No DR,0,No DR,True,0.79407966,0.79407966,0.0628435,0.14300844,2.2724305e-05,4.5725745e-05
20170221145536662.jpg,0,No DR,0,No DR,True,0.5312287,0.5312287,0.112970375,0.3555435,5.0255396e-05,0.0002071463
007-4600-200.jpg,2,Moderate,2,Moderate,True,0.63956213,0.0023614913,0.004134919,0.63956213,0.18107834,0.17286317
007-4553-200.jpg,2,Moderate,2,Moderate,True,0.8422283,0.040041164,0.0775372,0.8422283,0.012110506,0.028082771
007-0644-000.jpg,0,No DR,2,Moderate,False,0.46695358,0.3766505,0.15095381,0.46695358,0.0010256132,0.004416411
007-0278-000.jpg,0,No DR,0,No DR,True,0.69407755,0.69407755,0.097941026,0.20691769,0.00018507903,0.0008786668
20170217105540766.jpg,0,No DR,0,No DR,True,0.48733175,0.48733175,0.05067289,0.43075937,0.02951263,0.0017233677
007-5515-300.jpg,2,Moderate,2,Moderate,True,0.42457077,0.030253176,0.28063008,0.42457077,0.14187331,0.12267275
20170417105107608.jpg,0,No DR,0,No DR,True,0.42820665,0.42820665,0.15358515,0.41597423,0.0001862347,0.0020476962
20170326085552768.jpg,0,No DR,0,No DR,True,0.5373244,0.5373244,0.32181478,0.140836,4.520845e-06,2.0328433e-05
007-5502-300.jpg,3,Severe,3,Severe,True,0.61936337,0.0027932231,0.016632138,0.1473161,0.61936337,0.21389514
20170409202147097.jpg,0,No DR,0,No DR,True,0.5623124,0.5623124,0.028791416,0.39643914,0.00020282793,0.01225414
007-4832-300.jpg,2,Moderate,3,Severe,False,0.59871817,0.0018343694,0.0038902396,0.22857925,0.59871817,0.16697793
20170413114550593.jpg,0,No DR,0,No DR,True,0.4822302,0.4822302,0.17600718,0.33935094,0.00010842119,0.002303385
20170606165241723.jpg,2,Moderate,2,Moderate,True,0.5281463,0.02459649,0.15039085,0.5281463,0.043338686,0.2535277
007-4098-200.jpg,2,Moderate,2,Moderate,True,0.64281833,0.008274947,0.007816532,0.64281833,0.0055706673,0.33551955
20170401095608158.jpg,0,No DR,0,No DR,True,0.47866675,0.47866675,0.26005477,0.2610255,3.5271771e-06,0.00024949634
20170301132539765.jpg,0,No DR,0,No DR,True,0.59768736,0.59768736,0.10396655,0.2972781,7.024474e-05,0.0009977324
20170327111445864.jpg,0,No DR,0,No DR,True,0.6203892,0.6203892,0.060933884,0.3022291,3.0547766e-05,0.016417254
20170430141507700.jpg,0,No DR,2,Moderate,False,0.50438124,0.37922874,0.11544043,0.50438124,0.0004893668,0.00046018255
007-0965-000.jpg,0,No DR,0,No DR,True,0.38476732,0.38476732,0.2744672,0.3356626,0.0006126024,0.004490336
007-2207-100.jpg,0,No DR,0,No DR,True,0.6086269,0.6086269,0.13133185,0.2588246,3.520969e-06,0.0012131615
20170502204843387.jpg,2,Moderate,2,Moderate,True,0.5312089,0.39105248,0.07051914,0.5312089,0.0051596924,0.0020598213
007-6098-300.jpg,2,Moderate,2,Moderate,True,0.64047664,0.0009736145,0.0017505257,0.64047664,0.32331845,0.033480722
20170408215821373.jpg,0,No DR,0,No DR,True,0.60636085,0.60636085,0.15465409,0.23761304,0.00036819035,0.0010038132
20170619102743501.jpg,2,Moderate,2,Moderate,True,0.57679385,0.2940033,0.12745237,0.57679385,0.0016041108,0.0001464436
007-6808-400.jpg,4,Proliferative,2,Moderate,False,0.35999292,0.1822289,0.21233062,0.35999292,0.0026192986,0.24282828
20170429210408066.jpg,0,No DR,0,No DR,True,0.78035045,0.78035045,0.02971728,0.18358971,0.00063065294,0.0057119373
007-7154-400.jpg,4,Proliferative,4,Proliferative,True,0.92321086,0.0055124466,0.0013798034,0.069714695,0.0001821887,0.92321086
20170505142933410.jpg,2,Moderate,2,Moderate,True,0.84045094,0.06129343,0.019475004,0.84045094,0.07326121,0.005519339
20170223145813763.jpg,0,No DR,0,No DR,True,0.44941655,0.44941655,0.3170729,0.23348522,2.066614e-06,2.3360111e-05
20170429203606004.jpg,0,No DR,0,No DR,True,0.6009916,0.6009916,0.11077807,0.28450647,0.00033989444,0.0033839273
20170406133140034.jpg,0,No DR,0,No DR,True,0.5755807,0.5755807,0.09255979,0.33181438,4.2763244e-05,2.3350265e-06
20170429200419712.jpg,0,No DR,0,No DR,True,0.671851,0.671851,0.039673273,0.27442807,0.009664026,0.0043835803
20170430193625923.jpg,0,No DR,0,No DR,True,0.76545876,0.76545876,0.06054007,0.17378882,0.0001492515,6.316465e-05
007-6710-400.jpg,4,Proliferative,4,Proliferative,True,0.9630373,0.0009136115,0.0020510466,0.028910886,0.005087209,0.9630373
007-5881-300.jpg,2,Moderate,2,Moderate,True,0.76426363,0.040253915,0.14896952,0.76426363,0.04547478,0.0010382027
20170612083632767.jpg,2,Moderate,2,Moderate,True,0.80300236,0.13140254,0.05071358,0.80300236,0.00043163728,0.014449976
007-5040-300.jpg,2,Moderate,2,Moderate,True,0.7695749,0.0032279796,0.0022627942,0.7695749,0.036506448,0.1884279
007-3594-200.jpg,2,Moderate,2,Moderate,True,0.6480973,0.038400415,0.26836148,0.6480973,0.016610282,0.028530587
007-1719-000.jpg,0,No DR,0,No DR,True,0.492891,0.492891,0.16048005,0.34329796,0.000105721294,0.003225225
007-3845-200.jpg,2,Moderate,4,Proliferative,False,0.3804122,0.0011706764,0.0023655496,0.3500069,0.26604462,0.3804122
007-0609-000.jpg,0,No DR,0,No DR,True,0.5095312,0.5095312,0.2652187,0.22270957,0.002140121,0.00040039737
007-2458-100.jpg,1,Mild,1,Mild,True,0.67219585,0.037539534,0.67219585,0.2870768,0.0017710128,0.0014167629
007-7190-400.jpg,4,Proliferative,2,Moderate,False,0.43005988,0.13053608,0.07397087,0.43005988,0.0053441687,0.36008897
007-2291-100.jpg,2,Moderate,2,Moderate,True,0.6185728,0.2631408,0.116001315,0.6185728,0.00016013814,0.0021249806
007-2628-100.jpg,2,Moderate,1,Mild,False,0.46898547,0.19865654,0.46898547,0.33182552,0.00028586682,0.00024654402
007-5370-300.jpg,2,Moderate,2,Moderate,True,0.7142948,0.0041328105,0.012609345,0.7142948,0.22353469,0.04542836
007-4032-200.jpg,2,Moderate,1,Mild,False,0.69872063,0.011723439,0.69872063,0.285844,0.0029139789,0.00079800846
007-1956-100.jpg,2,Moderate,1,Mild,False,0.5107148,0.07161713,0.5107148,0.31420937,0.09451349,0.008945169
007-2017-100.jpg,0,No DR,0,No DR,True,0.6500847,0.6500847,0.027238414,0.31119803,0.0005492515,0.010929645
20170221195952465.jpg,0,No DR,0,No DR,True,0.43287653,0.43287653,0.40191293,0.16518117,4.3488517e-06,2.4988256e-05
007-5218-300.jpg,2,Moderate,2,Moderate,True,0.4403122,0.32644978,0.1648473,0.4403122,0.0035331843,0.06485751
007-6818-400.jpg,4,Proliferative,4,Proliferative,True,0.6826524,0.013105347,0.020436073,0.26820236,0.015603795,0.6826524
007-4655-200.jpg,2,Moderate,1,Mild,False,0.32205403,0.123797856,0.32205403,0.28525025,0.0013583099,0.26753956
007-0042-000.jpg,0,No DR,0,No DR,True,0.4256028,0.4256028,0.26820552,0.30595404,7.1173024e-05,0.00016643995
007-6214-300.jpg,3,Severe,2,Moderate,False,0.47961903,0.026410658,0.16402043,0.47961903,0.053682145,0.2762677
20170427092355911.jpg,0,No DR,0,No DR,True,0.6586435,0.6586435,0.052178495,0.28678504,0.00014634049,0.0022466604
007-7000-400.jpg,4,Proliferative,4,Proliferative,True,0.6194315,0.060250357,0.04057087,0.27770904,0.0020382411,0.6194315
007-4465-200.jpg,2,Moderate,2,Moderate,True,0.744264,0.09819444,0.050732184,0.744264,0.025157545,0.08165181
007-6043-300.jpg,2,Moderate,2,Moderate,True,0.5532452,0.0029465265,0.0017093227,0.5532452,0.029929735,0.4121692
007-3789-200.jpg,2,Moderate,2,Moderate,True,0.7185271,0.0039910194,0.0047568977,0.7185271,0.001583276,0.27114177
007-2948-100.jpg,2,Moderate,1,Mild,False,0.375398,0.24938408,0.375398,0.32611236,0.012964779,0.03614079
20170428082500827.jpg,0,No DR,2,Moderate,False,0.6571638,0.2888343,0.051627133,0.6571638,0.0021869526,0.00018773737
007-0059-000.jpg,0,No DR,0,No DR,True,0.45993066,0.45993066,0.18078971,0.35804394,0.00013143315,0.0011042184
20170323141914278.jpg,0,No DR,0,No DR,True,0.44098318,0.44098318,0.31442037,0.2444594,4.107523e-05,9.591204e-05
20170209151052217.jpg,0,No DR,0,No DR,True,0.46116033,0.46116033,0.18068425,0.3580051,5.1163297e-05,9.917006e-05
20170417092512583.jpg,0,No DR,0,No DR,True,0.6746135,0.6746135,0.06281521,0.26010147,0.00035881944,0.0021110298
20170409200748007.jpg,0,No DR,0,No DR,True,0.47244927,0.47244927,0.13765037,0.37557417,0.0011278994,0.013198321
007-4979-300.jpg,2,Moderate,2,Moderate,True,0.6685843,0.06228779,0.06376911,0.6685843,0.19142763,0.01393116
007-2924-100.jpg,2,Moderate,2,Moderate,True,0.5834215,0.114680715,0.077125035,0.5834215,0.0057041254,0.21906863
007-5153-300.jpg,2,Moderate,2,Moderate,True,0.65003324,0.027987158,0.022355516,0.65003324,0.21731073,0.08231333
007-6986-400.jpg,4,Proliferative,4,Proliferative,True,0.85564184,0.008105752,0.011038203,0.10858351,0.016630663,0.85564184
007-4164-200.jpg,2,Moderate,2,Moderate,True,0.69290745,0.09264589,0.08243037,0.69290745,0.11882788,0.013188397
007-6828-400.jpg,4,Proliferative,4,Proliferative,True,0.731284,0.0012897556,0.014762723,0.23752329,0.015140271,0.731284
007-6992-400.jpg,4,Proliferative,4,Proliferative,True,0.570994,0.001854417,0.0030038578,0.30971703,0.114430636,0.570994
20170215224039102.jpg,0,No DR,2,Moderate,False,0.3686062,0.32910988,0.30166033,0.3686062,0.00013737788,0.00048622454
20170323142918454.jpg,0,No DR,0,No DR,True,0.51696485,0.51696485,0.123835824,0.35901946,4.6473288e-05,0.0001333694
007-2168-100.jpg,1,Mild,2,Moderate,False,0.4559533,0.4444117,0.09428682,0.4559533,1.9386383e-05,0.005328758
007-3719-200.jpg,2,Moderate,2,Moderate,True,0.41416883,0.1431465,0.35172197,0.41416883,0.05542798,0.035534777
007-7575-601.jpg,0,No DR,0,No DR,True,0.55782366,0.55782366,0.008979765,0.30603886,0.00039891928,0.12675874
007-6229-300.jpg,2,Moderate,2,Moderate,True,0.8029227,0.07023854,0.10551985,0.8029227,0.006527727,0.014791254
007-5454-300.jpg,2,Moderate,2,Moderate,True,0.8563128,0.028115744,0.053561065,0.8563128,0.033792652,0.028217768
007-2513-100.jpg,2,Moderate,2,Moderate,True,0.47422728,0.21208599,0.31078252,0.47422728,0.0018114772,0.001092706
007-3572-200.jpg,2,Moderate,0,No DR,False,0.4893138,0.4893138,0.11484275,0.39272228,0.00013207579,0.0029890307
20170214220241697.jpg,0,No DR,1,Mild,False,0.44126108,0.37769356,0.44126108,0.18093325,1.59063e-05,9.620561e-05
007-0419-000.jpg,0,No DR,0,No DR,True,0.6552878,0.6552878,0.13959822,0.20408885,0.00012936235,0.0008957529
007-2047-100.jpg,1,Mild,1,Mild,True,0.43888327,0.29411644,0.43888327,0.26697624,1.371353e-05,1.0279417e-05
007-6119-300.jpg,2,Moderate,2,Moderate,True,0.5203033,0.39198792,0.08570916,0.5203033,9.810415e-05,0.0019015383
20170429200631121.jpg,0,No DR,0,No DR,True,0.7112619,0.7112619,0.04927561,0.20989646,0.00951651,0.020049449
20170324083949673.jpg,0,No DR,0,No DR,True,0.77192485,0.77192485,0.016640654,0.20629658,3.336498e-06,0.0051345816
20170605153408818.jpg,2,Moderate,2,Moderate,True,0.71570873,0.1143474,0.13398209,0.71570873,0.032779653,0.003182085
007-5921-300.jpg,2,Moderate,2,Moderate,True,0.5299326,0.010883937,0.012811387,0.5299326,0.021060837,0.4253112
20170208144423443.jpg,0,No DR,0,No DR,True,0.48236045,0.48236045,0.067208916,0.4494442,3.682137e-05,0.00094963016
007-5059-300.jpg,2,Moderate,2,Moderate,True,0.61940926,0.14238343,0.14660546,0.61940926,0.05580194,0.035799854
20170417105010250.jpg,0,No DR,0,No DR,True,0.54401475,0.54401475,0.036339335,0.4179885,8.259895e-06,0.0016491709
007-6278-300.jpg,2,Moderate,2,Moderate,True,0.58953434,0.21348958,0.10140392,0.58953434,0.005842627,0.08972951
007-4278-200.jpg,2,Moderate,2,Moderate,True,0.60242295,0.14963232,0.16928287,0.60242295,0.016939696,0.06172223
007-3484-200.jpg,2,Moderate,2,Moderate,True,0.5988633,0.18816338,0.0668388,0.5988633,0.0013331362,0.14480132
007-5622-300.jpg,2,Moderate,2,Moderate,True,0.9245601,0.026331246,0.012368088,0.9245601,0.0019360103,0.034804497
007-3731-200.jpg,2,Moderate,2,Moderate,True,0.6502066,0.1826812,0.13148633,0.6502066,0.023638947,0.011986893
007-5910-300.jpg,2,Moderate,2,Moderate,True,0.8286693,0.028577771,0.08796189,0.8286693,0.013738555,0.041052513
20170412105203855.jpg,0,No DR,0,No DR,True,0.5187025,0.5187025,0.036310073,0.43615642,0.000110259374,0.008720758
20170222183911260.jpg,0,No DR,0,No DR,True,0.5231428,0.5231428,0.23262045,0.24371456,9.339468e-05,0.0004287208
007-4581-200.jpg,2,Moderate,2,Moderate,True,0.64623904,0.115293145,0.0087782955,0.64623904,0.00030741084,0.22938213
20170417084222767.jpg,0,No DR,0,No DR,True,0.44565743,0.44565743,0.2582546,0.2960599,5.9524773e-06,2.2152677e-05
20170401171141317.jpg,0,No DR,2,Moderate,False,0.49194062,0.4060893,0.099863686,0.49194062,0.00081443146,0.0012920083
20170418084844664.jpg,0,No DR,0,No DR,True,0.535257,0.535257,0.12853764,0.335694,0.00027471996,0.00023668638
007-1290-000.jpg,0,No DR,1,Mild,False,0.4372472,0.28522635,0.4372472,0.27194998,0.002963285,0.0026131563
007-2264-100.jpg,1,Mild,2,Moderate,False,0.4952365,0.03986647,0.40488732,0.4952365,0.05395289,0.006056825
20170206163611382.jpg,0,No DR,0,No DR,True,0.40086445,0.40086445,0.3828247,0.2084066,0.0073762606,0.00052793283
007-6230-300.jpg,3,Severe,2,Moderate,False,0.58775306,0.002319776,0.005387284,0.58775306,0.064683825,0.33985606
20170429200338006.jpg,0,No DR,0,No DR,True,0.5481159,0.5481159,0.09464088,0.33950904,0.00083452044,0.016899653
007-6151-300.jpg,2,Moderate,2,Moderate,True,0.73547286,0.02396825,0.17738865,0.73547286,0.030732146,0.03243815
20170323092202683.jpg,0,No DR,0,No DR,True,0.66243017,0.66243017,0.052497435,0.28117085,3.971532e-05,0.0038618501
20170217172030131.jpg,0,No DR,0,No DR,True,0.49390185,0.49390185,0.051654004,0.452976,0.001173546,0.00029463816
20170508165808866.jpg,2,Moderate,2,Moderate,True,0.5522376,0.14937821,0.0762534,0.5522376,0.2116007,0.010530128
007-5063-300.jpg,2,Moderate,2,Moderate,True,0.6781343,0.006379924,0.07900203,0.6781343,0.06960803,0.16687568
007-4523-200.jpg,2,Moderate,2,Moderate,True,0.6784254,0.21311586,0.09430275,0.6784254,0.004426693,0.009729344
20170615155127636.jpg,2,Moderate,0,No DR,False,0.40666908,0.40666908,0.2021755,0.38982427,0.00016134494,0.001169768
007-3331-200.jpg,2,Moderate,2,Moderate,True,0.54841,0.016171115,0.01621521,0.54841,0.010969058,0.40823463
007-0951-000.jpg,0,No DR,0,No DR,True,0.44347733,0.44347733,0.33195493,0.22455865,5.7948305e-06,3.2605346e-06
20170611091117657.jpg,2,Moderate,3,Severe,False,0.47690558,0.029667603,0.06728685,0.401555,0.47690558,0.02458497
007-4376-200.jpg,2,Moderate,2,Moderate,True,0.8251608,0.009651865,0.004323257,0.8251608,0.003750736,0.15711333
007-8852-605.jpg,2,Moderate,2,Moderate,True,0.6444376,0.19933836,0.018617664,0.6444376,9.18122e-05,0.13751464
007-4697-200.jpg,2,Moderate,2,Moderate,True,0.8872157,0.05212493,0.0059634405,0.8872157,0.00015407523,0.05454192
007-4701-200.jpg,2,Moderate,2,Moderate,True,0.5741894,0.014444636,0.004111428,0.5741894,0.004839468,0.40241507
007-5991-300.jpg,2,Moderate,2,Moderate,True,0.56665725,0.0011502221,0.0021701434,0.56665725,0.3321664,0.09785594
007-4197-200.jpg,2,Moderate,2,Moderate,True,0.5525732,0.24766593,0.15979706,0.5525732,0.035615515,0.004348292
20170408212938554.jpg,0,No DR,0,No DR,True,0.6239552,0.6239552,0.15060477,0.22411527,0.00047760594,0.0008470936
007-0139-000.jpg,2,Moderate,2,Moderate,True,0.52036566,0.100394234,0.37618408,0.52036566,0.0016841583,0.0013718206
20170618204640005.jpg,2,Moderate,2,Moderate,True,0.55166566,0.3713174,0.07679693,0.55166566,3.963499e-05,0.00018035811
007-2128-100.jpg,1,Mild,2,Moderate,False,0.48041952,0.2787889,0.12003932,0.48041952,0.11427911,0.0064731874
20170630160336716.jpg,2,Moderate,2,Moderate,True,0.7098919,0.148019,0.05469553,0.7098919,0.07386621,0.013527344
20170427185626846.jpg,0,No DR,0,No DR,True,0.7613915,0.7613915,0.018759225,0.21975267,1.25757915e-05,8.4092964e-05
007-1478-000.jpg,0,No DR,1,Mild,False,0.5581594,0.16378386,0.5581594,0.26490057,0.011816313,0.0013398036
20170221162616970.jpg,0,No DR,0,No DR,True,0.47469229,0.47469229,0.12045959,0.40361986,7.661739e-05,0.0011517049
007-6632-400.jpg,4,Proliferative,4,Proliferative,True,0.7689727,0.024419356,0.09395887,0.11150095,0.0011481795,0.7689727
20170221160520948.jpg,0,No DR,0,No DR,True,0.58461887,0.58461887,0.17451182,0.23861821,0.0008247628,0.0014262866
20170428163613368.jpg,0,No DR,0,No DR,True,0.54088765,0.54088765,0.090250365,0.3399138,0.00025407466,0.028694106
007-4619-200.jpg,2,Moderate,2,Moderate,True,0.84870845,0.0033289413,0.006408636,0.84870845,0.0024328649,0.13912115
007-7621-601.jpg,0,No DR,2,Moderate,False,0.46244195,0.3749509,0.032428153,0.46244195,0.0032182883,0.12696074
007-2202-100.jpg,0,No DR,0,No DR,True,0.51497746,0.51497746,0.1645489,0.32011688,2.2460245e-05,0.0003343013
007-0215-000.jpg,0,No DR,0,No DR,True,0.53406537,0.53406537,0.09539872,0.3686703,0.00024864584,0.0016169966
007-6475-400.jpg,4,Proliferative,4,Proliferative,True,0.59140426,0.0010472188,0.006372931,0.22917758,0.17199805,0.59140426
20170418094314732.jpg,0,No DR,0,No DR,True,0.7552192,0.7552192,0.043764316,0.20069984,2.5053128e-05,0.00029164078
007-6863-400.jpg,4,Proliferative,4,Proliferative,True,0.8912624,0.0011264598,0.0030285264,0.093066655,0.011516003,0.8912624
007-2730-100.jpg,0,No DR,0,No DR,True,0.3925682,0.3925682,0.23347081,0.37385425,6.5154956e-05,4.1501913e-05
007-5664-300.jpg,2,Moderate,2,Moderate,True,0.49026325,0.007967979,0.11600227,0.49026325,0.3701431,0.0156234475
007-2629-100.jpg,1,Mild,0,No DR,False,0.3869127,0.3869127,0.38642567,0.22664009,5.2635905e-06,1.629761e-05
007-4338-200.jpg,2,Moderate,2,Moderate,True,0.73456794,0.028514413,0.1898225,0.73456794,0.03103798,0.01605717
20170215104620399.jpg,0,No DR,2,Moderate,False,0.41160622,0.40859827,0.17964959,0.41160622,3.3911314e-05,0.00011196932
20170407112130686.jpg,0,No DR,0,No DR,True,0.4942908,0.4942908,0.13279551,0.3727356,5.138761e-05,0.0001266983
007-8426-603.jpg,2,Moderate,4,Proliferative,False,0.3400018,0.31640953,0.014390041,0.3276508,0.0015478291,0.3400018
20170323085836351.jpg,0,No DR,2,Moderate,False,0.4094264,0.2844945,0.30554625,0.4094264,0.00038325344,0.00014965357
007-1895-100.jpg,1,Mild,2,Moderate,False,0.45476973,0.18550473,0.35364178,0.45476973,0.0018806631,0.004203069
007-5140-300.jpg,3,Severe,3,Severe,True,0.5591046,0.00017469378,0.00060547807,0.3078963,0.5591046,0.13221894
20170220100624432.jpg,0,No DR,0,No DR,True,0.5843767,0.5843767,0.089006886,0.32655987,1.2279446e-05,4.4246946e-05
20170417103919386.jpg,0,No DR,1,Mild,False,0.3859329,0.3034545,0.3859329,0.3024885,0.00067412725,0.0074500125
20170424162218960.jpg,0,No DR,2,Moderate,False,0.5564116,0.39438507,0.048805524,0.5564116,2.0328682e-05,0.00037746245
007-2473-100.jpg,2,Moderate,1,Mild,False,0.53802943,0.15233643,0.53802943,0.30905142,6.766883e-05,0.00051509123
007-0804-000.jpg,0,No DR,0,No DR,True,0.40256065,0.40256065,0.26837337,0.328805,2.4138219e-05,0.00023681267
20170625205421758.jpg,2,Moderate,2,Moderate,True,0.48794863,0.45976716,0.04780473,0.48794863,0.0006569502,0.0038224976
007-1509-000.jpg,0,No DR,2,Moderate,False,0.5790072,0.2092475,0.16586806,0.5790072,0.031883396,0.013993864
007-4988-300.jpg,2,Moderate,2,Moderate,True,0.7031435,0.017770777,0.016929932,0.7031435,0.10725458,0.15490125
20170427191213157.jpg,0,No DR,0,No DR,True,0.76382744,0.76382744,0.091739066,0.13964808,0.0029701432,0.0018152839
007-7050-400.jpg,4,Proliferative,4,Proliferative,True,0.7052755,0.04037697,0.009395936,0.244307,0.0006445845,0.7052755
20170428095433963.jpg,0,No DR,0,No DR,True,0.5609579,0.5609579,0.057606652,0.37934256,0.0006897814,0.0014030971
007-4647-200.jpg,2,Moderate,2,Moderate,True,0.6892569,0.03684519,0.032868166,0.6892569,0.033522747,0.207507
007-0178-000.jpg,0,No DR,2,Moderate,False,0.480597,0.3461176,0.17067984,0.480597,0.00041379285,0.0021917655
007-3451-200.jpg,2,Moderate,2,Moderate,True,0.5784046,0.20119086,0.11220537,0.5784046,0.0046348684,0.10356429
007-7031-400.jpg,4,Proliferative,2,Moderate,False,0.5249674,0.2113128,0.08235888,0.5249674,0.0003939197,0.18096703
007-4332-200.jpg,2,Moderate,2,Moderate,True,0.6472183,0.083955295,0.15416381,0.6472183,0.0140621755,0.100600466
20170414102854581.jpg,0,No DR,0,No DR,True,0.5135062,0.5135062,0.107164696,0.37925294,3.0663523e-05,4.5573106e-05
007-5467-300.jpg,2,Moderate,2,Moderate,True,0.7252031,0.0060265767,0.013918429,0.7252031,0.24512553,0.009726305
20170327112501066.jpg,0,No DR,0,No DR,True,0.6877503,0.6877503,0.019620925,0.28730345,0.00028961,0.0050357883
20170324093012821.jpg,0,No DR,0,No DR,True,0.5114259,0.5114259,0.22977182,0.25868484,9.338682e-05,2.4015148e-05
20170525152509382.jpg,2,Moderate,1,Mild,False,0.43389237,0.24728185,0.43389237,0.31855896,0.00013070676,0.00013612173
007-5122-300.jpg,3,Severe,3,Severe,True,0.6665944,0.0046708076,0.009861543,0.28888777,0.6665944,0.029985523
007-4470-200.jpg,2,Moderate,2,Moderate,True,0.72278637,0.012336788,0.0014849894,0.72278637,0.0062334226,0.2571585
007-2664-100.jpg,2,Moderate,2,Moderate,True,0.5862192,0.11675073,0.044720586,0.5862192,0.0059587965,0.24635065
20170429222819822.jpg,0,No DR,0,No DR,True,0.80452436,0.80452436,0.037514076,0.15710069,0.0005949811,0.00026593686
007-3238-100.jpg,1,Mild,2,Moderate,False,0.36053044,0.34517258,0.28905946,0.36053044,0.002180347,0.0030571686
007-4880-300.jpg,2,Moderate,2,Moderate,True,0.65259194,0.036577497,0.017609874,0.65259194,0.012971948,0.28024873
007-1315-000.jpg,0,No DR,0,No DR,True,0.5501936,0.5501936,0.11986285,0.32773918,0.0018117513,0.0003925909
20170429224516433.jpg,0,No DR,0,No DR,True,0.76923954,0.76923954,0.065902166,0.16279626,0.0009706411,0.0010914523
20170428093035789.jpg,0,No DR,0,No DR,True,0.645482,0.645482,0.052159507,0.30212924,6.559513e-05,0.00016365047
20170221080104334.jpg,0,No DR,0,No DR,True,0.5346559,0.5346559,0.35534626,0.10996721,2.167907e-05,8.975734e-06
20170602115729351.jpg,2,Moderate,2,Moderate,True,0.46226254,0.049004555,0.054231096,0.46226254,0.40483257,0.029669248
007-3708-200.jpg,2,Moderate,2,Moderate,True,0.734152,0.102388166,0.009731701,0.734152,0.09745764,0.056270465
20170120224018218.jpg,0,No DR,2,Moderate,False,0.45833877,0.40613014,0.13364278,0.45833877,0.0013822527,0.0005060315
20170330153216510.jpg,0,No DR,2,Moderate,False,0.5409482,0.3604883,0.03535038,0.5409482,0.06155718,0.0016558893
007-4698-200.jpg,2,Moderate,4,Proliferative,False,0.5695378,0.009232722,0.014779781,0.40320554,0.003244186,0.5695378
007-4968-300.jpg,2,Moderate,2,Moderate,True,0.81978554,0.060151696,0.07749142,0.81978554,0.0069888243,0.03558253
007-1028-000.jpg,0,No DR,1,Mild,False,0.36799532,0.34894195,0.36799532,0.28212485,0.00035222856,0.0005856602
007-1289-000.jpg,0,No DR,0,No DR,True,0.48371333,0.48371333,0.1742401,0.3359211,0.0011286432,0.004996781
007-1629-000.jpg,0,No DR,0,No DR,True,0.47661832,0.47661832,0.16422163,0.35822278,0.0008002742,0.00013711565
20170222154243162.jpg,0,No DR,2,Moderate,False,0.3678424,0.36332196,0.2661817,0.3678424,0.0024165786,0.00023730943
20170524105439342.jpg,2,Moderate,2,Moderate,True,0.55135816,0.30491644,0.064769275,0.55135816,0.06821007,0.010746064
007-1487-000.jpg,0,No DR,0,No DR,True,0.38877884,0.38877884,0.2917147,0.27883956,0.00037267333,0.040294234
007-4269-200.jpg,2,Moderate,2,Moderate,True,0.555718,0.06020915,0.11488542,0.555718,0.09523668,0.17395079
007-2081-100.jpg,2,Moderate,2,Moderate,True,0.5225377,0.38289997,0.058750227,0.5225377,0.00025792053,0.035554137
007-6159-300.jpg,2,Moderate,2,Moderate,True,0.68701416,0.0038848277,0.03177735,0.68701416,0.07864601,0.1986776
20170602120015765.jpg,2,Moderate,2,Moderate,True,0.5995612,0.12804475,0.20319128,0.5995612,0.058997016,0.010205684
007-3210-100.jpg,1,Mild,2,Moderate,False,0.46318576,0.35622975,0.10961379,0.46318576,0.00062789477,0.07034278
007-2381-100.jpg,1,Mild,4,Proliferative,False,0.56143034,0.1053161,0.14417529,0.18792047,0.0011578462,0.56143034
007-7215-400.jpg,4,Proliferative,4,Proliferative,True,0.5288301,0.07646118,0.008005741,0.38648444,0.00021852023,0.5288301
007-0407-000.jpg,0,No DR,0,No DR,True,0.6910325,0.6910325,0.10609942,0.20283304,4.626936e-06,3.0462445e-05
007-3217-100.jpg,1,Mild,2,Moderate,False,0.7477569,0.12282242,0.12327134,0.7477569,0.0011677914,0.0049815853
007-3683-200.jpg,2,Moderate,2,Moderate,True,0.6265127,0.0707632,0.025008926,0.6265127,0.048138846,0.22957636
007-2731-100.jpg,1,Mild,0,No DR,False,0.41074583,0.41074583,0.24013136,0.34895247,1.831139e-05,0.00015200922
007-0372-000.jpg,0,No DR,0,No DR,True,0.5867936,0.5867936,0.21169649,0.20130844,1.0381156e-05,0.00019104296
007-4152-200.jpg,2,Moderate,1,Mild,False,0.58841753,0.049297202,0.58841753,0.36082622,0.0011630511,0.00029594838
20170427190312316.jpg,0,No DR,0,No DR,True,0.70388716,0.70388716,0.016699186,0.27763292,0.00026965563,0.0015110812
007-6143-300.jpg,2,Moderate,2,Moderate,True,0.5757602,0.21143517,0.11922315,0.5757602,0.0005462176,0.09303528
007-1091-000.jpg,0,No DR,0,No DR,True,0.5466041,0.5466041,0.22411434,0.22887684,7.877495e-05,0.0003259537
20170412102256852.jpg,0,No DR,0,No DR,True,0.47593114,0.47593114,0.30144626,0.22246857,5.8521877e-05,9.550506e-05
20170429205621477.jpg,0,No DR,0,No DR,True,0.6288651,0.6288651,0.105375245,0.2618058,0.003159136,0.0007946245
007-0726-000.jpg,0,No DR,2,Moderate,False,0.5807695,0.30814362,0.105890386,0.5807695,0.001791045,0.003405472
20170418100817701.jpg,0,No DR,0,No DR,True,0.42150348,0.42150348,0.18178362,0.3907313,0.0030197331,0.0029619022
20170411135935799.jpg,0,No DR,2,Moderate,False,0.47748396,0.38018635,0.1387632,0.47748396,0.0016282906,0.0019382476
007-2218-100.jpg,2,Moderate,2,Moderate,True,0.40274522,0.21156931,0.38560778,0.40274522,3.0593455e-05,4.7117617e-05
20170429230556168.jpg,0,No DR,0,No DR,True,0.5653789,0.5653789,0.10205606,0.3216364,0.005961838,0.0049667372
007-7124-400.jpg,4,Proliferative,4,Proliferative,True,0.8526429,0.012652134,0.025328496,0.10366765,0.005708743,0.8526429
007-2821-100.jpg,2,Moderate,2,Moderate,True,0.5003884,0.004304888,0.0640701,0.5003884,0.30140066,0.12983602
007-3957-200.jpg,2,Moderate,2,Moderate,True,0.33721724,0.26325214,0.0671444,0.33721724,0.0011719812,0.3312143
20170329084151044.jpg,0,No DR,0,No DR,True,0.66610885,0.66610885,0.04273958,0.28778738,0.00013532506,0.0032288376
20170428110010416.jpg,0,No DR,2,Moderate,False,0.50438124,0.37922874,0.11544043,0.50438124,0.0004893668,0.00046018255
007-5618-300.jpg,2,Moderate,2,Moderate,True,0.563271,0.122530356,0.2995683,0.563271,0.010252875,0.00437755
20170427175714216.jpg,0,No DR,0,No DR,True,0.67549694,0.67549694,0.05942083,0.2605029,0.0019636364,0.0026156923
20170427185530761.jpg,0,No DR,0,No DR,True,0.7726465,0.7726465,0.030880624,0.1961365,0.00024162949,9.4793635e-05
20170224110411568.jpg,0,No DR,0,No DR,True,0.616172,0.616172,0.07816089,0.3041609,0.0003937981,0.0011124851
007-2111-100.jpg,2,Moderate,1,Mild,False,0.44453838,0.18184362,0.44453838,0.37248197,0.00032689123,0.0008090539
20170613152259694.jpg,2,Moderate,2,Moderate,True,0.5765411,0.006067448,0.019842714,0.5765411,0.012697893,0.38485086
20170126114743588.jpg,0,No DR,1,Mild,False,0.40933272,0.3484224,0.40933272,0.24008965,0.00026164632,0.0018935701
20170612142737909.jpg,2,Moderate,2,Moderate,True,0.7157127,0.016274266,0.036369044,0.7157127,0.107418865,0.1242251
007-1002-000.jpg,0,No DR,0,No DR,True,0.5813349,0.5813349,0.05368734,0.315233,0.00068543694,0.049059324
007-6179-300.jpg,2,Moderate,2,Moderate,True,0.7155047,0.1630334,0.079403415,0.7155047,0.0022604456,0.03979798
007-3890-200.jpg,2,Moderate,2,Moderate,True,0.49287447,0.014403259,0.039555885,0.49287447,0.008772412,0.444394
20170629164127116.jpg,2,Moderate,2,Moderate,True,0.6829755,0.21456824,0.08132994,0.6829755,0.0112929465,0.009833449
20170224104635817.jpg,0,No DR,2,Moderate,False,0.46657073,0.45429897,0.06828198,0.46657073,0.008973861,0.0018744031
20170428091458070.jpg,0,No DR,0,No DR,True,0.6394532,0.6394532,0.08950705,0.2694037,0.0001777828,0.0014583083
20170228225708650.jpg,0,No DR,0,No DR,True,0.5135595,0.5135595,0.20471275,0.28063086,0.00023994429,0.0008568497
20170408231438226.jpg,0,No DR,0,No DR,True,0.65366954,0.65366954,0.089987725,0.2557683,0.00038059815,0.0001937941
007-1365-000.jpg,0,No DR,2,Moderate,False,0.43673524,0.42803556,0.13190866,0.43673524,0.0001373873,0.0031831365
20170406093306267.jpg,0,No DR,0,No DR,True,0.73495394,0.73495394,0.014663852,0.2503484,3.6641345e-06,3.0152954e-05
007-0496-000.jpg,0,No DR,2,Moderate,False,0.3457922,0.3179441,0.33558562,0.3457922,0.00058710965,9.096224e-05
007-2402-100.jpg,2,Moderate,2,Moderate,True,0.38839492,0.32376534,0.28540596,0.38839492,0.0015655741,0.0008681822
20170515164700647.jpg,2,Moderate,2,Moderate,True,0.39545998,0.09282004,0.11773549,0.39545998,0.33042043,0.06356401
20170410110440627.jpg,0,No DR,0,No DR,True,0.5691839,0.5691839,0.18299504,0.24436612,0.001459678,0.0019952517
007-6310-400.jpg,4,Proliferative,4,Proliferative,True,0.79234844,0.020523084,0.009365869,0.17171957,0.0060431273,0.79234844
20170214091449944.jpg,0,No DR,0,No DR,True,0.4433541,0.4433541,0.23798399,0.31860942,1.1833203e-05,4.0662617e-05
20170531140735053.jpg,2,Moderate,2,Moderate,True,0.6180969,0.32257634,0.04759976,0.6180969,0.0027597088,0.008967315
20170430190716742.jpg,0,No DR,0,No DR,True,0.67893344,0.67893344,0.06796047,0.24104932,0.008166781,0.0038900638
007-0325-000.jpg,0,No DR,0,No DR,True,0.6867855,0.6867855,0.09328949,0.21963212,0.00011853479,0.00017432494
007-5175-300.jpg,2,Moderate,2,Moderate,True,0.72498924,0.09488665,0.07760975,0.72498924,0.10021701,0.002297401
007-2295-100.jpg,2,Moderate,2,Moderate,True,0.57339346,0.08294677,0.29227456,0.57339346,0.037803877,0.013581319
007-5687-300.jpg,3,Severe,3,Severe,True,0.7317537,5.516544e-05,0.0003939867,0.14760348,0.7317537,0.12019357
20170327134214648.jpg,0,No DR,0,No DR,True,0.680379,0.680379,0.14499421,0.17456152,2.2175162e-05,4.3155884e-05
007-6063-300.jpg,2,Moderate,2,Moderate,True,0.4937176,0.31069872,0.18748617,0.4937176,0.001232231,0.006865277
007-6929-400.jpg,4,Proliferative,4,Proliferative,True,0.7323186,0.013492553,0.010050758,0.24392678,0.00021146328,0.7323186
20170615112339862.jpg,2,Moderate,2,Moderate,True,0.50684917,0.11543276,0.29204312,0.50684917,0.080176435,0.0054985094
007-1317-000.jpg,0,No DR,0,No DR,True,0.46635038,0.46635038,0.10792394,0.41183898,0.0028990726,0.010987589
20170512225813757.jpg,2,Moderate,2,Moderate,True,0.687299,0.13155344,0.1751824,0.687299,0.0004447167,0.0055204537
20170226084101981.jpg,0,No DR,0,No DR,True,0.53184265,0.53184265,0.08469176,0.3831014,0.00026621766,9.7939934e-05
20170208133103727.jpg,0,No DR,2,Moderate,False,0.48444253,0.39343727,0.11997963,0.48444253,9.815702e-05,0.0020424102
007-8131-601.jpg,0,No DR,2,Moderate,False,0.42797247,0.3579303,0.037456345,0.42797247,0.00015658537,0.17648433
007-4411-200.jpg,2,Moderate,2,Moderate,True,0.4986141,0.0022673842,0.023129677,0.4986141,0.18571487,0.29027393
20170429203344819.jpg,0,No DR,2,Moderate,False,0.5230823,0.4049169,0.069904305,0.5230823,0.0019037352,0.00019267315
007-6225-300.jpg,2,Moderate,2,Moderate,True,0.89102167,0.02094116,0.02331742,0.89102167,0.030414144,0.03430567
007-7596-601.jpg,2,Moderate,2,Moderate,True,0.46276215,0.43313158,0.072627686,0.46276215,0.0024664598,0.029012099
20170427190812183.jpg,0,No DR,0,No DR,True,0.7474852,0.7474852,0.018214026,0.23038381,0.000115882445,0.003801004
20170429212859624.jpg,0,No DR,0,No DR,True,0.7723848,0.7723848,0.05184336,0.17023782,0.0039594136,0.0015745871
20170430200908093.jpg,0,No DR,0,No DR,True,0.7421971,0.7421971,0.020406976,0.23519485,0.00028871154,0.0019123341
20170412103630403.jpg,0,No DR,0,No DR,True,0.6200973,0.6200973,0.046329536,0.33329833,1.3265206e-05,0.00026163945
20170327082614262.jpg,0,No DR,0,No DR,True,0.65591234,0.65591234,0.09774681,0.24614397,9.3279905e-06,0.00018747513
007-6522-400.jpg,4,Proliferative,4,Proliferative,True,0.8992388,0.0009817627,0.0005936861,0.096703745,0.002482055,0.8992388
007-0202-000.jpg,0,No DR,2,Moderate,False,0.36460456,0.30610093,0.31764263,0.36460456,0.004283448,0.0073683998
007-2838-100.jpg,2,Moderate,2,Moderate,True,0.48085406,0.31297708,0.033847865,0.48085406,0.008237496,0.16408344
007-5621-300.jpg,2,Moderate,2,Moderate,True,0.7463225,0.031950954,0.09478589,0.7463225,0.11736615,0.009574461
20170607082814304.jpg,2,Moderate,3,Severe,False,0.5600885,0.015264888,0.05548839,0.35918027,0.5600885,0.009977917
007-1910-100.jpg,1,Mild,2,Moderate,False,0.49260205,0.061114896,0.36096624,0.49260205,0.07577358,0.0095432475
007-3870-200.jpg,2,Moderate,2,Moderate,True,0.50274503,0.011887188,0.02139113,0.50274503,0.031568766,0.4324079
007-5463-300.jpg,2,Moderate,2,Moderate,True,0.49087885,0.2682061,0.15654112,0.49087885,0.07970383,0.0046701175
007-6768-400.jpg,4,Proliferative,4,Proliferative,True,0.9890577,0.00012045459,0.0013410541,0.009381389,9.935681e-05,0.9890577
20170511205922006.jpg,2,Moderate,2,Moderate,True,0.446815,0.38777694,0.13595466,0.446815,0.0016629149,0.02779049
20170227234628176.jpg,0,No DR,0,No DR,True,0.6879101,0.6879101,0.04410519,0.264155,0.00067297183,0.0031567977
20170514222515286.jpg,2,Moderate,2,Moderate,True,0.67337453,0.028010858,0.027765352,0.67337453,0.23027755,0.040571727
20170601160745959.jpg,3,Severe,2,Moderate,False,0.6005533,0.0022572598,0.0064848647,0.6005533,0.35685852,0.03384605
20170626103616982.jpg,2,Moderate,2,Moderate,True,0.5377169,0.09872184,0.3211604,0.5377169,0.03983713,0.0025636812
007-2618-100.jpg,2,Moderate,1,Mild,False,0.8027516,0.06230549,0.8027516,0.1347926,0.00010774505,4.251375e-05
007-7038-400.jpg,4,Proliferative,4,Proliferative,True,0.9541949,0.000109058754,0.0008020496,0.044029914,0.00086406345,0.9541949
20170429205542770.jpg,0,No DR,0,No DR,True,0.5506788,0.5506788,0.11787261,0.33040032,0.00068876345,0.00035957046
007-6239-300.jpg,3,Severe,2,Moderate,False,0.56317216,0.004604163,0.008843496,0.56317216,0.26934373,0.15403646
007-5660-300.jpg,2,Moderate,3,Severe,False,0.75890267,0.000317398,0.0011594323,0.20376648,0.75890267,0.035853997
20170228222045497.jpg,0,No DR,0,No DR,True,0.63578707,0.63578707,0.03481515,0.32770285,0.00065414776,0.0010407013
20170430201405963.jpg,0,No DR,0,No DR,True,0.74447405,0.74447405,0.049723323,0.1941897,0.00090304436,0.010709834
007-0203-000.jpg,0,No DR,0,No DR,True,0.64724356,0.64724356,0.042972445,0.30814427,3.1425105e-05,0.0016083494
20170209151248467.jpg,0,No DR,2,Moderate,False,0.5143207,0.38247785,0.10238161,0.5143207,0.0005957442,0.00022411147
20170213170102397.jpg,0,No DR,0,No DR,True,0.38813803,0.38813803,0.23990808,0.37149677,0.00034737145,0.000109765126
007-1185-000.jpg,1,Mild,1,Mild,True,0.41428024,0.27037042,0.41428024,0.30684888,0.0028590704,0.00564141
007-5065-300.jpg,2,Moderate,2,Moderate,True,0.78121495,0.020450292,0.06048605,0.78121495,0.039882787,0.09796599
20170427190805533.jpg,0,No DR,0,No DR,True,0.68430024,0.68430024,0.033083007,0.26894557,0.00076288293,0.012908342
20170120215348972.jpg,0,No DR,0,No DR,True,0.64547056,0.64547056,0.09313684,0.25844637,0.0010619806,0.0018842511
007-2239-100.jpg,2,Moderate,2,Moderate,True,0.49729052,0.36536336,0.1354304,0.49729052,0.0006224101,0.0012933032
007-6630-400.jpg,4,Proliferative,4,Proliferative,True,0.92933965,0.006815862,0.009161036,0.054445628,0.0002378061,0.92933965
20170123085823477.jpg,0,No DR,0,No DR,True,0.7368412,0.7368412,0.031764913,0.23108897,0.000113773836,0.00019106027
007-1603-000.jpg,0,No DR,0,No DR,True,0.5282132,0.5282132,0.11980155,0.35074985,0.0002784774,0.0009569166
007-3751-200.jpg,3,Severe,2,Moderate,False,0.48888102,0.006495899,0.06228264,0.48888102,0.1683086,0.27403188
007-2499-100.jpg,2,Moderate,1,Mild,False,0.41889954,0.24245954,0.41889954,0.33830827,0.0002497816,8.285948e-05
007-7104-400.jpg,4,Proliferative,4,Proliferative,True,0.9289927,0.0065975315,0.016333181,0.047159944,0.000916729,0.9289927
007-4148-200.jpg,2,Moderate,2,Moderate,True,0.5745225,0.0003762379,0.000764369,0.5745225,0.28173906,0.14259788
007-2901-100.jpg,2,Moderate,2,Moderate,True,0.6165249,0.14536816,0.07036597,0.6165249,0.0012184924,0.16652247
007-6050-300.jpg,2,Moderate,2,Moderate,True,0.69180137,0.00658115,0.025928317,0.69180137,0.048253346,0.22743575
20170430194922807.jpg,0,No DR,0,No DR,True,0.53989804,0.53989804,0.050835703,0.4064355,0.0020546266,0.0007760978
007-1103-000.jpg,0,No DR,0,No DR,True,0.4715979,0.4715979,0.25305477,0.24527559,0.00073302543,0.029338686
007-4120-200.jpg,2,Moderate,2,Moderate,True,0.61500776,0.0056729103,0.008746752,0.61500776,0.054166704,0.31640586
20170427211751211.jpg,0,No DR,0,No DR,True,0.48216376,0.48216376,0.14126475,0.37107435,0.002663109,0.002834078
007-3108-100.jpg,2,Moderate,2,Moderate,True,0.6918284,0.04095383,0.06251809,0.6918284,0.012508054,0.19219165
20170407223435565.jpg,0,No DR,0,No DR,True,0.67337686,0.67337686,0.06063106,0.2525742,7.687103e-05,0.013341021
007-6816-400.jpg,4,Proliferative,4,Proliferative,True,0.9454855,0.0006019208,0.002742442,0.049880274,0.0012899223,0.9454855
20170227235708188.jpg,0,No DR,0,No DR,True,0.68440074,0.68440074,0.0378549,0.26814842,0.00014242862,0.00945357
007-0244-000.jpg,0,No DR,0,No DR,True,0.57129925,0.57129925,0.041014176,0.38397813,0.0030539022,0.0006545803
007-3049-100.jpg,2,Moderate,2,Moderate,True,0.41958398,0.28112954,0.185948,0.41958398,0.10146699,0.011871509
20170429221751727.jpg,0,No DR,0,No DR,True,0.6838882,0.6838882,0.038322996,0.25257945,0.01739047,0.007818889
20170609102229501.jpg,2,Moderate,2,Moderate,True,0.44141814,0.302165,0.25374058,0.44141814,0.0003262489,0.002350052
007-6900-400.jpg,4,Proliferative,4,Proliferative,True,0.8276594,0.016239895,0.009802211,0.1438524,0.0024460442,0.8276594
007-3791-200.jpg,2,Moderate,2,Moderate,True,0.7129832,0.23183423,0.052663248,0.7129832,0.0011085003,0.0014108197
20170429200334930.jpg,0,No DR,0,No DR,True,0.5978932,0.5978932,0.053245366,0.33952928,0.0008177539,0.008514336
007-2487-100.jpg,2,Moderate,2,Moderate,True,0.40936652,0.2348194,0.35555917,0.40936652,7.966547e-05,0.0001752394
007-3733-200.jpg,2,Moderate,2,Moderate,True,0.74699277,0.03892946,0.054300077,0.74699277,0.030421214,0.12935653
007-3151-100.jpg,2,Moderate,2,Moderate,True,0.5416682,0.17004208,0.18796937,0.5416682,0.044578336,0.055741977
20170407131109468.jpg,0,No DR,2,Moderate,False,0.38881207,0.34786046,0.2510572,0.38881207,0.011674506,0.0005957806
007-6922-400.jpg,4,Proliferative,2,Moderate,False,0.3947315,0.011068127,0.03750281,0.3947315,0.1633721,0.39332548
007-3110-100.jpg,2,Moderate,2,Moderate,True,0.698058,0.10626963,0.008582903,0.698058,0.0032625715,0.18382691
20170216090134393.jpg,0,No DR,2,Moderate,False,0.55838716,0.39334446,0.047090955,0.55838716,6.35661e-05,0.0011138386
007-0517-000.jpg,0,No DR,0,No DR,True,0.47942513,0.47942513,0.15720104,0.35907918,0.0023426057,0.0019520626
007-2919-100.jpg,2,Moderate,0,No DR,False,0.4802586,0.4802586,0.19408338,0.3110482,9.780115e-05,0.014512031
007-1501-000.jpg,1,Mild,1,Mild,True,0.43116534,0.40269414,0.43116534,0.16504982,0.0004423574,0.00064838637
20170430200115232.jpg,0,No DR,0,No DR,True,0.8028214,0.8028214,0.017643241,0.17846382,0.00080975745,0.000261757
007-1173-000.jpg,0,No DR,0,No DR,True,0.4643233,0.4643233,0.38501143,0.15034127,4.202507e-05,0.00028201507
20170331095158526.jpg,0,No DR,0,No DR,True,0.62230873,0.62230873,0.060250558,0.31367826,0.00017793356,0.003584556
007-2960-100.jpg,1,Mild,2,Moderate,False,0.4474161,0.3454199,0.20548218,0.4474161,2.7735716e-05,0.0016541061
007-6765-400.jpg,4,Proliferative,2,Moderate,False,0.58804554,0.012340493,0.026815232,0.58804554,0.22849147,0.14430727
007-6525-400.jpg,4,Proliferative,4,Proliferative,True,0.47905377,0.051547278,0.014289356,0.4477421,0.0073675723,0.47905377
20170616090736049.jpg,2,Moderate,2,Moderate,True,0.7847308,0.09486327,0.095211826,0.7847308,0.017907897,0.0072862348
007-0131-000.jpg,0,No DR,0,No DR,True,0.5198747,0.5198747,0.066307195,0.4098342,2.655164e-05,0.0039573484
20170429204331636.jpg,0,No DR,0,No DR,True,0.6899965,0.6899965,0.06558522,0.23914371,0.00031094864,0.004963707
007-6996-400.jpg,2,Moderate,4,Proliferative,False,0.5011296,0.008004569,0.0136202,0.4308563,0.046389297,0.5011296
20170324081733358.jpg,0,No DR,0,No DR,True,0.6324468,0.6324468,0.13077648,0.23536915,0.00082118454,0.0005863829
007-4568-200.jpg,2,Moderate,2,Moderate,True,0.7827087,0.007495974,0.027521553,0.7827087,0.045522913,0.13675083
20170214100611376.jpg,0,No DR,1,Mild,False,0.5459683,0.3795768,0.5459683,0.07443767,5.6836366e-06,1.1559068e-05
20170106171110532.jpg,0,No DR,0,No DR,True,0.61958754,0.61958754,0.077024065,0.30137232,0.0003286996,0.0016873209
007-5512-300.jpg,2,Moderate,2,Moderate,True,0.5462295,0.009094748,0.18011995,0.5462295,0.17635515,0.088200636
007-1844-100.jpg,2,Moderate,0,No DR,False,0.55496997,0.55496997,0.16083522,0.2713247,0.00016147012,0.0127086
20170621140503365.jpg,2,Moderate,2,Moderate,True,0.76579696,0.08857602,0.14374207,0.76579696,0.0015348324,0.00035016212
20170429200158774.jpg,0,No DR,0,No DR,True,0.51478493,0.51478493,0.2883941,0.19139203,0.00259134,0.0028375627
20170427182611210.jpg,0,No DR,0,No DR,True,0.82530355,0.82530355,0.02977543,0.14191335,0.0008420151,0.0021656684
20170627112932912.jpg,2,Moderate,2,Moderate,True,0.7218655,0.014186167,0.054282147,0.7218655,0.19929542,0.0103708
20170414102752964.jpg,0,No DR,0,No DR,True,0.5899411,0.5899411,0.077040546,0.33275834,5.0051407e-05,0.00020999105
20170316103544609.jpg,0,No DR,1,Mild,False,0.5563058,0.2371785,0.5563058,0.20596215,0.0004030571,0.00015041271
007-4220-200.jpg,2,Moderate,2,Moderate,True,0.4380368,0.0866079,0.36014572,0.4380368,0.08301218,0.0321975
20170323130757983.jpg,0,No DR,2,Moderate,False,0.5180615,0.3826022,0.08145696,0.5180615,0.005397874,0.012481415
20170326095045439.jpg,0,No DR,0,No DR,True,0.5956238,0.5956238,0.2971905,0.10673622,1.1020279e-06,0.00044840376
007-1511-000.jpg,0,No DR,0,No DR,True,0.4669572,0.4669572,0.12203833,0.392702,0.0005848471,0.0177176
007-3261-100.jpg,1,Mild,2,Moderate,False,0.44727373,0.291333,0.0198424,0.44727373,0.00027144086,0.24127948
007-0969-000.jpg,0,No DR,0,No DR,True,0.4398666,0.4398666,0.29611826,0.26392883,3.969121e-05,4.6619254e-05
007-1219-000.jpg,0,No DR,2,Moderate,False,0.56384677,0.31772903,0.11829585,0.56384677,1.9149245e-05,0.00010914736
007-3036-100.jpg,1,Mild,1,Mild,True,0.35763013,0.29199645,0.35763013,0.34668702,0.0011524288,0.00253406
007-6567-400.jpg,4,Proliferative,4,Proliferative,True,0.9372247,0.0026919907,0.015310888,0.037026465,0.0077458527,0.9372247
007-2555-100.jpg,2,Moderate,2,Moderate,True,0.48399633,0.21483439,0.28441492,0.48399633,0.00024153841,0.016512781
20170215225711779.jpg,0,No DR,0,No DR,True,0.4261546,0.4261546,0.37295815,0.19823284,0.00016631572,0.0024880704
007-2506-100.jpg,2,Moderate,2,Moderate,True,0.49425516,0.27832258,0.0392287,0.49425516,0.0015559281,0.1866377
007-0226-000.jpg,0,No DR,0,No DR,True,0.5256607,0.5256607,0.103048384,0.3670843,0.00025717585,0.003949464
20170430201528262.jpg,0,No DR,0,No DR,True,0.5238659,0.5238659,0.16378562,0.31036827,0.0010299238,0.0009502685
007-7192-400.jpg,4,Proliferative,4,Proliferative,True,0.9598378,0.006894331,0.0059356075,0.027105045,0.00022711114,0.9598378
007-4178-200.jpg,2,Moderate,2,Moderate,True,0.7347098,0.027119868,0.04876411,0.7347098,0.1386217,0.05078447
007-2462-100.jpg,2,Moderate,1,Mild,False,0.70837957,0.040645726,0.70837957,0.24936442,0.00014389686,0.0014663812
007-7729-601.jpg,2,Moderate,0,No DR,False,0.3970727,0.3970727,0.014162309,0.37721413,0.00017991032,0.21137092
007-6548-400.jpg,4,Proliferative,3,Severe,False,0.43867186,0.0016124266,0.016516933,0.1846134,0.43867186,0.35858536
007-2367-100.jpg,1,Mild,2,Moderate,False,0.4306212,0.3649287,0.20337775,0.4306212,0.0003814221,0.00069086713
20170215223446750.jpg,0,No DR,0,No DR,True,0.5453959,0.5453959,0.13163474,0.31980175,0.002326866,0.00084074936
20170222152702689.jpg,0,No DR,1,Mild,False,0.3879825,0.3171642,0.3879825,0.28871587,0.005753553,0.00038385746
007-6605-400.jpg,4,Proliferative,4,Proliferative,True,0.56865007,0.0062444583,0.0069267927,0.41367793,0.004500765,0.56865007
20170404145601593.jpg,0,No DR,1,Mild,False,0.54289204,0.1842623,0.54289204,0.2713148,0.0007188283,0.0008120355
007-4630-200.jpg,2,Moderate,4,Proliferative,False,0.5431015,0.00023350651,0.0024778098,0.42753088,0.02665631,0.5431015
20170429202319993.jpg,0,No DR,0,No DR,True,0.5303706,0.5303706,0.09243031,0.3552208,0.0090904655,0.012887799
007-2267-100.jpg,1,Mild,2,Moderate,False,0.5367651,0.06464719,0.3952784,0.5367651,0.0009091304,0.002400113
20170410095228806.jpg,0,No DR,0,No DR,True,0.45745668,0.45745668,0.09852707,0.43108478,0.00074405625,0.012187424
007-6235-300.jpg,2,Moderate,2,Moderate,True,0.45652086,0.15465151,0.32700157,0.45652086,0.0023672404,0.059458837
20170516092409004.jpg,2,Moderate,2,Moderate,True,0.49053428,0.002623289,0.015123105,0.49053428,0.06471837,0.42700097
20170424155625870.jpg,0,No DR,0,No DR,True,0.5650193,0.5650193,0.091166854,0.34369087,1.1415558e-05,0.000111510904
007-6261-300.jpg,2,Moderate,2,Moderate,True,0.6168632,0.036060203,0.17636794,0.6168632,0.1495404,0.021168238
007-7146-400.jpg,4,Proliferative,4,Proliferative,True,0.61839485,0.024119925,0.056289468,0.23755588,0.063639835,0.61839485
007-0620-000.jpg,0,No DR,0,No DR,True,0.43663824,0.43663824,0.30156037,0.25811112,0.002584165,0.0011060967
20170226094501379.jpg,0,No DR,0,No DR,True,0.7285108,0.7285108,0.096953936,0.17451957,1.0291862e-05,5.481711e-06
20170327112955216.jpg,0,No DR,0,No DR,True,0.47351965,0.47351965,0.09600171,0.43030444,5.7525827e-05,0.000116650386
007-2785-100.jpg,1,Mild,2,Moderate,False,0.63783664,0.27573177,0.058863267,0.63783664,0.01604707,0.011521264
20170209143329557.jpg,0,No DR,0,No DR,True,0.5008465,0.5008465,0.14194863,0.34886014,0.00233663,0.0060080886
20170616090841491.jpg,2,Moderate,2,Moderate,True,0.59428185,0.14267519,0.05126444,0.59428185,0.1790749,0.032703616
007-4004-200.jpg,2,Moderate,0,No DR,False,0.5472316,0.5472316,0.21033017,0.24236684,9.88749e-06,6.145459e-05
20170408215230674.jpg,0,No DR,0,No DR,True,0.5840839,0.5840839,0.10562001,0.30725068,0.0007970566,0.0022483955
007-8268-602.jpg,2,Moderate,4,Proliferative,False,0.79883164,0.010129405,0.08766699,0.09925357,0.0041184104,0.79883164
20170412084611885.jpg,0,No DR,0,No DR,True,0.641205,0.641205,0.03637775,0.3213816,0.0007490628,0.00028654633
007-6864-400.jpg,4,Proliferative,2,Moderate,False,0.43331337,0.28885734,0.04082087,0.43331337,0.00174694,0.23526148
007-3352-200.jpg,2,Moderate,2,Moderate,True,0.60751307,0.18445425,0.1861477,0.60751307,0.0002593402,0.021625657
007-4807-300.jpg,2,Moderate,4,Proliferative,False,0.596986,0.11157148,0.019422958,0.27109343,0.0009261431,0.596986
20170428090609601.jpg,0,No DR,2,Moderate,False,0.4506468,0.43321604,0.11611767,0.4506468,1.0857738e-05,8.674493e-06
007-6832-400.jpg,4,Proliferative,4,Proliferative,True,0.89480966,0.0075877407,0.025402633,0.06603184,0.0061681713,0.89480966
20170609165633187.jpg,2,Moderate,2,Moderate,True,0.7193193,0.033679128,0.18416011,0.7193193,0.0467301,0.016111426
007-2450-100.jpg,2,Moderate,2,Moderate,True,0.47845325,0.058109883,0.45574844,0.47845325,0.0015735668,0.00611493
007-6815-400.jpg,4,Proliferative,4,Proliferative,True,0.90686166,0.0007840456,0.0026624077,0.08796627,0.0017256013,0.90686166
20170207174536612.jpg,0,No DR,0,No DR,True,0.56826705,0.56826705,0.14457883,0.28552648,0.00023880413,0.0013888157
20170503192804965.jpg,2,Moderate,2,Moderate,True,0.4189199,0.25274807,0.22675528,0.4189199,0.09726183,0.0043148906
007-2452-100.jpg,2,Moderate,1,Mild,False,0.46748883,0.033516604,0.46748883,0.4407442,0.03538,0.022870377
20170429211807328.jpg,0,No DR,0,No DR,True,0.6739312,0.6739312,0.09284388,0.22843492,0.0008854236,0.00390456
007-1700-000.jpg,0,No DR,0,No DR,True,0.52800107,0.52800107,0.03078435,0.43446144,0.00047548587,0.0062776646
007-5787-300.jpg,2,Moderate,3,Severe,False,0.56544614,0.0029564553,0.01019451,0.34590077,0.56544614,0.07550213
007-1068-000.jpg,0,No DR,1,Mild,False,0.5267669,0.26183534,0.5267669,0.21133272,4.3669836e-05,2.1387234e-05
007-2856-100.jpg,1,Mild,2,Moderate,False,0.50334775,0.36115116,0.13534528,0.50334775,7.27695e-05,8.302403e-05
007-5849-300.jpg,2,Moderate,2,Moderate,True,0.744406,0.097723976,0.11824017,0.744406,0.037340246,0.0022896552
007-4889-300.jpg,2,Moderate,2,Moderate,True,0.640111,0.12577987,0.23025283,0.640111,0.001430818,0.0024254294
20170525100049684.jpg,2,Moderate,2,Moderate,True,0.83899313,0.018466761,0.081266575,0.83899313,0.056695517,0.0045780237
007-1174-000.jpg,0,No DR,1,Mild,False,0.46959907,0.37034893,0.46959907,0.160013,6.2676468e-06,3.2673805e-05
007-2348-100.jpg,1,Mild,1,Mild,True,0.46754104,0.23543869,0.46754104,0.295044,0.0018775095,9.873349e-05
007-8236-602.jpg,0,No DR,2,Moderate,False,0.4748603,0.19613366,0.24442971,0.4748603,0.004274028,0.08030232
007-2584-100.jpg,2,Moderate,2,Moderate,True,0.7165801,0.18082817,0.0274713,0.7165801,0.06999346,0.005127001
20170401095655999.jpg,0,No DR,2,Moderate,False,0.49979278,0.45861444,0.03988815,0.49979278,2.9094422e-06,0.0017017554
007-5662-300.jpg,2,Moderate,2,Moderate,True,0.64508325,0.061723802,0.08614947,0.64508325,0.02550598,0.18153757
007-0998-000.jpg,0,No DR,0,No DR,True,0.5433518,0.5433518,0.15128206,0.2945958,0.0022777568,0.00849256
007-4803-300.jpg,2,Moderate,2,Moderate,True,0.8778573,0.07150147,0.0314811,0.8778573,0.016087262,0.0030727766
007-0514-000.jpg,0,No DR,0,No DR,True,0.52181035,0.52181035,0.16820425,0.30983335,6.1821775e-05,9.027594e-05
20170324091735788.jpg,0,No DR,0,No DR,True,0.8123646,0.8123646,0.008993997,0.1737603,1.913944e-05,0.004862023
20170428082715541.jpg,0,No DR,0,No DR,True,0.7212227,0.7212227,0.012096275,0.26663193,7.5299395e-06,4.1577954e-05
007-6890-400.jpg,4,Proliferative,4,Proliferative,True,0.85848224,0.00012481304,0.00021616001,0.13286482,0.008311899,0.85848224
007-8237-602.jpg,0,No DR,4,Proliferative,False,0.561934,0.04084858,0.013656758,0.36768636,0.015874248,0.561934
20170429213412314.jpg,0,No DR,0,No DR,True,0.746245,0.746245,0.03370183,0.21708678,0.0004954174,0.002471061
20170329085831428.jpg,0,No DR,0,No DR,True,0.59053344,0.59053344,0.061153237,0.34815788,2.1053525e-05,0.00013438701
007-2698-100.jpg,2,Moderate,2,Moderate,True,0.57797384,0.10345571,0.24743524,0.57797384,0.05378657,0.017348666
20170424094834530.jpg,0,No DR,0,No DR,True,0.43383452,0.43383452,0.31456435,0.25121757,2.9608482e-05,0.00035395238
007-1457-000.jpg,0,No DR,0,No DR,True,0.55737585,0.55737585,0.28625748,0.15489312,0.00078278186,0.0006907723
007-4620-200.jpg,2,Moderate,4,Proliferative,False,0.6653269,0.07079258,0.052829262,0.20872916,0.0023220473,0.6653269
20170430193321931.jpg,0,No DR,0,No DR,True,0.59647286,0.59647286,0.08624263,0.27858558,0.018839465,0.019859428
007-0660-000.jpg,0,No DR,0,No DR,True,0.61416715,0.61416715,0.13570642,0.24920493,7.483314e-06,0.0009139329
007-2273-100.jpg,1,Mild,2,Moderate,False,0.40385914,0.29887578,0.22921456,0.40385914,0.04170704,0.026343549
007-6949-400.jpg,4,Proliferative,4,Proliferative,True,0.80546427,0.053849593,0.06242621,0.07741918,0.00084076135,0.80546427
007-0414-000.jpg,0,No DR,0,No DR,True,0.49968395,0.49968395,0.16727632,0.3024,0.0002116831,0.030428026
007-6696-400.jpg,4,Proliferative,4,Proliferative,True,0.8410601,0.006296957,0.015155953,0.13533737,0.0021496154,0.8410601
20170407231958802.jpg,0,No DR,0,No DR,True,0.6635692,0.6635692,0.02351629,0.31148928,0.00016451458,0.0012606749
20170409201706285.jpg,0,No DR,0,No DR,True,0.7025628,0.7025628,0.011825417,0.27539563,2.6286521e-05,0.010189836
007-6422-400.jpg,4,Proliferative,2,Moderate,False,0.40171877,0.1406692,0.2270721,0.40171877,0.1656525,0.0648874
007-3109-100.jpg,2,Moderate,2,Moderate,True,0.51754135,0.39164236,0.06521315,0.51754135,9.2816634e-05,0.025510281
20170522095812915.jpg,2,Moderate,0,No DR,False,0.41507077,0.41507077,0.1751246,0.4079133,0.0010975449,0.0007937804
20170605153241003.jpg,1,Mild,2,Moderate,False,0.65383554,0.0805438,0.19398533,0.65383554,0.021870984,0.049764354
20170323110340307.jpg,0,No DR,0,No DR,True,0.5870028,0.5870028,0.13355722,0.27935877,4.5823195e-05,3.5340396e-05
007-0156-000.jpg,2,Moderate,0,No DR,False,0.5029064,0.5029064,0.082036786,0.39689538,8.583228e-05,0.018075611
007-5837-300.jpg,2,Moderate,2,Moderate,True,0.47050524,0.0028152117,0.013324095,0.47050524,0.34605137,0.16730416
20170530104857438.jpg,2,Moderate,2,Moderate,True,0.4735159,0.08944053,0.431226,0.4735159,0.003885058,0.0019324808
007-6149-300.jpg,2,Moderate,2,Moderate,True,0.59401315,0.21105938,0.09714775,0.59401315,0.0006544185,0.09712527
20170226230728104.jpg,0,No DR,0,No DR,True,0.6962557,0.6962557,0.120569736,0.1827824,4.6033554e-05,0.00034617417
20170327114657010.jpg,0,No DR,0,No DR,True,0.74808955,0.74808955,0.021249082,0.22992183,0.00014308268,0.0005964403
007-6586-400.jpg,4,Proliferative,4,Proliferative,True,0.91160655,0.0039464245,0.0158302,0.06550338,0.0031135373,0.91160655
007-3093-100.jpg,2,Moderate,2,Moderate,True,0.4945709,0.26534072,0.23376808,0.4945709,0.0012262355,0.0050940164
20170629195200847.jpg,2,Moderate,0,No DR,False,0.44563606,0.44563606,0.1224817,0.43163717,6.663447e-05,0.00017838282
20170428100642582.jpg,0,No DR,0,No DR,True,0.564441,0.564441,0.1975938,0.23668814,0.00031195316,0.0009651034
007-2833-100.jpg,2,Moderate,2,Moderate,True,0.7743836,0.09235899,0.10561802,0.7743836,0.021921594,0.0057178065
007-0869-000.jpg,0,No DR,0,No DR,True,0.58885187,0.58885187,0.028185971,0.35627025,0.003514257,0.023177657
20170324091221882.jpg,0,No DR,2,Moderate,False,0.37468517,0.3356237,0.28931567,0.37468517,0.00018500313,0.00019043575
007-2309-100.jpg,0,No DR,0,No DR,True,0.4232075,0.4232075,0.22358568,0.34931445,0.0016572094,0.0022351418
007-2819-100.jpg,2,Moderate,2,Moderate,True,0.48038858,0.26171806,0.12050397,0.48038858,0.0007463824,0.13664293
007-5590-300.jpg,2,Moderate,2,Moderate,True,0.7664623,0.025568126,0.12369383,0.7664623,0.023071814,0.061203994
20170323082951101.jpg,0,No DR,2,Moderate,False,0.45143127,0.3590043,0.18694222,0.45143127,0.0019629363,0.0006592211
20170321103950081.jpg,0,No DR,2,Moderate,False,0.40507713,0.33779502,0.25674692,0.40507713,0.00021074481,0.00017021073
007-4277-200.jpg,2,Moderate,2,Moderate,True,0.7452329,0.12186229,0.013383166,0.7452329,0.04664368,0.07287801
007-2518-100.jpg,1,Mild,2,Moderate,False,0.49231857,0.33930323,0.1626362,0.49231857,0.0005179378,0.005224032
007-6016-300.jpg,2,Moderate,2,Moderate,True,0.67809176,0.088307545,0.048796702,0.67809176,0.122092955,0.06271104
007-0853-000.jpg,0,No DR,0,No DR,True,0.5175638,0.5175638,0.0963042,0.38339624,0.0014341265,0.0013015623
20170427190551011.jpg,0,No DR,0,No DR,True,0.70535934,0.70535934,0.042653173,0.25101793,0.0002540089,0.00071555923
007-5524-300.jpg,3,Severe,3,Severe,True,0.561402,0.0002419331,0.001292666,0.10995689,0.561402,0.32710654
007-2321-100.jpg,2,Moderate,2,Moderate,True,0.5494358,0.2605121,0.16569255,0.5494358,0.0002692866,0.024090182
20170612142011722.jpg,2,Moderate,2,Moderate,True,0.48546883,0.1741924,0.33714515,0.48546883,0.00041824626,0.0027754244
007-0685-000.jpg,0,No DR,2,Moderate,False,0.4633425,0.40932035,0.10239047,0.4633425,0.00030111373,0.024645628
007-0328-000.jpg,0,No DR,0,No DR,True,0.74510187,0.74510187,0.06494662,0.18598634,0.0016743133,0.0022908328
20170123102700555.jpg,0,No DR,0,No DR,True,0.6241266,0.6241266,0.08203837,0.29238287,3.140916e-05,0.0014207534
007-4699-200.jpg,2,Moderate,2,Moderate,True,0.5712189,0.004916891,0.012137638,0.5712189,0.04752907,0.36419752
20170612233619184.jpg,2,Moderate,1,Mild,False,0.59040403,0.16818193,0.59040403,0.24016082,4.7770664e-05,0.0012054595
007-2492-100.jpg,1,Mild,2,Moderate,False,0.5057073,0.33301625,0.16121429,0.5057073,1.1300794e-05,5.0872615e-05
20170520101042385.jpg,2,Moderate,2,Moderate,True,0.6393159,0.2581769,0.07015156,0.6393159,0.022582497,0.0097731445
007-5661-300.jpg,3,Severe,4,Proliferative,False,0.45482177,6.10653e-05,0.00025503518,0.19860244,0.3462597,0.45482177
007-4108-200.jpg,2,Moderate,2,Moderate,True,0.60797197,0.12156495,0.2442558,0.60797197,0.005856664,0.020350633
007-1752-000.jpg,0,No DR,2,Moderate,False,0.46996963,0.186602,0.34248886,0.46996963,0.00029839954,0.00064113014
20170612085457865.jpg,2,Moderate,2,Moderate,True,0.75194484,0.050097942,0.04675049,0.75194484,0.024425035,0.12678169
007-0188-000.jpg,0,No DR,1,Mild,False,0.4818047,0.21019852,0.4818047,0.30757266,0.00025674875,0.00016738081
007-4816-300.jpg,2,Moderate,2,Moderate,True,0.47646713,0.16016518,0.1434555,0.47646713,0.1019698,0.11794238
007-4007-200.jpg,2,Moderate,2,Moderate,True,0.6758294,0.050448824,0.113742374,0.6758294,0.058456875,0.10152246
007-4328-200.jpg,2,Moderate,2,Moderate,True,0.5629877,0.01170036,0.024209065,0.5629877,0.007098482,0.39400434
007-7707-601.jpg,2,Moderate,2,Moderate,True,0.40697262,0.23905678,0.01416315,0.40697262,0.002485146,0.33732232
20170430145041016.jpg,0,No DR,0,No DR,True,0.6225949,0.6225949,0.049987342,0.32659084,8.517291e-05,0.00074180495
20170408215951874.jpg,0,No DR,0,No DR,True,0.5398644,0.5398644,0.14772262,0.31184494,0.00019472584,0.00037330194
20170430200912409.jpg,0,No DR,0,No DR,True,0.7093517,0.7093517,0.042602986,0.23105465,0.004218183,0.012772508
007-4863-300.jpg,2,Moderate,2,Moderate,True,0.5779926,0.034551173,0.08618504,0.5779926,0.24362366,0.057647545
20170221145429884.jpg,0,No DR,0,No DR,True,0.5559494,0.5559494,0.14825916,0.2953205,4.0685292e-05,0.000430238
007-6339-400.jpg,4,Proliferative,4,Proliferative,True,0.36976427,0.003391402,0.011377604,0.28574416,0.32972252,0.36976427
007-5758-300.jpg,2,Moderate,2,Moderate,True,0.86298156,0.051077206,0.052357376,0.86298156,0.017169442,0.016414406
007-5471-300.jpg,2,Moderate,1,Mild,False,0.52474576,0.096942976,0.52474576,0.36707547,0.0104225855,0.0008132111
007-7255-400.jpg,4,Proliferative,4,Proliferative,True,0.7081043,0.115452014,0.011636223,0.16440198,0.00040548283,0.7081043
007-8149-601.jpg,2,Moderate,2,Moderate,True,0.4519792,0.16039209,0.010836809,0.4519792,0.000475293,0.37631667
007-1625-000.jpg,0,No DR,2,Moderate,False,0.4868538,0.348875,0.16256565,0.4868538,0.0002933617,0.0014122293
007-3923-200.jpg,2,Moderate,2,Moderate,True,0.51560247,0.3384674,0.1082743,0.51560247,0.035120934,0.0025348642
007-2642-100.jpg,2,Moderate,2,Moderate,True,0.5161662,0.38079187,0.10295115,0.5161662,1.7585986e-05,7.318046e-05
007-7685-601.jpg,0,No DR,2,Moderate,False,0.45007366,0.3703582,0.027046159,0.45007366,0.0008562774,0.15166573
007-4370-200.jpg,2,Moderate,2,Moderate,True,0.48451278,0.014415051,0.024300274,0.48451278,0.24312365,0.23364823
007-0436-000.jpg,0,No DR,0,No DR,True,0.4837625,0.4837625,0.17148888,0.34427184,0.0004503053,2.6504253e-05
20170327104857725.jpg,0,No DR,0,No DR,True,0.7433632,0.7433632,0.11782309,0.13792159,0.0003904934,0.00050166127
007-6087-300.jpg,2,Moderate,2,Moderate,True,0.46584547,0.021941219,0.05398761,0.46584547,0.4227812,0.03544447
20170417141233374.jpg,0,No DR,0,No DR,True,0.56832665,0.56832665,0.23102207,0.19920821,5.177111e-05,0.0013912097
20170518092011904.jpg,2,Moderate,2,Moderate,True,0.4822945,0.006344301,0.0327095,0.4822945,0.3932279,0.085423835
007-0759-000.jpg,0,No DR,0,No DR,True,0.53100634,0.53100634,0.05232087,0.41382498,0.00065172056,0.0021960924
007-7240-400.jpg,4,Proliferative,4,Proliferative,True,0.60002106,0.0021574744,0.006645413,0.32390887,0.067267105,0.60002106
20170430192959163.jpg,0,No DR,0,No DR,True,0.5910939,0.5910939,0.10287377,0.30209303,0.0017231809,0.0022161484
20170608153659715.jpg,2,Moderate,2,Moderate,True,0.46685275,0.19916604,0.23097381,0.46685275,0.08842477,0.014582659
007-2108-100.jpg,2,Moderate,2,Moderate,True,0.49399662,0.029335963,0.12723704,0.49399662,0.05081465,0.29861578
007-0698-000.jpg,0,No DR,2,Moderate,False,0.47915962,0.37571192,0.14487389,0.47915962,7.173746e-05,0.00018281539
007-0552-000.jpg,0,No DR,0,No DR,True,0.60858595,0.60858595,0.0962657,0.29220688,8.982696e-06,0.0029324486
20170210165822208.jpg,0,No DR,1,Mild,False,0.36806172,0.32243714,0.36806172,0.30713943,0.0021010088,0.00026067457
007-5214-300.jpg,2,Moderate,4,Proliferative,False,0.56567717,0.05964656,0.077150345,0.27255255,0.02497334,0.56567717
007-6257-300.jpg,2,Moderate,2,Moderate,True,0.8124757,0.04274565,0.08872834,0.8124757,0.05033216,0.00571817
20170602155247616.jpg,2,Moderate,3,Severe,False,0.49609822,0.008929082,0.034751598,0.38570148,0.49609822,0.07451965
007-3004-100.jpg,2,Moderate,2,Moderate,True,0.44658834,0.4034371,0.14486,0.44658834,0.0041830717,0.0009314376
20170504211026647.jpg,2,Moderate,0,No DR,False,0.59000844,0.59000844,0.05139064,0.34754935,0.005295289,0.0057562403
20170420184440359.jpg,0,No DR,0,No DR,True,0.4349038,0.4349038,0.31411073,0.24684414,0.00030900986,0.0038323505
20170524083940499.jpg,2,Moderate,2,Moderate,True,0.659634,0.028215732,0.046635505,0.659634,0.067725606,0.19778919
007-5107-300.jpg,2,Moderate,2,Moderate,True,0.5211335,0.0007026699,0.0019300834,0.5211335,0.41855475,0.057678986
007-5223-300.jpg,3,Severe,3,Severe,True,0.7332476,0.0009430347,0.0034566533,0.25215265,0.7332476,0.010200114
007-2683-100.jpg,1,Mild,0,No DR,False,0.55066335,0.55066335,0.11363967,0.33415905,0.0005737348,0.00096421444
20170329091959859.jpg,0,No DR,0,No DR,True,0.45157525,0.45157525,0.3384619,0.20783812,0.0001713629,0.0019533813
007-3341-200.jpg,2,Moderate,2,Moderate,True,0.51090145,0.3016929,0.18479331,0.51090145,8.4254325e-06,0.0026038943
20170209164906911.jpg,0,No DR,0,No DR,True,0.35968417,0.35968417,0.3172242,0.3227699,0.00021190976,0.00010983978
007-4157-200.jpg,2,Moderate,2,Moderate,True,0.40840033,0.053070392,0.24940489,0.40840033,0.022143047,0.2669814
007-0398-000.jpg,0,No DR,0,No DR,True,0.65001553,0.65001553,0.1406207,0.20931299,8.155567e-06,4.260333e-05
007-3566-200.jpg,2,Moderate,2,Moderate,True,0.6205807,0.043497212,0.1835769,0.6205807,0.019248385,0.13309683
007-7332-601.jpg,0,No DR,0,No DR,True,0.5953106,0.5953106,0.063272685,0.3074532,1.5226358e-05,0.03394835
007-4489-200.jpg,2,Moderate,2,Moderate,True,0.7562497,0.014495837,0.009067678,0.7562497,0.0052584447,0.21492825
007-6170-300.jpg,2,Moderate,2,Moderate,True,0.60918194,0.31323647,0.058811262,0.60918194,0.0018571027,0.01691321
20170328081016390.jpg,0,No DR,0,No DR,True,0.5029645,0.5029645,0.06307451,0.4337688,1.8999888e-05,0.0001731385
007-2050-100.jpg,2,Moderate,2,Moderate,True,0.69818366,0.07903224,0.15655065,0.69818366,0.036754377,0.029479058
007-4457-200.jpg,2,Moderate,2,Moderate,True,0.67790097,0.019221453,0.04914561,0.67790097,0.0333507,0.2203813
007-3091-100.jpg,2,Moderate,0,No DR,False,0.30488193,0.30488193,0.16256489,0.2969423,0.0011746815,0.23443629
007-3377-200.jpg,2,Moderate,2,Moderate,True,0.7106465,0.024903756,0.028249657,0.7106465,0.040613376,0.19558664
007-3796-200.jpg,2,Moderate,2,Moderate,True,0.83583826,0.014049935,0.044655412,0.83583826,0.04585739,0.05959901
20170324112557007.jpg,0,No DR,2,Moderate,False,0.5094488,0.2363397,0.24524279,0.5094488,0.008688414,0.00028022114
20170418105730020.jpg,0,No DR,0,No DR,True,0.5708771,0.5708771,0.06586565,0.3609227,0.00020228387,0.0021322637
20170405133534347.jpg,0,No DR,0,No DR,True,0.4919861,0.4919861,0.12163639,0.38631958,3.8836657e-05,1.9103467e-05
007-3634-200.jpg,3,Severe,4,Proliferative,False,0.4996447,0.0008844344,0.0031837798,0.34527686,0.15101025,0.4996447
007-0341-000.jpg,0,No DR,0,No DR,True,0.6171107,0.6171107,0.024501316,0.3574385,5.6653435e-06,0.0009437472
007-4840-300.jpg,2,Moderate,2,Moderate,True,0.77811307,0.0003730023,0.00045987804,0.77811307,0.1536724,0.067381635
20170302092821598.jpg,0,No DR,2,Moderate,False,0.41226643,0.3928857,0.1947988,0.41226643,3.4999743e-05,1.4054924e-05
007-0065-000.jpg,0,No DR,2,Moderate,False,0.49327037,0.29071075,0.21310645,0.49327037,0.0010594093,0.0018529948
20170323110609014.jpg,0,No DR,0,No DR,True,0.5573504,0.5573504,0.06630942,0.36998498,0.0062134815,0.00014168599
20170327104159249.jpg,0,No DR,2,Moderate,False,0.36022195,0.3303569,0.30911934,0.36022195,0.00016416705,0.00013762728
007-3413-200.jpg,2,Moderate,2,Moderate,True,0.87141746,0.0029732722,0.03294752,0.87141746,0.023802567,0.068859115
007-3961-200.jpg,2,Moderate,2,Moderate,True,0.5529023,0.25420672,0.039302003,0.5529023,0.00022216733,0.1533668
007-2634-100.jpg,0,No DR,1,Mild,False,0.5409264,0.17316476,0.5409264,0.27915266,0.0013560882,0.005400094
20170422183243272.jpg,0,No DR,0,No DR,True,0.5287907,0.5287907,0.26826873,0.20281246,0.00010820732,1.9936098e-05
20170427212809393.jpg,0,No DR,0,No DR,True,0.62598234,0.62598234,0.09731918,0.27001175,0.005612864,0.0010738677
20170215223846997.jpg,0,No DR,0,No DR,True,0.40709487,0.40709487,0.17525433,0.4030137,0.010825209,0.0038119
007-2977-100.jpg,2,Moderate,2,Moderate,True,0.39327213,0.35137835,0.13554525,0.39327213,0.00316096,0.11664322
20170622165648655.jpg,2,Moderate,2,Moderate,True,0.700892,0.005672657,0.017026482,0.700892,0.25383413,0.022574764
007-0572-000.jpg,0,No DR,0,No DR,True,0.4410404,0.4410404,0.39243177,0.16646571,2.4007804e-05,3.8104958e-05
20170618220954488.jpg,2,Moderate,2,Moderate,True,0.5684097,0.020019224,0.041917533,0.5684097,0.2905003,0.07915325
20170428090532281.jpg,0,No DR,2,Moderate,False,0.48863345,0.41349274,0.061406616,0.48863345,0.0074943653,0.028972827
007-2606-100.jpg,0,No DR,2,Moderate,False,0.47566622,0.21957782,0.013755499,0.47566622,0.0011710005,0.28982952
007-4585-200.jpg,2,Moderate,2,Moderate,True,0.50636446,0.0043776343,0.02890187,0.50636446,0.15074083,0.30961525
007-1829-100.jpg,2,Moderate,2,Moderate,True,0.5923908,0.25345576,0.14859939,0.5923908,0.0017359585,0.0038181655
007-1112-000.jpg,0,No DR,0,No DR,True,0.6244115,0.6244115,0.051179305,0.32438895,5.2933783e-06,1.4868092e-05
007-4747-200.jpg,2,Moderate,2,Moderate,True,0.5453042,0.000701923,0.0025963588,0.5453042,0.42888027,0.022517344
007-3836-200.jpg,2,Moderate,2,Moderate,True,0.58615875,0.030732766,0.09653018,0.58615875,0.13514434,0.15143396
20170408233819816.jpg,0,No DR,0,No DR,True,0.5738605,0.5738605,0.06325543,0.35368586,0.00078382506,0.008414402
20170323084320632.jpg,0,No DR,0,No DR,True,0.7574005,0.7574005,0.01642659,0.21763207,6.4776534e-05,0.008476047
007-6365-400.jpg,4,Proliferative,4,Proliferative,True,0.71783984,0.0021875731,0.0012977311,0.2528657,0.025809182,0.71783984
007-2466-100.jpg,2,Moderate,2,Moderate,True,0.5353174,0.053178433,0.39618093,0.5353174,0.0059368303,0.00938639
007-5740-300.jpg,2,Moderate,2,Moderate,True,0.53811246,0.1748725,0.22929372,0.53811246,0.0024800417,0.055241264
20170408231532801.jpg,0,No DR,0,No DR,True,0.7651524,0.7651524,0.08135871,0.15255076,0.000118161974,0.00082000403
007-6798-400.jpg,4,Proliferative,4,Proliferative,True,0.9423001,0.0052163415,0.013973638,0.037361495,0.0011484211,0.9423001
007-5606-300.jpg,2,Moderate,2,Moderate,True,0.47880673,0.0036947588,0.010423533,0.47880673,0.4316092,0.07546576
007-3051-100.jpg,1,Mild,2,Moderate,False,0.40895262,0.35274547,0.23372866,0.40895262,0.0014142651,0.003159002
007-4015-200.jpg,2,Moderate,2,Moderate,True,0.71683145,0.056322157,0.1791915,0.71683145,0.0108440565,0.036810905
007-6898-400.jpg,4,Proliferative,4,Proliferative,True,0.92213666,0.0005554906,0.0026213229,0.07037242,0.004314069,0.92213666
007-5335-300.jpg,2,Moderate,2,Moderate,True,0.5115807,0.00016844667,0.0010285402,0.5115807,0.27056682,0.21665546
20170509100157978.jpg,2,Moderate,2,Moderate,True,0.9204388,0.02981596,0.020926088,0.9204388,0.02281323,0.006005894
007-1243-000.jpg,0,No DR,0,No DR,True,0.49841887,0.49841887,0.07556779,0.42529875,2.3295237e-05,0.0006912166
20170408222505701.jpg,0,No DR,0,No DR,True,0.693127,0.693127,0.013381444,0.2920168,3.3300963e-05,0.0014414347
20170329095907382.jpg,0,No DR,0,No DR,True,0.5395621,0.5395621,0.09452536,0.36488637,4.927229e-05,0.0009768866
007-8028-601.jpg,2,Moderate,2,Moderate,True,0.55581266,0.21795726,0.0034692122,0.55581266,0.00018273732,0.22257815
007-7181-400.jpg,4,Proliferative,4,Proliferative,True,0.5697359,0.0125618195,0.002652028,0.4116663,0.0033840614,0.5697359
007-2297-100.jpg,2,Moderate,2,Moderate,True,0.5920414,0.019715706,0.22658055,0.5920414,0.14377968,0.017882662
007-6901-400.jpg,4,Proliferative,4,Proliferative,True,0.9825273,0.00021384307,0.0006984802,0.014710983,0.0018493846,0.9825273
007-6870-400.jpg,4,Proliferative,4,Proliferative,True,0.34164104,0.0046208757,0.013608092,0.31598338,0.3241466,0.34164104
007-6184-300.jpg,2,Moderate,2,Moderate,True,0.49140802,0.005113047,0.01685755,0.49140802,0.46070194,0.025919529
007-3912-200.jpg,2,Moderate,2,Moderate,True,0.76199675,0.026926761,0.03490356,0.76199675,0.010781474,0.1653914
20170427185156957.jpg,0,No DR,0,No DR,True,0.5958424,0.5958424,0.09078599,0.2961544,0.016374841,0.000842338
007-0030-000.jpg,0,No DR,0,No DR,True,0.43107444,0.43107444,0.33082524,0.23802401,9.77705e-06,6.656476e-05
20170609083431717.jpg,2,Moderate,2,Moderate,True,0.7266909,0.012985477,0.01966418,0.7266909,0.21548744,0.025172055
007-6343-400.jpg,4,Proliferative,3,Severe,False,0.58892334,0.0047865156,0.00780187,0.2082375,0.58892334,0.19025074
20170430201256556.jpg,0,No DR,0,No DR,True,0.6795624,0.6795624,0.07497837,0.2390671,0.0024605512,0.003931567
007-6883-400.jpg,4,Proliferative,4,Proliferative,True,0.9924763,0.00039244772,0.00023422237,0.0068953815,1.6946192e-06,0.9924763
20170406102954330.jpg,0,No DR,0,No DR,True,0.7012384,0.7012384,0.021910481,0.27621022,2.7130764e-05,0.0006137693
20170428100042138.jpg,0,No DR,0,No DR,True,0.6862803,0.6862803,0.07461979,0.23821399,0.00013856182,0.0007473471
007-7412-601.jpg,0,No DR,0,No DR,True,0.6236435,0.6236435,0.022027474,0.3470311,0.0019333316,0.0053645526
20170413112758639.jpg,0,No DR,0,No DR,True,0.507744,0.507744,0.24015433,0.25000235,0.00032075017,0.0017785202
20170616130013868.jpg,2,Moderate,2,Moderate,True,0.6676884,0.09964983,0.23022902,0.6676884,0.0014619903,0.0009707145
007-2045-100.jpg,1,Mild,0,No DR,False,0.47242308,0.47242308,0.13942611,0.3874582,6.01593e-06,0.00068655156
20170331142808935.jpg,0,No DR,0,No DR,True,0.5833771,0.5833771,0.1335338,0.2830734,1.1949287e-05,3.786906e-06
20170313172619640.jpg,0,No DR,0,No DR,True,0.60037786,0.60037786,0.105517425,0.29292962,0.00065046706,0.0005245875
007-3124-100.jpg,0,No DR,0,No DR,True,0.50318414,0.50318414,0.06201196,0.34365144,0.0008082275,0.090344265
007-7160-400.jpg,4,Proliferative,0,No DR,False,0.56379265,0.56379265,0.01580629,0.3906077,4.6758905e-05,0.02974654
20170616125215801.jpg,2,Moderate,2,Moderate,True,0.52636594,0.22323841,0.24390562,0.52636594,0.00012599965,0.0063640284
20170223114531468.jpg,0,No DR,0,No DR,True,0.60488355,0.60488355,0.12240318,0.2540766,0.00065864023,0.017978067
007-1131-000.jpg,0,No DR,0,No DR,True,0.47166336,0.47166336,0.074200936,0.3674442,0.0003079266,0.08638358
20170214135751487.jpg,0,No DR,0,No DR,True,0.6272794,0.6272794,0.23124237,0.14023925,3.9907718e-05,0.0011990723
20170122165423738.jpg,0,No DR,0,No DR,True,0.5229695,0.5229695,0.1145602,0.36205438,0.00031695887,9.891353e-05
007-1462-000.jpg,2,Moderate,2,Moderate,True,0.49268422,0.36710736,0.13163543,0.49268422,0.0027333573,0.005839699
007-5085-300.jpg,3,Severe,4,Proliferative,False,0.54864246,0.00040979282,0.0010309257,0.26731816,0.18259865,0.54864246
007-5226-300.jpg,2,Moderate,2,Moderate,True,0.65991277,0.20896575,0.044645842,0.65991277,0.0036584141,0.08281718
20170120223854648.jpg,0,No DR,0,No DR,True,0.72803575,0.72803575,0.031019652,0.23947497,8.820349e-06,0.0014607635
20170330083717316.jpg,0,No DR,0,No DR,True,0.7389811,0.7389811,0.037805878,0.22253788,0.00014862626,0.0005264527
007-3421-200.jpg,2,Moderate,2,Moderate,True,0.4364737,0.16593115,0.39603853,0.4364737,0.00089059724,0.00066596223
007-0450-000.jpg,0,No DR,0,No DR,True,0.4091862,0.4091862,0.2520978,0.33582282,0.001058317,0.0018348817
20170413133512678.jpg,0,No DR,0,No DR,True,0.38499162,0.38499162,0.22984627,0.38101763,0.003915359,0.00022906144
20170429222810408.jpg,0,No DR,0,No DR,True,0.708934,0.708934,0.042119578,0.24311505,0.0028332747,0.0029980277
007-3598-200.jpg,2,Moderate,2,Moderate,True,0.84289795,0.008628734,0.021757415,0.84289795,0.023177726,0.10353818
20170223115353186.jpg,0,No DR,0,No DR,True,0.51010835,0.51010835,0.1656938,0.31819314,0.005002269,0.0010024208
007-6985-400.jpg,4,Proliferative,4,Proliferative,True,0.6686582,0.10609472,0.019935964,0.20246582,0.002845344,0.6686582
007-3231-100.jpg,1,Mild,0,No DR,False,0.42235398,0.42235398,0.30210835,0.27473027,0.0003538887,0.0004534648
007-1524-000.jpg,0,No DR,0,No DR,True,0.5663651,0.5663651,0.14060777,0.29273555,9.649936e-05,0.0001951409
20170408231430698.jpg,0,No DR,0,No DR,True,0.56368554,0.56368554,0.1184212,0.31766158,0.000120792756,0.00011094085
20170327140646337.jpg,0,No DR,0,No DR,True,0.46991476,0.46991476,0.050544,0.2721478,0.00019611101,0.20719737
007-1051-000.jpg,0,No DR,0,No DR,True,0.5120526,0.5120526,0.25014165,0.23758805,8.6449625e-05,0.00013129487
20170417114049699.jpg,0,No DR,0,No DR,True,0.5636946,0.5636946,0.18553294,0.25037035,5.6894303e-05,0.0003452144
007-5415-300.jpg,2,Moderate,2,Moderate,True,0.45071763,0.0381004,0.16945802,0.45071763,0.24682215,0.09490179
20170407231656714.jpg,0,No DR,0,No DR,True,0.57639384,0.57639384,0.15319231,0.26241276,0.0021115835,0.00588952
20170427184911862.jpg,0,No DR,0,No DR,True,0.68154615,0.68154615,0.093688115,0.2174247,0.0021086682,0.00523233
007-2255-100.jpg,2,Moderate,2,Moderate,True,0.8611869,0.024101606,0.07262293,0.8611869,0.038480442,0.0036081627
20170412093126547.jpg,0,No DR,2,Moderate,False,0.5912902,0.35894352,0.048858214,0.5912902,0.00032478015,0.0005833612
20170525110437479.jpg,2,Moderate,2,Moderate,True,0.6589579,0.012269183,0.045886572,0.6589579,0.18125671,0.10162964
007-4034-200.jpg,2,Moderate,3,Severe,False,0.6428442,0.007831666,0.025201326,0.22449678,0.6428442,0.09962605
007-1129-000.jpg,0,No DR,0,No DR,True,0.5191124,0.5191124,0.09981931,0.37193477,0.00011870016,0.009014852
007-5544-300.jpg,2,Moderate,2,Moderate,True,0.5265836,0.35120493,0.0467836,0.5265836,0.013979309,0.061448526
20170408092517109.jpg,0,No DR,0,No DR,True,0.682792,0.682792,0.06089621,0.25336397,0.0025706114,0.00037719746
007-0725-000.jpg,1,Mild,1,Mild,True,0.46466404,0.31167862,0.46466404,0.22323515,4.3947923e-05,0.00037826542
007-4986-300.jpg,2,Moderate,2,Moderate,True,0.4210129,0.296246,0.23647125,0.4210129,0.00369324,0.042576622
007-6061-300.jpg,2,Moderate,2,Moderate,True,0.698982,0.13037015,0.15253718,0.698982,0.012465765,0.005644906
007-6371-400.jpg,4,Proliferative,3,Severe,False,0.3813702,0.0011481153,0.0019095014,0.28495246,0.3813702,0.33061975
20170214165305181.jpg,0,No DR,0,No DR,True,0.50674516,0.50674516,0.10163227,0.38965234,0.0012142651,0.000755931
20170417094353146.jpg,0,No DR,0,No DR,True,0.4835509,0.4835509,0.07445374,0.43796778,0.003065681,0.0009619033
20170415090800978.jpg,0,No DR,0,No DR,True,0.4539013,0.4539013,0.28520718,0.2598399,0.000353687,0.00069788285
20170430175855104.jpg,0,No DR,0,No DR,True,0.6608002,0.6608002,0.033272203,0.29685003,0.0002322812,0.008845339
007-4481-200.jpg,2,Moderate,2,Moderate,True,0.8255416,0.0102897,0.007948466,0.8255416,0.006990376,0.14922985
007-4629-200.jpg,2,Moderate,4,Proliferative,False,0.7252308,0.00016068602,0.00013844037,0.2744309,3.9107148e-05,0.7252308
20170221143959074.jpg,0,No DR,0,No DR,True,0.5167029,0.5167029,0.077014595,0.4056976,2.5296828e-05,0.0005596203
007-3204-100.jpg,2,Moderate,2,Moderate,True,0.7132737,0.06660486,0.048004303,0.7132737,0.10253059,0.069586545
20170217100112164.jpg,0,No DR,0,No DR,True,0.50588286,0.50588286,0.16055256,0.33338633,1.6712404e-05,0.00016154119
20170324095528097.jpg,0,No DR,0,No DR,True,0.73175514,0.73175514,0.01182282,0.24788564,2.3744333e-05,0.008512747
007-3744-200.jpg,2,Moderate,2,Moderate,True,0.558353,0.012903929,0.22846481,0.558353,0.16966037,0.030617898
007-2775-100.jpg,2,Moderate,2,Moderate,True,0.44801888,0.3359778,0.21485995,0.44801888,0.00065374403,0.00048958353
20170428115910093.jpg,0,No DR,0,No DR,True,0.45994806,0.45994806,0.1681752,0.36861342,0.0006841298,0.0025791915
007-3073-100.jpg,2,Moderate,2,Moderate,True,0.8393158,0.056248955,0.028363075,0.8393158,0.0049995813,0.07107258
20170429204652538.jpg,0,No DR,0,No DR,True,0.6959516,0.6959516,0.0788724,0.2199108,0.0015594894,0.0037056808
20170427184052074.jpg,0,No DR,0,No DR,True,0.7629893,0.7629893,0.047175884,0.18935966,0.00021459073,0.0002605776
007-3046-100.jpg,2,Moderate,2,Moderate,True,0.41172448,0.22352833,0.19819705,0.41172448,0.14255679,0.023993371
20170427203229867.jpg,0,No DR,0,No DR,True,0.6319639,0.6319639,0.09269478,0.27301347,0.0005615239,0.0017663095
20170427180931834.jpg,0,No DR,0,No DR,True,0.72257304,0.72257304,0.030285675,0.24666013,0.00027457328,0.00020653817
007-5378-300.jpg,2,Moderate,2,Moderate,True,0.47765544,0.015562785,0.019933624,0.47765544,0.44947368,0.037374355
007-2419-100.jpg,2,Moderate,2,Moderate,True,0.59602994,0.042136323,0.19983731,0.59602994,0.10463658,0.057359777
20170616085451671.jpg,2,Moderate,2,Moderate,True,0.6891468,0.18741284,0.12328184,0.6891468,1.6076247e-05,0.00014248233
20170427185627251.jpg,0,No DR,0,No DR,True,0.7011284,0.7011284,0.044725247,0.25022998,0.00010985323,0.003806505
20170206083729696.jpg,0,No DR,0,No DR,True,0.56026953,0.56026953,0.25578517,0.18391295,9.1534463e-07,3.136192e-05
20170609174510289.jpg,2,Moderate,2,Moderate,True,0.5720324,0.319923,0.10717325,0.5720324,0.00021526126,0.00065610575
20170511173940961.jpg,2,Moderate,2,Moderate,True,0.5614483,0.12642975,0.19978595,0.5614483,0.080461316,0.031874757
007-4493-200.jpg,2,Moderate,2,Moderate,True,0.94623244,0.004349117,0.0018864428,0.94623244,0.0027275605,0.0448045
007-1917-100.jpg,0,No DR,0,No DR,True,0.49804798,0.49804798,0.15280125,0.34613755,0.000775434,0.002237853
007-3713-200.jpg,2,Moderate,2,Moderate,True,0.44471115,0.25753784,0.23137428,0.44471115,0.048303552,0.01807314
007-6879-400.jpg,4,Proliferative,4,Proliferative,True,0.9818792,6.688519e-05,4.579934e-05,0.017877357,0.00013088531,0.9818792
20170429213519463.jpg,0,No DR,0,No DR,True,0.69622517,0.69622517,0.052479506,0.24661902,0.00084612047,0.003830325
007-1147-000.jpg,0,No DR,0,No DR,True,0.65515363,0.65515363,0.038400732,0.30381575,4.0615098e-05,0.0025893692
20170512123420362.jpg,2,Moderate,2,Moderate,True,0.6106404,0.030984068,0.062235497,0.6106404,0.23966755,0.056472447
007-4087-200.jpg,2,Moderate,2,Moderate,True,0.7876072,0.032098472,0.04756722,0.7876072,0.007977783,0.12474934
20170430193616817.jpg,0,No DR,0,No DR,True,0.6880769,0.6880769,0.052680384,0.25408462,0.0031778691,0.0019802689
007-6165-300.jpg,2,Moderate,2,Moderate,True,0.68960243,0.12605985,0.15117043,0.68960243,0.0005012031,0.03266615
007-4312-200.jpg,2,Moderate,1,Mild,False,0.600791,0.045263536,0.600791,0.34080994,0.010584096,0.0025513559
007-2113-100.jpg,2,Moderate,2,Moderate,True,0.6426532,0.12463667,0.059863716,0.6426532,0.01162332,0.16122311
20170327101529137.jpg,0,No DR,0,No DR,True,0.6970815,0.6970815,0.03932618,0.2634812,1.820764e-05,9.2884955e-05
20170206143044048.jpg,0,No DR,0,No DR,True,0.53606653,0.53606653,0.062034994,0.3976698,0.0026954655,0.001533195
007-7900-601.jpg,0,No DR,4,Proliferative,False,0.49849358,0.22443971,0.09161509,0.18486452,0.000587101,0.49849358
007-2406-100.jpg,1,Mild,2,Moderate,False,0.6864332,0.16501562,0.11550979,0.6864332,0.032432653,0.00060877047
20170429214037193.jpg,0,No DR,0,No DR,True,0.58470964,0.58470964,0.13060045,0.27457586,0.004138976,0.0059750793
007-3666-200.jpg,2,Moderate,4,Proliferative,False,0.70426184,0.004142223,0.01790909,0.1914751,0.08221173,0.70426184
20170629163635747.jpg,3,Severe,3,Severe,True,0.59964705,8.670399e-05,0.00078945153,0.24719404,0.59964705,0.15228273
007-0894-000.jpg,0,No DR,0,No DR,True,0.43278158,0.43278158,0.073915176,0.34978592,0.0019216876,0.14159563
20170204145953613.jpg,0,No DR,0,No DR,True,0.5533243,0.5533243,0.029481968,0.41691467,0.00015331981,0.00012576576
20170429210854778.jpg,0,No DR,0,No DR,True,0.5760477,0.5760477,0.075584404,0.3406091,0.0059730974,0.0017856514
20170429212303368.jpg,0,No DR,0,No DR,True,0.70308036,0.70308036,0.059265863,0.23665567,8.1468796e-05,0.0009166569
007-5146-300.jpg,2,Moderate,1,Mild,False,0.38382503,0.10813434,0.38382503,0.36795217,0.04139053,0.0986979
007-5526-300.jpg,2,Moderate,3,Severe,False,0.45087388,0.018208316,0.044219896,0.42868492,0.45087388,0.058012873
007-4446-200.jpg,2,Moderate,2,Moderate,True,0.4442918,0.009877459,0.042654596,0.4442918,0.0733746,0.42980152
007-2587-100.jpg,1,Mild,2,Moderate,False,0.6728307,0.22041528,0.10030617,0.6728307,6.205207e-05,0.0063858437
007-1868-100.jpg,0,No DR,1,Mild,False,0.6243458,0.16317835,0.6243458,0.21176921,0.0006352764,7.14473e-05
007-5721-300.jpg,2,Moderate,2,Moderate,True,0.54725486,0.02596632,0.40479007,0.54725486,0.017619448,0.0043692756
20170328180141830.jpg,0,No DR,0,No DR,True,0.3745858,0.3745858,0.32063964,0.30396762,0.000679696,0.00012717376
007-6400-400.jpg,2,Moderate,2,Moderate,True,0.49703485,0.26793802,0.1576526,0.49703485,0.0008478,0.0765267
007-4249-200.jpg,3,Severe,3,Severe,True,0.6791489,6.159806e-05,0.00020441657,0.26271036,0.6791489,0.057874735
007-5584-300.jpg,2,Moderate,2,Moderate,True,0.66278684,0.1080387,0.17213005,0.66278684,0.036613762,0.0204306
20170419160330690.jpg,0,No DR,0,No DR,True,0.3861224,0.3861224,0.29288626,0.32058337,0.00010159317,0.0003063631
007-0063-000.jpg,0,No DR,0,No DR,True,0.4968904,0.4968904,0.22502963,0.27801922,5.020899e-06,5.5677905e-05
20170120215632028.jpg,0,No DR,0,No DR,True,0.66866654,0.66866654,0.11217133,0.2178782,0.00041194187,0.00087199616
20170228182851681.jpg,0,No DR,0,No DR,True,0.5177502,0.5177502,0.1519902,0.32016134,0.0009451978,0.009153138
007-2714-100.jpg,2,Moderate,2,Moderate,True,0.545307,0.11497616,0.32268807,0.545307,0.008562747,0.008466088
20170408224556563.jpg,0,No DR,0,No DR,True,0.61353934,0.61353934,0.105319835,0.27733037,0.002637939,0.0011724698
20170224212717668.jpg,0,No DR,2,Moderate,False,0.4371291,0.42417502,0.1312686,0.4371291,0.003500611,0.0039266553
007-6379-400.jpg,4,Proliferative,4,Proliferative,True,0.7322919,0.0033027118,0.0019426188,0.2483748,0.014088001,0.7322919
007-2887-100.jpg,2,Moderate,1,Mild,False,0.5847274,0.10213664,0.5847274,0.31166536,0.0013885566,8.2109706e-05
007-3514-200.jpg,2,Moderate,2,Moderate,True,0.5821117,0.32567188,0.06274944,0.5821117,0.0009410355,0.028525883
20170628114825603.jpg,2,Moderate,2,Moderate,True,0.6800105,0.12322774,0.083545096,0.6800105,0.0002238553,0.112992845
20170331082942953.jpg,0,No DR,0,No DR,True,0.40936616,0.40936616,0.2837228,0.3067033,2.9424973e-05,0.00017835824
20170508100004333.jpg,2,Moderate,2,Moderate,True,0.66601396,0.2158746,0.08346714,0.66601396,0.0026031695,0.03204113
007-4230-200.jpg,2,Moderate,2,Moderate,True,0.46824032,0.06083384,0.09455967,0.46824032,0.3732359,0.0031303128
20170504152807089.jpg,2,Moderate,2,Moderate,True,0.62151235,0.0024422756,0.016999189,0.62151235,0.33008903,0.028957123
20170429222818277.jpg,0,No DR,0,No DR,True,0.76879495,0.76879495,0.08777218,0.14176854,0.000864858,0.00079941226
20170324144241048.jpg,0,No DR,0,No DR,True,0.56703734,0.56703734,0.11761091,0.3151776,3.3557742e-05,0.00014056127
20170120223247141.jpg,0,No DR,0,No DR,True,0.5787274,0.5787274,0.21411401,0.2058529,0.0003672316,0.000938368
007-1300-000.jpg,0,No DR,0,No DR,True,0.4778887,0.4778887,0.061012097,0.42354986,0.004158918,0.033390384
007-2235-100.jpg,2,Moderate,1,Mild,False,0.46681502,0.167855,0.46681502,0.35923982,0.0046195406,0.0014705496
007-6501-400.jpg,4,Proliferative,4,Proliferative,True,0.9376484,0.00023539453,0.0007205725,0.05710214,0.00429352,0.9376484
20170429221253283.jpg,0,No DR,0,No DR,True,0.7822999,0.7822999,0.058598693,0.1578054,0.0006570149,0.00063903484
20170429232324229.jpg,0,No DR,0,No DR,True,0.61441934,0.61441934,0.0388139,0.34459648,0.00012859787,0.002041658
007-5036-300.jpg,2,Moderate,2,Moderate,True,0.56557065,0.056959182,0.28322026,0.56557065,0.089498386,0.004751562
007-3653-200.jpg,2,Moderate,2,Moderate,True,0.49271107,0.08622662,0.3891221,0.49271107,0.006184444,0.025755767
20170509110625480.jpg,2,Moderate,2,Moderate,True,0.7064612,0.12727222,0.115209624,0.7064612,0.05033992,0.0007169881
007-2435-100.jpg,1,Mild,0,No DR,False,0.44093823,0.44093823,0.19064851,0.347715,0.0067007546,0.013997544
007-4673-200.jpg,2,Moderate,2,Moderate,True,0.62642324,0.16113347,0.19834222,0.62642324,5.9975453e-05,0.014041054
007-3651-200.jpg,2,Moderate,2,Moderate,True,0.73924774,0.0009372863,0.0004381602,0.73924774,0.00032654425,0.25905028
007-4351-200.jpg,2,Moderate,2,Moderate,True,0.9118844,0.0084131835,0.04672536,0.9118844,0.014408024,0.018569047
007-2049-100.jpg,1,Mild,2,Moderate,False,0.6696374,0.032577153,0.10783231,0.6696374,0.007881104,0.18207201
20170221145944716.jpg,0,No DR,0,No DR,True,0.5170998,0.5170998,0.22712985,0.2557442,7.99364e-06,1.8203898e-05
007-1733-000.jpg,0,No DR,2,Moderate,False,0.42607957,0.3504581,0.1745132,0.42607957,0.006254065,0.042695098
007-4254-200.jpg,3,Severe,2,Moderate,False,0.5463676,0.10615374,0.25021377,0.5463676,0.020509342,0.076755516
007-3215-100.jpg,2,Moderate,1,Mild,False,0.34162843,0.31981584,0.34162843,0.33747545,0.00041336194,0.0006669469
007-0427-000.jpg,0,No DR,0,No DR,True,0.6513705,0.6513705,0.065391585,0.2832189,7.3180076e-06,1.1710481e-05
20170407215253772.jpg,0,No DR,0,No DR,True,0.49983662,0.49983662,0.17287163,0.3268526,0.00029476848,0.00014446405
20170221140104225.jpg,0,No DR,2,Moderate,False,0.5515325,0.3867552,0.057270784,0.5515325,5.6239383e-05,0.0043852483
007-2824-100.jpg,1,Mild,2,Moderate,False,0.4830197,0.24842365,0.22078808,0.4830197,0.017186804,0.03058171
007-4922-300.jpg,2,Moderate,3,Severe,False,0.57199705,0.0006792017,0.0032122745,0.35518992,0.57199705,0.06892147
007-6303-400.jpg,4,Proliferative,4,Proliferative,True,0.7028186,0.00056724943,0.00086982094,0.28761363,0.008130752,0.7028186
20170120154404132.jpg,0,No DR,2,Moderate,False,0.42981005,0.3240919,0.24578252,0.42981005,0.00019205811,0.00012336049
20170324103349937.jpg,0,No DR,1,Mild,False,0.5819692,0.34834334,0.5819692,0.06967942,2.9228813e-06,5.143494e-06
20170412091847055.jpg,0,No DR,0,No DR,True,0.44935226,0.44935226,0.18448497,0.36546692,0.00033110715,0.0003647055
20170414124917250.jpg,0,No DR,0,No DR,True,0.57343,0.57343,0.24360532,0.18291105,1.51924105e-05,3.8513834e-05
007-3270-100.jpg,0,No DR,0,No DR,True,0.5682002,0.5682002,0.052316744,0.3707256,0.0020875921,0.006669887
20170425101622817.jpg,0,No DR,0,No DR,True,0.66571075,0.66571075,0.072764516,0.2613729,9.651496e-06,0.00014223882
007-5120-300.jpg,2,Moderate,2,Moderate,True,0.5129364,0.16069628,0.017784478,0.5129364,0.006058884,0.30252397
007-3644-200.jpg,2,Moderate,2,Moderate,True,0.7863859,0.030355334,0.023542704,0.7863859,0.05050166,0.109214425
007-8391-603.jpg,0,No DR,2,Moderate,False,0.47350398,0.21613076,0.10259745,0.47350398,0.0010992935,0.20666845
20170215092126197.jpg,0,No DR,0,No DR,True,0.5906672,0.5906672,0.027268924,0.3782133,0.0005626086,0.0032880297
20170429202216087.jpg,0,No DR,0,No DR,True,0.6765118,0.6765118,0.06731506,0.24935985,0.0014538564,0.0053594345
007-4383-200.jpg,2,Moderate,2,Moderate,True,0.8170023,0.023134945,0.015616884,0.8170023,0.01636698,0.12787886
007-1158-000.jpg,0,No DR,0,No DR,True,0.54992676,0.54992676,0.21174863,0.23825602,2.0015277e-05,4.8671674e-05
007-6139-300.jpg,2,Moderate,3,Severe,False,0.651627,7.496686e-06,9.7056385e-05,0.25234365,0.651627,0.09592484
007-5957-300.jpg,2,Moderate,1,Mild,False,0.489296,0.0850004,0.489296,0.42355815,0.001946992,0.0001983825
007-4535-200.jpg,2,Moderate,2,Moderate,True,0.4193635,0.00614278,0.0827875,0.4193635,0.23181498,0.25989124
20170225201956347.jpg,0,No DR,0,No DR,True,0.6526798,0.6526798,0.060417447,0.2782291,0.0021682605,0.0065053897
007-3396-200.jpg,2,Moderate,2,Moderate,True,0.51918465,0.0011674727,0.009861422,0.51918465,0.30975905,0.1600274
007-6701-400.jpg,4,Proliferative,4,Proliferative,True,0.8916948,0.016352661,0.013032223,0.077220544,0.0016998714,0.8916948
007-4528-200.jpg,2,Moderate,2,Moderate,True,0.7716078,0.016570274,0.027024973,0.7716078,0.009066111,0.17573075
20170222150514778.jpg,0,No DR,0,No DR,True,0.54190916,0.54190916,0.12338739,0.33251992,0.0013574343,0.0008261256
20170429210422443.jpg,0,No DR,0,No DR,True,0.6362602,0.6362602,0.10317918,0.26015648,4.387987e-05,0.00036020132
007-1031-000.jpg,0,No DR,0,No DR,True,0.49555486,0.49555486,0.22729442,0.26631927,0.00021117915,0.010620249
20170408212307947.jpg,0,No DR,0,No DR,True,0.5410853,0.5410853,0.1198297,0.3266895,0.0050250455,0.0073704324
20170214100035162.jpg,0,No DR,1,Mild,False,0.56328523,0.28894153,0.56328523,0.14776109,2.1859983e-06,9.935417e-06
20170323085656295.jpg,0,No DR,0,No DR,True,0.7383147,0.7383147,0.019557716,0.23856859,3.306286e-05,0.0035260445
007-0058-000.jpg,0,No DR,0,No DR,True,0.495837,0.495837,0.32006615,0.18405415,9.220104e-06,3.3449338e-05
007-8407-603.jpg,2,Moderate,2,Moderate,True,0.47241548,0.2467802,0.07082938,0.47241548,0.0048089805,0.20516592
20170615112223659.jpg,2,Moderate,2,Moderate,True,0.7307733,0.023289945,0.07811659,0.7307733,0.114666335,0.05315376
007-1633-000.jpg,0,No DR,0,No DR,True,0.43052065,0.43052065,0.29829642,0.27090174,9.511113e-05,0.00018608593
20170430191201662.jpg,0,No DR,0,No DR,True,0.76350284,0.76350284,0.038903072,0.1969168,0.000391103,0.00028625512
20170429220826018.jpg,0,No DR,0,No DR,True,0.8317146,0.8317146,0.022513462,0.14220431,6.4731255e-05,0.0035029228
007-4429-200.jpg,2,Moderate,2,Moderate,True,0.60820436,0.02176652,0.0035392437,0.60820436,0.0011774892,0.36531243
007-1055-000.jpg,0,No DR,2,Moderate,False,0.43567723,0.24137935,0.3095451,0.43567723,0.009329565,0.00406869
20170329143545705.jpg,0,No DR,0,No DR,True,0.73324925,0.73324925,0.0651865,0.20136186,0.00012228065,8.0044534e-05
20170429224554063.jpg,0,No DR,0,No DR,True,0.7701092,0.7701092,0.039491694,0.18363644,0.0045478637,0.0022148746
20170405131912101.jpg,0,No DR,0,No DR,True,0.6538013,0.6538013,0.09515499,0.25050792,9.4676885e-05,0.0004411322
007-4371-200.jpg,2,Moderate,2,Moderate,True,0.62855434,0.031925205,0.034414306,0.62855434,0.068782814,0.23632334
20170221143301021.jpg,0,No DR,2,Moderate,False,0.49088004,0.42737272,0.08144172,0.49088004,1.8115059e-05,0.00028735635
007-0201-000.jpg,0,No DR,0,No DR,True,0.6202161,0.6202161,0.052269846,0.31412965,0.0010174807,0.012366995
007-3203-100.jpg,2,Moderate,2,Moderate,True,0.8097564,0.03870632,0.11929194,0.8097564,0.015779242,0.016466146
007-8545-604.jpg,2,Moderate,4,Proliferative,False,0.59288543,0.08620043,0.030579872,0.2717077,0.018626537,0.59288543
007-8240-602.jpg,0,No DR,0,No DR,True,0.71404,0.71404,0.033259235,0.2504649,5.462473e-05,0.0021812674
007-7752-601.jpg,2,Moderate,2,Moderate,True,0.7008538,0.0043517957,0.0007888298,0.7008538,0.038079698,0.25592586
007-5435-300.jpg,2,Moderate,2,Moderate,True,0.51552093,0.0043741637,0.03179818,0.51552093,0.40898162,0.039325126
007-3281-200.jpg,2,Moderate,2,Moderate,True,0.7615997,0.018716395,0.050027426,0.7615997,0.09438784,0.07526862
007-5898-300.jpg,2,Moderate,2,Moderate,True,0.6376848,0.013408662,0.019959843,0.6376848,0.24471724,0.084229365
20170407211924407.jpg,0,No DR,0,No DR,True,0.6771899,0.6771899,0.08458394,0.23746842,2.1169973e-05,0.0007365187
20170612085653906.jpg,2,Moderate,2,Moderate,True,0.616734,0.28674847,0.096347295,0.616734,3.192049e-05,0.00013820372
007-0729-000.jpg,0,No DR,2,Moderate,False,0.49624524,0.3064624,0.1969788,0.49624524,1.4891871e-05,0.00029865684
007-0245-000.jpg,0,No DR,0,No DR,True,0.7842481,0.7842481,0.030379172,0.18294165,3.230479e-05,0.002398712
20170601100334694.jpg,3,Severe,3,Severe,True,0.43877226,0.003179841,0.0049904604,0.42923513,0.43877226,0.12382229
007-1350-000.jpg,2,Moderate,2,Moderate,True,0.49160194,0.35647884,0.1508792,0.49160194,0.0002044171,0.0008355483
007-6058-300.jpg,2,Moderate,2,Moderate,True,0.6274086,0.08451168,0.088229105,0.6274086,0.062148713,0.13770193
007-0859-000.jpg,0,No DR,0,No DR,True,0.5614423,0.5614423,0.057045385,0.37925234,0.0018308948,0.00042908877
007-7283-601.jpg,4,Proliferative,4,Proliferative,True,0.6101864,0.098286286,0.012227898,0.2744843,0.0048150364,0.6101864
20170427183436009.jpg,0,No DR,0,No DR,True,0.7680621,0.7680621,0.028204575,0.18895371,0.010797748,0.003981808
007-4031-200.jpg,2,Moderate,2,Moderate,True,0.72952205,0.08972252,0.067506924,0.72952205,0.017595423,0.09565304
20170613170118036.jpg,2,Moderate,2,Moderate,True,0.5003606,0.19803527,0.29596448,0.5003606,0.0042619016,0.0013777027
20170429203004863.jpg,0,No DR,0,No DR,True,0.62715435,0.62715435,0.094188996,0.27446374,0.0013615792,0.0028313277
007-4319-200.jpg,2,Moderate,2,Moderate,True,0.64993143,0.0030239983,0.13269956,0.64993143,0.1402751,0.074069925
20170221093314325.jpg,0,No DR,0,No DR,True,0.59041816,0.59041816,0.05408294,0.35544723,1.4309029e-06,5.0201783e-05
20170630124252705.jpg,2,Moderate,2,Moderate,True,0.8936311,0.015004045,0.021422533,0.8936311,0.035697296,0.034244962
007-6093-300.jpg,3,Severe,3,Severe,True,0.50406003,0.00012046892,0.00070296286,0.2551253,0.50406003,0.23999122
007-6131-300.jpg,2,Moderate,2,Moderate,True,0.88883114,0.033468205,0.049157348,0.88883114,0.011425788,0.017117586
007-5670-300.jpg,2,Moderate,2,Moderate,True,0.5150858,0.058379423,0.18333986,0.5150858,0.22201093,0.021183943
20170324135324545.jpg,0,No DR,0,No DR,True,0.5669054,0.5669054,0.18563028,0.24720238,1.6064309e-05,0.0002458866
007-2055-100.jpg,2,Moderate,2,Moderate,True,0.5353104,0.35085836,0.09533432,0.5353104,0.0003397001,0.018157234
007-5180-300.jpg,2,Moderate,2,Moderate,True,0.546164,0.007088556,0.020733835,0.546164,0.20736392,0.21864979
007-5700-300.jpg,2,Moderate,2,Moderate,True,0.5993006,0.0050628213,0.0054327645,0.5993006,0.2605133,0.12969045
007-2710-100.jpg,1,Mild,1,Mild,True,0.5991796,0.095755674,0.5991796,0.30439597,0.00033591347,0.0003328099
007-5187-300.jpg,2,Moderate,2,Moderate,True,0.5101186,0.0003543933,0.002207891,0.5101186,0.3720169,0.11530221
20170424161425425.jpg,0,No DR,0,No DR,True,0.44146773,0.44146773,0.22232024,0.33315518,6.6641796e-06,0.0030501965
20170527112129224.jpg,2,Moderate,1,Mild,False,0.58640397,0.14580019,0.58640397,0.26251212,0.0043947487,0.0008889332
007-2677-100.jpg,1,Mild,0,No DR,False,0.37336984,0.37336984,0.25106633,0.3715038,0.0007544929,0.0033054466
007-4357-200.jpg,2,Moderate,2,Moderate,True,0.523209,0.013932327,0.001657243,0.523209,0.0027464393,0.45845503
007-5304-300.jpg,2,Moderate,2,Moderate,True,0.39976844,0.25643015,0.34256667,0.39976844,0.001060117,0.00017466428
20170327103522951.jpg,0,No DR,0,No DR,True,0.6590103,0.6590103,0.037414532,0.28552988,4.9716054e-05,0.017995596
20170502144544291.jpg,2,Moderate,2,Moderate,True,0.43025,0.2513586,0.3151271,0.43025,0.0018027066,0.0014615739
20170430203018290.jpg,0,No DR,0,No DR,True,0.5240039,0.5240039,0.09081765,0.35472092,0.029405689,0.0010518563
007-1555-000.jpg,0,No DR,0,No DR,True,0.5305962,0.5305962,0.117160626,0.3496086,0.0012746798,0.001359939
007-5008-300.jpg,2,Moderate,2,Moderate,True,0.6243274,0.2708089,0.06433433,0.6243274,0.003082929,0.03744642
007-0295-000.jpg,0,No DR,0,No DR,True,0.56235975,0.56235975,0.059870876,0.37382758,0.001596801,0.0023449953
20170220140108640.jpg,0,No DR,0,No DR,True,0.68652827,0.68652827,0.06658748,0.24567276,0.00093015394,0.00028133835
20170410142137901.jpg,0,No DR,0,No DR,True,0.47536707,0.47536707,0.19882329,0.32566124,1.3403011e-05,0.00013496201
20170601084241159.jpg,2,Moderate,2,Moderate,True,0.56635576,0.06810238,0.35765743,0.56635576,0.0059327907,0.0019516244
007-2801-100.jpg,0,No DR,1,Mild,False,0.36534318,0.35700262,0.36534318,0.27737978,0.0002483896,2.6071726e-05
007-3746-200.jpg,2,Moderate,2,Moderate,True,0.69048023,0.0038223981,0.0027062115,0.69048023,0.0024682037,0.3005229
007-1901-100.jpg,1,Mild,1,Mild,True,0.40885213,0.19656493,0.40885213,0.3851356,0.0050612367,0.004386104
20170607102121722.jpg,2,Moderate,2,Moderate,True,0.5445881,0.25291434,0.18943997,0.5445881,0.010225071,0.0028325873
007-3092-100.jpg,2,Moderate,2,Moderate,True,0.5272362,0.112805225,0.35611737,0.5272362,0.0002610842,0.0035801101
007-1178-000.jpg,0,No DR,0,No DR,True,0.43962827,0.43962827,0.13719799,0.41496316,0.00038923262,0.007821388
20170203082355150.jpg,0,No DR,0,No DR,True,0.7320644,0.7320644,0.03240585,0.22161523,0.0008039959,0.013110474
007-1115-000.jpg,0,No DR,0,No DR,True,0.61583525,0.61583525,0.04800076,0.3358905,2.090316e-05,0.00025251153
007-4035-200.jpg,1,Mild,2,Moderate,False,0.5923178,0.20478152,0.20082024,0.5923178,0.00016722512,0.0019132765
20170410135518663.jpg,0,No DR,2,Moderate,False,0.51960015,0.3349185,0.13589534,0.51960015,0.0088646365,0.0007213827
20170429213324820.jpg,0,No DR,0,No DR,True,0.80631185,0.80631185,0.026666582,0.16473062,0.0013749792,0.0009159977
007-7503-601.jpg,0,No DR,0,No DR,True,0.7040376,0.7040376,0.033191394,0.25570944,0.00042633837,0.0066352817
007-5697-300.jpg,2,Moderate,3,Severe,False,0.61141664,0.00736127,0.008612572,0.36069807,0.61141664,0.01191147
20170323091218564.jpg,0,No DR,0,No DR,True,0.6115135,0.6115135,0.054160547,0.3322161,0.0003326382,0.001777193
007-6717-400.jpg,4,Proliferative,4,Proliferative,True,0.58211565,2.8761515e-05,0.00019055406,0.36624092,0.051424168,0.58211565
007-0710-000.jpg,0,No DR,0,No DR,True,0.5914883,0.5914883,0.1412304,0.26718232,2.1575503e-05,7.7324774e-05
20170418085549252.jpg,0,No DR,0,No DR,True,0.62149185,0.62149185,0.05807771,0.3177021,5.2682553e-06,0.002723015
20170327103504990.jpg,0,No DR,0,No DR,True,0.5280185,0.5280185,0.26643792,0.20374131,0.00041833738,0.0013839566
007-5001-300.jpg,2,Moderate,2,Moderate,True,0.7367442,0.025156023,0.104456596,0.7367442,0.04609722,0.08754595
007-6302-400.jpg,4,Proliferative,4,Proliferative,True,0.6683275,0.045423128,0.10481897,0.17818265,0.0032477523,0.6683275
007-3351-200.jpg,2,Moderate,2,Moderate,True,0.57586235,0.21638982,0.2019999,0.57586235,0.000401798,0.0053461217
20170323081646616.jpg,0,No DR,2,Moderate,False,0.3494396,0.31354573,0.33312938,0.3494396,0.0019354081,0.0019499033
20170224093943642.jpg,0,No DR,0,No DR,True,0.49672464,0.49672464,0.23618457,0.26694635,9.734967e-06,0.00013479343
20170331091709152.jpg,0,No DR,0,No DR,True,0.7951076,0.7951076,0.059971068,0.14148074,2.4700605e-05,0.003415849
20170417105537128.jpg,0,No DR,0,No DR,True,0.46274826,0.46274826,0.20499957,0.32859182,0.003031384,0.00062894245
007-5215-300.jpg,2,Moderate,4,Proliferative,False,0.5593286,0.022150913,0.06639569,0.3191128,0.033011924,0.5593286
20170412113135134.jpg,0,No DR,0,No DR,True,0.45807868,0.45807868,0.14585155,0.39580905,0.0001312911,0.00012945202
20170602114824224.jpg,2,Moderate,2,Moderate,True,0.58504766,0.033573534,0.06311589,0.58504766,0.27340266,0.04486028
007-2434-100.jpg,1,Mild,2,Moderate,False,0.38874888,0.36747384,0.23675188,0.38874888,0.004214703,0.0028106798
20170213133348442.jpg,0,No DR,0,No DR,True,0.57184446,0.57184446,0.048266042,0.3797549,0.00012975949,4.7462418e-06
20170628195849871.jpg,2,Moderate,2,Moderate,True,0.7534581,0.049928114,0.05916975,0.7534581,0.10957288,0.027871212
20170330080003070.jpg,0,No DR,0,No DR,True,0.6572758,0.6572758,0.011938929,0.3298254,9.686098e-05,0.00086307054
007-2233-100.jpg,0,No DR,2,Moderate,False,0.50871474,0.23576716,0.25334072,0.50871474,0.0007143588,0.001463031
007-0376-000.jpg,0,No DR,0,No DR,True,0.5996602,0.5996602,0.13099916,0.26932487,2.9038001e-06,1.2919701e-05
007-4571-200.jpg,2,Moderate,2,Moderate,True,0.7431341,0.021983547,0.02798954,0.7431341,0.018385755,0.18850708
20170429222925742.jpg,0,No DR,0,No DR,True,0.7245865,0.7245865,0.07039942,0.20321815,0.0006724879,0.0011234753
007-5099-300.jpg,2,Moderate,2,Moderate,True,0.594907,0.31712347,0.08652678,0.594907,0.000109514396,0.0013332044
007-5016-300.jpg,2,Moderate,2,Moderate,True,0.8009548,0.025739323,0.08026329,0.8009548,0.0102160545,0.082826436
007-5041-300.jpg,2,Moderate,2,Moderate,True,0.769868,0.12289226,0.08095223,0.769868,0.00018805216,0.026099488
007-6204-300.jpg,2,Moderate,2,Moderate,True,0.61002445,0.17337848,0.1975895,0.61002445,0.0009681914,0.018039366
20170525153631578.jpg,2,Moderate,2,Moderate,True,0.92083013,0.015902122,0.022321092,0.92083013,0.005900668,0.035045993
007-6676-400.jpg,4,Proliferative,2,Moderate,False,0.4196105,0.0042333286,0.017807944,0.4196105,0.35214415,0.20620407
007-4914-300.jpg,2,Moderate,2,Moderate,True,0.872808,0.04414649,0.049303938,0.872808,0.011405415,0.0223362
20170220135657675.jpg,0,No DR,1,Mild,False,0.44809163,0.36366776,0.44809163,0.18821262,1.6151846e-05,1.18414255e-05
20170327112847938.jpg,0,No DR,2,Moderate,False,0.47461048,0.42254215,0.102442205,0.47461048,1.0682824e-05,0.00039449893
007-4522-200.jpg,2,Moderate,4,Proliferative,False,0.47026917,0.10521069,0.09886305,0.28881457,0.036842443,0.47026917
007-1982-100.jpg,0,No DR,2,Moderate,False,0.41942427,0.3163921,0.21837729,0.41942427,0.00163848,0.044167865
007-5647-300.jpg,2,Moderate,2,Moderate,True,0.82086635,0.06944884,0.03676598,0.82086635,0.046846684,0.026072152
007-6382-400.jpg,4,Proliferative,4,Proliferative,True,0.33755273,0.09716126,0.24521928,0.31938905,0.00067767204,0.33755273
007-3474-200.jpg,2,Moderate,2,Moderate,True,0.47814327,0.119270094,0.38893396,0.47814327,0.0029491594,0.010703507
007-8316-602.jpg,2,Moderate,2,Moderate,True,0.44926536,0.026390478,0.12123485,0.44926536,0.117655784,0.28545356
20170617204317559.jpg,2,Moderate,2,Moderate,True,0.8900891,0.010301358,0.014321871,0.8900891,0.06917281,0.016114911
007-2335-100.jpg,2,Moderate,1,Mild,False,0.8379698,0.01632526,0.8379698,0.14548874,0.00017787116,3.833308e-05
20170412093127006.jpg,0,No DR,0,No DR,True,0.48774,0.48774,0.082482584,0.4297069,5.1366e-06,6.543914e-05
007-0384-000.jpg,0,No DR,0,No DR,True,0.6632401,0.6632401,0.09308108,0.24336895,9.216684e-06,0.0003007168
20170324083758293.jpg,0,No DR,0,No DR,True,0.6839948,0.6839948,0.10183431,0.21336982,3.043057e-05,0.0007705825
20170427084825460.jpg,0,No DR,0,No DR,True,0.60373926,0.60373926,0.12728861,0.2671661,9.2452683e-07,0.001805208
007-6481-400.jpg,4,Proliferative,4,Proliferative,True,0.7368894,0.0017451273,0.0025817887,0.2073364,0.051447194,0.7368894
007-0956-000.jpg,0,No DR,0,No DR,True,0.45833442,0.45833442,0.3204968,0.22111636,4.4072267e-06,4.8051537e-05
007-6763-400.jpg,4,Proliferative,4,Proliferative,True,0.53274393,0.15261345,0.06485905,0.2486462,0.0011373193,0.53274393
007-0181-000.jpg,0,No DR,2,Moderate,False,0.43647137,0.2549445,0.30233896,0.43647137,0.0027810258,0.0034641682
20170112164115590.jpg,0,No DR,0,No DR,True,0.62046826,0.62046826,0.16619554,0.21312241,0.00013239836,8.134927e-05
007-1225-000.jpg,0,No DR,2,Moderate,False,0.54048777,0.41837025,0.040342283,0.54048777,0.00020333359,0.0005963321
20170426084806698.jpg,0,No DR,0,No DR,True,0.7212694,0.7212694,0.052516397,0.21413727,0.00047128304,0.01160557
007-4256-200.jpg,2,Moderate,2,Moderate,True,0.48861063,0.32447213,0.18037958,0.48861063,0.00022926995,0.006308352
20170607084253263.jpg,2,Moderate,2,Moderate,True,0.69952875,0.0012099653,0.0023860217,0.69952875,0.29351938,0.0033559368
20170329094415243.jpg,0,No DR,0,No DR,True,0.54562604,0.54562604,0.0769429,0.3768259,1.5679554e-05,0.00058943685
007-1191-000.jpg,0,No DR,0,No DR,True,0.6763283,0.6763283,0.09997274,0.2190129,0.0003254266,0.0043606507
007-2199-100.jpg,0,No DR,0,No DR,True,0.66211796,0.66211796,0.1567088,0.18107258,2.5750252e-05,7.490781e-05
007-2935-100.jpg,2,Moderate,2,Moderate,True,0.8085568,0.08137913,0.08567083,0.8085568,0.00193004,0.022463098
007-2393-100.jpg,2,Moderate,2,Moderate,True,0.6104701,0.22209115,0.08805216,0.6104701,0.047660336,0.03172623
007-0313-000.jpg,2,Moderate,0,No DR,False,0.69109064,0.69109064,0.06741549,0.24112312,0.00026522556,0.000105573265
20170413085016334.jpg,0,No DR,0,No DR,True,0.645234,0.645234,0.109169826,0.24515304,2.6030937e-06,0.00044052835
007-2780-100.jpg,2,Moderate,1,Mild,False,0.5927931,0.08017106,0.5927931,0.3242541,0.002408321,0.00037342412
007-4771-200.jpg,2,Moderate,2,Moderate,True,0.40381372,0.0039146207,0.032325096,0.40381372,0.25435543,0.30559117
007-1118-000.jpg,0,No DR,0,No DR,True,0.61585414,0.61585414,0.04149227,0.3421706,8.794343e-05,0.00039507973
20170608194347632.jpg,2,Moderate,2,Moderate,True,0.5539604,0.11723535,0.3268363,0.5539604,0.00028214537,0.0016857948
20170427181448498.jpg,0,No DR,0,No DR,True,0.7076926,0.7076926,0.036611594,0.25417972,0.0002948803,0.0012211812
007-3321-200.jpg,2,Moderate,2,Moderate,True,0.52027756,0.024177728,0.0021775505,0.52027756,0.0009597468,0.45240742
007-2894-100.jpg,2,Moderate,2,Moderate,True,0.39335448,0.28049633,0.3129036,0.39335448,0.000330489,0.012915086
20170409212618661.jpg,0,No DR,0,No DR,True,0.567586,0.567586,0.055614863,0.34348932,0.00059074984,0.032719094
20170228090016712.jpg,0,No DR,0,No DR,True,0.4950357,0.4950357,0.03675189,0.46529567,0.0015713054,0.0013454598
20170429224542378.jpg,0,No DR,0,No DR,True,0.7512591,0.7512591,0.06797413,0.1747138,0.003906678,0.0021462236
007-2926-100.jpg,0,No DR,2,Moderate,False,0.45431498,0.36519697,0.17705365,0.45431498,0.00072999846,0.0027044096
20170408220102721.jpg,0,No DR,0,No DR,True,0.6798611,0.6798611,0.040387187,0.27827728,6.0467e-05,0.0014139615
20170205084158321.jpg,0,No DR,0,No DR,True,0.68545437,0.68545437,0.018515399,0.29525384,1.7622635e-05,0.00075869734
20170329083705661.jpg,0,No DR,0,No DR,True,0.57503253,0.57503253,0.08710153,0.33780232,2.4046947e-06,6.122473e-05
20170626095324972.jpg,2,Moderate,2,Moderate,True,0.5093917,0.0011113873,0.0045482474,0.5093917,0.20491745,0.28003123
007-6483-400.jpg,4,Proliferative,4,Proliferative,True,0.8043495,0.0011297737,0.0033309243,0.18398403,0.0072058868,0.8043495
007-0848-000.jpg,2,Moderate,2,Moderate,True,0.481711,0.4035606,0.10464468,0.481711,0.00860797,0.0014757578
007-4817-300.jpg,2,Moderate,3,Severe,False,0.68280846,0.009257496,0.014733515,0.27422953,0.68280846,0.018970998
007-6957-400.jpg,4,Proliferative,4,Proliferative,True,0.7501211,0.038900223,0.0041676355,0.20488904,0.0019220769,0.7501211
20170321103949573.jpg,0,No DR,2,Moderate,False,0.48527604,0.387689,0.124355614,0.48527604,0.0022678769,0.0004114725
007-5634-300.jpg,2,Moderate,2,Moderate,True,0.6228406,4.410813e-05,0.000226201,0.6228406,0.29328635,0.083602786
007-5840-300.jpg,2,Moderate,2,Moderate,True,0.7063251,0.0038098618,0.03543348,0.7063251,0.2014223,0.053009212
20170618221202386.jpg,2,Moderate,2,Moderate,True,0.45572472,0.19895215,0.17599997,0.45572472,0.14950842,0.019814707
20170221162521538.jpg,0,No DR,2,Moderate,False,0.53315014,0.14117827,0.25711828,0.53315014,0.010472225,0.058081124
007-4717-200.jpg,2,Moderate,2,Moderate,True,0.5490041,0.20571597,0.077455826,0.5490041,0.026009407,0.14181474
007-0281-000.jpg,0,No DR,0,No DR,True,0.7654635,0.7654635,0.08506502,0.1487906,6.762572e-05,0.00061325176
007-4000-200.jpg,2,Moderate,2,Moderate,True,0.5079529,0.14384189,0.008399499,0.5079529,0.0032296507,0.33657598
