image_name,ground_truth,ground_truth_name,predicted,predicted_name,correct,confidence,softmax_class_0_No DR,softmax_class_1_Mild,softmax_class_2_Moderate,softmax_class_3_Severe,softmax_class_4_Proliferative
007-6800-400.jpg,4,Proliferative,4,Proliferative,True,0.99999297,1.9667011e-08,3.468457e-08,5.6643344e-06,1.2517195e-06,0.99999297
20170406100526404.jpg,0,No DR,0,No DR,True,0.87178,0.87178,0.06653676,0.056909587,0.00020026065,0.004573436
20170430201402386.jpg,0,No DR,0,No DR,True,0.9983728,0.9983728,0.00039913756,0.001225642,1.3263259e-06,1.1082185e-06
20170419090928299.jpg,0,No DR,0,No DR,True,0.9908736,0.9908736,0.00058067247,0.008519548,5.2703617e-06,2.0915773e-05
007-1792-100.jpg,0,No DR,0,No DR,True,0.38149562,0.38149562,0.24819095,0.36883333,0.00029550388,0.0011845952
20170613191722915.jpg,2,Moderate,2,Moderate,True,0.97768867,0.018598506,0.0036363557,0.97768867,1.7310798e-05,5.9134345e-05
007-2885-100.jpg,1,Mild,1,Mild,True,0.8469206,0.14383997,0.8469206,0.009197738,2.2875305e-05,1.8811941e-05
20170628161619106.jpg,2,Moderate,0,No DR,False,0.6178303,0.6178303,0.3542924,0.027805254,1.8241739e-05,5.379517e-05
007-2122-100.jpg,2,Moderate,1,Mild,False,0.89126164,0.007123574,0.89126164,0.10119824,0.00016094196,0.00025552599
007-3301-200.jpg,2,Moderate,2,Moderate,True,0.99998283,9.838172e-06,5.1472416e-06,0.99998283,9.899277e-07,1.2979013e-06
20170413085651460.jpg,0,No DR,0,No DR,True,0.99628407,0.99628407,0.0006237756,0.002922164,1.2985151e-05,0.00015714426
007-1424-000.jpg,0,No DR,0,No DR,True,0.9765173,0.9765173,0.001438964,0.02187994,0.00011215189,5.1529063e-05
20170228224039884.jpg,0,No DR,0,No DR,True,0.76288295,0.76288295,0.17566752,0.058713224,0.0006060141,0.002130285
007-2947-100.jpg,0,No DR,0,No DR,True,0.8496002,0.8496002,0.016987089,0.13197316,7.814025e-05,0.0013615055
007-3173-100.jpg,1,Mild,0,No DR,False,0.5843128,0.5843128,0.3077212,0.1061568,0.00088383455,0.00092543534
007-3586-200.jpg,2,Moderate,4,Proliferative,False,0.97016364,0.00014735214,1.4672219e-05,0.01483937,0.014834962,0.97016364
20170408222102558.jpg,0,No DR,0,No DR,True,0.93732274,0.93732274,0.018320506,0.043915156,0.0002555497,0.00018613512
007-0279-000.jpg,0,No DR,0,No DR,True,0.9983323,0.9983323,0.000169986,0.0014695723,8.7532914e-07,2.7200122e-05
007-2351-100.jpg,1,Mild,2,Moderate,False,0.94077516,0.05169961,0.000895841,0.94077516,0.0031535814,0.0034758956
007-8497-604.jpg,0,No DR,0,No DR,True,0.7918237,0.7918237,4.027155e-05,0.20792842,8.3203014e-07,0.00020685593
007-2460-100.jpg,2,Moderate,1,Mild,False,0.99949515,0.00017662044,0.99949515,0.0003179583,2.242717e-06,8.051564e-06
007-3436-200.jpg,2,Moderate,2,Moderate,True,0.99825627,0.001377692,6.436492e-05,0.99825627,0.00026373385,3.7968744e-05
007-5556-300.jpg,3,Severe,2,Moderate,False,0.93984616,0.020026688,9.331415e-05,0.93984616,0.03970696,0.00032687772
007-3895-200.jpg,2,Moderate,2,Moderate,True,0.5427971,0.00092096464,0.4031281,0.5427971,0.013141147,0.040012643
007-1560-000.jpg,0,No DR,0,No DR,True,0.7768036,0.7768036,0.2111496,0.011475229,6.879584e-05,0.000502698
20170429205727730.jpg,0,No DR,0,No DR,True,0.99950135,0.99950135,5.6764015e-06,0.0004883928,5.1363776e-07,4.036723e-06
007-1012-000.jpg,0,No DR,0,No DR,True,0.98677117,0.98677117,0.0007979005,0.012427471,2.1051746e-07,3.1240925e-06
007-2433-100.jpg,2,Moderate,1,Mild,False,0.6407414,0.2523629,0.6407414,0.10479341,0.0019297585,0.0001725449
007-0811-000.jpg,0,No DR,0,No DR,True,0.9842971,0.9842971,0.0022610596,0.013434245,3.6865315e-06,3.9913593e-06
20170430200802277.jpg,0,No DR,0,No DR,True,0.99951017,0.99951017,0.00016841586,0.0003202024,4.90076e-07,7.3603155e-07
007-6802-400.jpg,4,Proliferative,4,Proliferative,True,0.99996614,1.7186171e-07,1.8219027e-06,1.9896896e-05,1.1962737e-05,0.99996614
007-1236-000.jpg,0,No DR,1,Mild,False,0.46509832,0.34749472,0.46509832,0.18641342,0.00010701224,0.0008865287
007-6791-400.jpg,4,Proliferative,4,Proliferative,True,0.99992216,2.4120009e-05,1.2566388e-06,3.7120924e-05,1.5480206e-05,0.99992216
20170618194224123.jpg,2,Moderate,2,Moderate,True,0.9956677,0.001453302,0.0027959684,0.9956677,4.8595007e-06,7.8203484e-05
007-5693-300.jpg,3,Severe,3,Severe,True,0.88395953,0.0007945248,0.0020544296,0.07663594,0.88395953,0.036555614
007-2798-100.jpg,1,Mild,0,No DR,False,0.5330233,0.5330233,0.14875089,0.30434185,0.010802794,0.003081159
007-2705-100.jpg,1,Mild,0,No DR,False,0.78225887,0.78225887,0.21160571,0.0060827695,2.5250165e-05,2.7311497e-05
007-0300-000.jpg,0,No DR,0,No DR,True,0.984178,0.984178,0.0045875856,0.011095268,5.324042e-05,8.583072e-05
20170324140847654.jpg,0,No DR,0,No DR,True,0.9745594,0.9745594,0.02502793,0.00041220384,2.3144433e-07,1.9538473e-07
007-6289-400.jpg,4,Proliferative,4,Proliferative,True,0.9999937,1.0767118e-06,3.341082e-07,4.1672e-06,7.716635e-07,0.9999937
007-6968-400.jpg,4,Proliferative,4,Proliferative,True,0.99987566,4.0094143e-05,1.30403805e-05,6.8771384e-05,2.4364024e-06,0.99987566
20170430190713424.jpg,0,No DR,0,No DR,True,0.9837404,0.9837404,0.0010773062,0.01504987,0.000103668106,2.884891e-05
20170405144029792.jpg,0,No DR,0,No DR,True,0.9885805,0.9885805,0.00060053053,0.010458826,1.2331349e-05,0.00034793222
007-7823-601.jpg,2,Moderate,2,Moderate,True,0.9983216,0.00062931917,1.7555652e-05,0.9983216,1.0372831e-05,0.001021145
20170612205100506.jpg,2,Moderate,0,No DR,False,0.93614167,0.93614167,0.05170273,0.012114815,1.0476407e-05,3.032004e-05
20170410143235530.jpg,0,No DR,0,No DR,True,0.9831871,0.9831871,0.0043952693,0.012410959,2.5012278e-06,4.232804e-06
007-3435-200.jpg,2,Moderate,2,Moderate,True,0.99984443,2.706993e-05,6.4360024e-06,0.99984443,5.518064e-05,6.684172e-05
20170228224257894.jpg,0,No DR,0,No DR,True,0.9987571,0.9987571,0.00068127795,0.00055679446,1.2672649e-06,3.4032544e-06
007-5656-300.jpg,2,Moderate,2,Moderate,True,0.99964416,0.00027882954,3.8711107e-05,0.99964416,8.0299066e-07,3.740434e-05
007-0687-000.jpg,0,No DR,2,Moderate,False,0.49760014,0.48584732,0.008131586,0.49760014,0.0033326976,0.0050881966
007-6628-400.jpg,4,Proliferative,4,Proliferative,True,0.9996916,3.67486e-06,1.1777469e-06,0.00019191833,0.00011168787,0.9996916
007-0669-000.jpg,0,No DR,0,No DR,True,0.8484797,0.8484797,0.038386162,0.11281086,0.00014446385,0.00017882152
007-1135-000.jpg,2,Moderate,2,Moderate,True,0.5083118,0.48182064,0.00982933,0.5083118,1.5410387e-05,2.279926e-05
20170429204600944.jpg,0,No DR,0,No DR,True,0.9953126,0.9953126,0.00034354546,0.004258212,5.2866748e-05,3.2700824e-05
007-4198-200.jpg,2,Moderate,2,Moderate,True,0.98637956,0.00092846964,0.008525193,0.98637956,0.0030177352,0.0011490881
007-2867-100.jpg,1,Mild,1,Mild,True,0.4529435,0.4432105,0.4529435,0.102017745,0.0011455269,0.00068277173
20170223113539002.jpg,0,No DR,0,No DR,True,0.80463386,0.80463386,0.18509164,0.010191663,5.43434e-05,2.8443683e-05
007-7120-400.jpg,4,Proliferative,4,Proliferative,True,0.99984336,5.707825e-06,1.060389e-05,0.00011102892,2.92243e-05,0.99984336
20170430145542429.jpg,0,No DR,0,No DR,True,0.70826757,0.70826757,0.11864693,0.17197761,0.0005309176,0.00057704916
20170223094010243.jpg,0,No DR,0,No DR,True,0.92817026,0.92817026,0.0011197935,0.07051135,4.307584e-05,0.00015541184
20170224114824682.jpg,0,No DR,0,No DR,True,0.97349644,0.97349644,0.00086763845,0.02561503,9.116707e-06,1.1874291e-05
007-3781-200.jpg,2,Moderate,2,Moderate,True,0.9996573,1.3444309e-05,5.949609e-06,0.9996573,0.00029995508,2.3408616e-05
20170224105612339.jpg,0,No DR,0,No DR,True,0.99541545,0.99541545,0.00021551513,0.004352276,4.399134e-06,1.2348506e-05
007-3089-100.jpg,1,Mild,2,Moderate,False,0.42839175,0.24614444,0.3060854,0.42839175,0.0008011735,0.018577188
007-2308-100.jpg,1,Mild,2,Moderate,False,0.717568,0.23724598,0.04333522,0.717568,0.00029651623,0.0015542103
007-6253-300.jpg,2,Moderate,2,Moderate,True,0.5934139,0.35392958,0.049974784,0.5934139,0.000597406,0.0020843584
007-6724-400.jpg,4,Proliferative,3,Severe,False,0.47363216,0.0006192932,0.0007304535,0.17367719,0.47363216,0.35134092
20170613122140972.jpg,2,Moderate,2,Moderate,True,0.72622067,0.26794922,0.0028332765,0.72622067,0.0029372764,5.957212e-05
20170522113613703.jpg,2,Moderate,0,No DR,False,0.55356145,0.55356145,0.0001481961,0.44606143,0.00016849028,6.0464983e-05
20170327102220440.jpg,0,No DR,0,No DR,True,0.9955193,0.9955193,0.00015736559,0.0043018735,1.6935111e-06,1.9809697e-05
007-7030-400.jpg,4,Proliferative,4,Proliferative,True,0.55801207,0.0005180689,8.1149235e-05,0.44046247,0.0009262802,0.55801207
007-4342-200.jpg,2,Moderate,2,Moderate,True,0.97882813,0.0021218362,0.01568453,0.97882813,0.0027540268,0.00061146397
007-1528-000.jpg,0,No DR,0,No DR,True,0.9540537,0.9540537,0.043427255,0.0024691718,1.0561342e-05,3.9397146e-05
007-6972-400.jpg,4,Proliferative,2,Moderate,False,0.99931335,4.5516583e-05,7.009816e-07,0.99931335,2.7052583e-05,0.0006133992
007-0749-000.jpg,0,No DR,0,No DR,True,0.9651653,0.9651653,0.003814193,0.030960223,3.4760512e-06,5.6697758e-05
007-2898-100.jpg,2,Moderate,2,Moderate,True,0.8865113,0.000828278,0.11121906,0.8865113,0.00031286065,0.0011285504
20170418095137921.jpg,0,No DR,0,No DR,True,0.99603015,0.99603015,0.0008231622,0.0031449536,4.0715682e-07,1.3584273e-06
007-0095-000.jpg,0,No DR,2,Moderate,False,0.6979156,0.03156226,0.2690552,0.6979156,0.0012252725,0.00024162517
007-6252-300.jpg,2,Moderate,2,Moderate,True,0.99993587,6.6394987e-06,1.0831062e-07,0.99993587,3.015045e-07,5.7189653e-05
20170321155041192.jpg,0,No DR,0,No DR,True,0.9484094,0.9484094,0.016597169,0.034926716,1.1217547e-05,5.5471315e-05
20170120154048174.jpg,0,No DR,0,No DR,True,0.83831495,0.83831495,0.0026283266,0.15856934,0.0004126584,7.466928e-05
007-0571-000.jpg,0,No DR,0,No DR,True,0.9921772,0.9921772,0.00022556243,0.0075870496,4.346992e-06,5.784219e-06
007-0564-000.jpg,0,No DR,0,No DR,True,0.8128254,0.8128254,0.14376654,0.04307177,0.00030666433,2.9614175e-05
20170412102327984.jpg,0,No DR,0,No DR,True,0.8799295,0.8799295,0.008376902,0.10950012,0.00017790816,0.0020155937
007-0717-000.jpg,2,Moderate,2,Moderate,True,0.99998784,1.0234733e-06,1.2198031e-08,0.99998784,7.70167e-06,3.3358428e-06
007-2779-100.jpg,2,Moderate,1,Mild,False,0.4143796,0.16998376,0.4143796,0.37648717,0.031345185,0.007804279
20170417110727336.jpg,0,No DR,0,No DR,True,0.96456593,0.96456593,0.0014338292,0.03398864,6.2521417e-06,5.460001e-06
20170428095431915.jpg,0,No DR,0,No DR,True,0.71197224,0.71197224,0.001276093,0.28672993,7.815381e-06,1.3894287e-05
20170408233042465.jpg,0,No DR,0,No DR,True,0.985444,0.985444,6.515338e-05,0.014186834,7.7098426e-05,0.00022682866
007-2336-100.jpg,1,Mild,0,No DR,False,0.5859991,0.5859991,0.16220604,0.24892434,0.0021629839,0.00070756295
007-3452-200.jpg,2,Moderate,2,Moderate,True,0.97633547,0.00046949225,0.0018011172,0.97633547,0.0060653677,0.0153285535
007-1144-000.jpg,0,No DR,0,No DR,True,0.6858673,0.6858673,0.07367804,0.23965788,0.00029688454,0.00049988186
007-2373-100.jpg,1,Mild,2,Moderate,False,0.59033793,0.4040249,0.004990469,0.59033793,0.0002609989,0.00038564604
20170418135527877.jpg,0,No DR,0,No DR,True,0.9873259,0.9873259,0.0003378585,0.011911116,0.00033766005,8.75885e-05
20170614102011786.jpg,1,Mild,2,Moderate,False,0.618163,0.20768698,0.17235895,0.618163,0.00047917519,0.0013119268
007-3160-100.jpg,0,No DR,1,Mild,False,0.66114116,0.210667,0.66114116,0.118139766,0.0002954644,0.009756609
20170417091848394.jpg,0,No DR,0,No DR,True,0.9976605,0.9976605,0.00022669094,0.002112008,2.0629237e-07,6.3514955e-07
20170424153416764.jpg,0,No DR,0,No DR,True,0.94411755,0.94411755,0.027296724,0.028453607,1.5706264e-05,0.000116425166
007-2157-100.jpg,1,Mild,0,No DR,False,0.86240417,0.86240417,0.09651565,0.040976837,1.983987e-05,8.34601e-05
20170226230839902.jpg,0,No DR,0,No DR,True,0.97284186,0.97284186,0.000520503,0.026554465,6.178589e-05,2.1348946e-05
007-6975-400.jpg,4,Proliferative,4,Proliferative,True,0.9998103,8.865526e-05,5.337029e-06,8.228717e-05,1.35110495e-05,0.9998103
007-6581-400.jpg,4,Proliferative,4,Proliferative,True,0.99949646,8.402436e-06,2.139755e-06,9.2413575e-06,0.00048369073,0.99949646
20170607082954012.jpg,2,Moderate,2,Moderate,True,0.99385506,0.0044023613,0.0004210244,0.99385506,0.0012831271,3.8365593e-05
20170407232929961.jpg,0,No DR,0,No DR,True,0.9967591,0.9967591,0.0002852255,0.00290311,9.026741e-06,4.36244e-05
007-6443-400.jpg,4,Proliferative,4,Proliferative,True,0.99651355,1.7553328e-05,1.2430589e-05,0.001988483,0.0014679873,0.99651355
20170308092312055.jpg,0,No DR,0,No DR,True,0.98975104,0.98975104,0.0008701386,0.00931968,3.7139664e-05,2.1886925e-05
20170427191222313.jpg,0,No DR,0,No DR,True,0.87800324,0.87800324,0.024183452,0.09714949,0.00031914236,0.00034477943
007-1151-000.jpg,0,No DR,0,No DR,True,0.6665106,0.6665106,0.004785793,0.32735994,0.000582594,0.0007610598
007-4252-200.jpg,2,Moderate,2,Moderate,True,0.9729594,0.0009501516,4.1853324e-05,0.9729594,0.025977682,7.088543e-05
007-4650-200.jpg,2,Moderate,4,Proliferative,False,0.9634942,4.3106153e-05,0.0002760895,0.03618574,9.829367e-07,0.9634942
20170615084535865.jpg,2,Moderate,2,Moderate,True,0.77608943,0.22352265,0.0002827988,0.77608943,8.175332e-05,2.3410994e-05
20170608195740490.jpg,2,Moderate,0,No DR,False,0.586359,0.586359,0.025002014,0.38823313,0.00029472372,0.000111047804
20170430145132881.jpg,0,No DR,0,No DR,True,0.5884051,0.5884051,0.31493923,0.0943745,0.0006417491,0.0016394658
20170411092023785.jpg,0,No DR,0,No DR,True,0.9607727,0.9607727,0.0063062836,0.032853603,4.1874053e-05,2.562528e-05
20170521091719687.jpg,2,Moderate,2,Moderate,True,0.59170914,0.28731212,0.115794495,0.59170914,0.0025233366,0.0026608787
20170430175942977.jpg,0,No DR,0,No DR,True,0.99932015,0.99932015,2.7664739e-05,0.00063905143,9.208884e-06,3.9796914e-06
20170218141746210.jpg,0,No DR,1,Mild,False,0.93648195,0.058474943,0.93648195,0.0049418593,1.1972846e-05,8.9364315e-05
20170428094903075.jpg,0,No DR,0,No DR,True,0.9996557,0.9996557,7.578689e-07,0.0003208926,4.7451767e-06,1.7886094e-05
007-3620-200.jpg,2,Moderate,2,Moderate,True,0.99917233,0.00023708768,5.059887e-06,0.99917233,9.750695e-06,0.0005758438
20170525181244148.jpg,2,Moderate,2,Moderate,True,0.99800545,5.750268e-05,1.942178e-06,0.99800545,0.0019109127,2.4213907e-05
007-5571-300.jpg,2,Moderate,2,Moderate,True,0.9738395,0.004191151,8.508118e-05,0.9738395,0.0005579746,0.021326315
007-6686-400.jpg,4,Proliferative,3,Severe,False,0.9466332,0.00034814738,0.0005031092,0.018501928,0.9466332,0.03401369
007-2412-100.jpg,1,Mild,2,Moderate,False,0.39981607,0.2747815,0.31310707,0.39981607,0.00559918,0.006696138
007-1395-000.jpg,0,No DR,0,No DR,True,0.9071105,0.9071105,0.004193362,0.08816854,5.447806e-05,0.00047310983
20170430192632388.jpg,0,No DR,0,No DR,True,0.999892,0.999892,1.0809681e-05,9.6891315e-05,1.423514e-07,1.2939432e-07
007-6299-400.jpg,4,Proliferative,4,Proliferative,True,0.9985373,1.5925792e-06,1.12995685e-05,0.0014366573,1.3276387e-05,0.9985373
20170407155510180.jpg,0,No DR,0,No DR,True,0.99285126,0.99285126,0.00082805834,0.0063088937,1.9071915e-06,9.951428e-06
007-6414-400.jpg,4,Proliferative,2,Moderate,False,0.8769569,0.0002552171,0.0023028874,0.8769569,0.11626061,0.0042244154
20170326094731919.jpg,0,No DR,0,No DR,True,0.9932024,0.9932024,0.001087912,0.005683849,8.293763e-06,1.747251e-05
20170327092929948.jpg,0,No DR,0,No DR,True,0.99980336,0.99980336,1.2354424e-06,0.0001863752,1.1799686e-06,7.878752e-06
20170430191606380.jpg,0,No DR,0,No DR,True,0.9966605,0.9966605,0.00037293747,0.0029007723,5.2052288e-05,1.3833926e-05
20170427083753658.jpg,0,No DR,0,No DR,True,0.623019,0.623019,0.30160376,0.07532853,1.9238956e-05,2.9512184e-05
007-1559-000.jpg,0,No DR,0,No DR,True,0.9878164,0.9878164,0.00065969926,0.011512939,6.1048695e-06,4.870978e-06
20170331094019944.jpg,0,No DR,0,No DR,True,0.97922945,0.97922945,0.020210423,0.00055925315,1.5008077e-07,7.587022e-07
20170407235916756.jpg,0,No DR,0,No DR,True,0.9957854,0.9957854,0.00024719836,0.003881738,3.2967706e-05,5.27565e-05
007-7854-601.jpg,2,Moderate,4,Proliferative,False,0.75261104,0.021870976,0.0005915099,0.22337428,0.0015522254,0.75261104
20170430201102868.jpg,0,No DR,0,No DR,True,0.9971621,0.9971621,0.00022268615,0.002569551,2.7038146e-05,1.8618204e-05
20170328145935366.jpg,0,No DR,0,No DR,True,0.998869,0.998869,0.00066238147,0.00046772714,1.1948609e-07,7.0818044e-07
20170223115107087.jpg,0,No DR,0,No DR,True,0.97749287,0.97749287,0.005268089,0.017087689,0.00010863128,4.2797674e-05
20170329143137553.jpg,0,No DR,0,No DR,True,0.9609693,0.9609693,0.003816325,0.035041723,9.815557e-05,7.4410935e-05
20170408220646918.jpg,0,No DR,0,No DR,True,0.96413255,0.96413255,0.019617409,0.015507586,0.00033101405,0.00041135456
007-7967-601.jpg,2,Moderate,1,Mild,False,0.43060878,0.06566421,0.43060878,0.42440805,0.001098763,0.07822017
007-2147-100.jpg,1,Mild,2,Moderate,False,0.698883,0.27990752,0.014816178,0.698883,0.0001821323,0.0062111286
007-2640-100.jpg,2,Moderate,1,Mild,False,0.40781587,0.31445602,0.40781587,0.2773137,9.944153e-05,0.00031493694
20170508102511803.jpg,2,Moderate,0,No DR,False,0.7125415,0.7125415,0.05944326,0.22174677,0.005823891,0.00044458394
007-0463-000.jpg,2,Moderate,0,No DR,False,0.6095927,0.6095927,0.013510536,0.37627354,0.00037182024,0.0002514204
007-4393-200.jpg,2,Moderate,2,Moderate,True,0.8431848,0.06007539,0.010174242,0.8431848,0.0022574135,0.08430811
20170223152427782.jpg,0,No DR,0,No DR,True,0.95203304,0.95203304,0.0051274714,0.04275824,1.7550681e-05,6.366813e-05
007-2706-100.jpg,1,Mild,0,No DR,False,0.9898722,0.9898722,0.0017017665,0.008391248,1.5178082e-05,1.9593683e-05
007-4175-200.jpg,2,Moderate,2,Moderate,True,0.93627256,0.0034423445,0.010453884,0.93627256,0.048641633,0.0011895794
20170413112017305.jpg,0,No DR,0,No DR,True,0.9944906,0.9944906,0.0009632808,0.004512105,2.3805096e-05,1.016217e-05
007-2028-100.jpg,2,Moderate,0,No DR,False,0.98890567,0.98890567,0.0025415611,0.008489016,1.0822669e-05,5.290949e-05
007-3464-200.jpg,2,Moderate,1,Mild,False,0.6957616,0.047842875,0.6957616,0.2559983,0.00029688925,0.00010025064
007-3652-200.jpg,2,Moderate,4,Proliferative,False,0.4794265,0.052685514,0.0046290993,0.4630919,0.00016683116,0.4794265
007-5475-300.jpg,2,Moderate,2,Moderate,True,0.9599002,0.0017544905,0.0034783653,0.9599002,0.033432476,0.0014345124
20170430195029407.jpg,0,No DR,0,No DR,True,0.9991431,0.9991431,9.105894e-05,0.0007435701,1.806689e-05,4.140831e-06
20170629112149103.jpg,2,Moderate,2,Moderate,True,0.99933285,0.00012654948,0.00014996827,0.99933285,0.00033068794,5.986326e-05
007-4347-200.jpg,2,Moderate,2,Moderate,True,0.99772626,0.0014631922,0.0004721362,0.99772626,0.0001666367,0.00017175556
20170425160911647.jpg,0,No DR,0,No DR,True,0.96921086,0.96921086,0.02367826,0.0070946543,1.8897124e-06,1.4296773e-05
20170608112323203.jpg,2,Moderate,0,No DR,False,0.5768619,0.5768619,0.037954085,0.38117102,0.0025094398,0.0015035833
007-2912-100.jpg,2,Moderate,0,No DR,False,0.5726275,0.5726275,0.06645787,0.36076695,0.00010366046,4.402197e-05
007-1675-000.jpg,0,No DR,0,No DR,True,0.86508536,0.86508536,0.03816705,0.079042345,0.00031600345,0.017389294
007-4461-200.jpg,2,Moderate,2,Moderate,True,0.9934483,0.0039299447,6.8141504e-05,0.9934483,0.0010021011,0.0015515016
007-4963-300.jpg,3,Severe,2,Moderate,False,0.9994248,1.4324735e-05,1.5092826e-05,0.9994248,0.00031464148,0.00023112007
007-5876-300.jpg,2,Moderate,4,Proliferative,False,0.8382589,0.00018446858,7.880404e-06,0.16143349,0.00011523729,0.8382589
007-2107-100.jpg,2,Moderate,4,Proliferative,False,0.5658111,0.00036172144,0.0011223296,0.43231368,0.00039118459,0.5658111
20170601164357337.jpg,2,Moderate,2,Moderate,True,0.8635143,0.07979249,0.054386243,0.8635143,0.0017939435,0.0005130948
007-7130-400.jpg,4,Proliferative,4,Proliferative,True,0.998662,1.791556e-05,4.2184283e-06,0.0012942089,2.1728581e-05,0.998662
007-3813-200.jpg,3,Severe,2,Moderate,False,0.99838984,4.3214342e-05,0.0014171309,0.99838984,3.565005e-05,0.00011424739
007-3386-200.jpg,2,Moderate,2,Moderate,True,0.9999286,3.2428423e-05,7.776834e-06,0.9999286,2.183673e-05,9.430165e-06
007-4560-200.jpg,2,Moderate,1,Mild,False,0.9361589,0.015748568,0.9361589,0.044721846,0.0032376212,0.00013309548
007-7369-601.jpg,0,No DR,0,No DR,True,0.7863447,0.7863447,0.0002813879,0.21298774,1.6383186e-06,0.00038457266
007-3837-200.jpg,2,Moderate,2,Moderate,True,0.9964251,2.3134058e-08,4.276115e-09,0.9964251,5.5528325e-08,0.0035747865
20170407230314139.jpg,0,No DR,0,No DR,True,0.91760486,0.91760486,0.059647296,0.022296788,0.00026598026,0.00018513389
007-4455-200.jpg,2,Moderate,2,Moderate,True,0.99032485,0.00012126136,6.043345e-05,0.99032485,0.0026572326,0.006836301
007-1392-000.jpg,0,No DR,0,No DR,True,0.96963453,0.96963453,0.0004523724,0.02966575,1.1669862e-06,0.00024604608
007-2950-100.jpg,2,Moderate,0,No DR,False,0.7210582,0.7210582,0.0056715948,0.2731434,7.496116e-05,5.179203e-05
007-5523-300.jpg,3,Severe,3,Severe,True,0.99242073,7.998147e-05,8.750935e-05,0.0015495309,0.99242073,0.0058622546
007-3730-200.jpg,2,Moderate,2,Moderate,True,0.9988146,6.060181e-06,0.00030672547,0.9988146,0.0005950371,0.0002775829
20170228225803920.jpg,0,No DR,0,No DR,True,0.98500973,0.98500973,0.0003874728,0.014450481,0.00013634107,1.5938007e-05
20170519144026204.jpg,2,Moderate,2,Moderate,True,0.98584104,0.0025171388,0.0001987217,0.98584104,0.01022818,0.0012149543
20170217171152107.jpg,0,No DR,0,No DR,True,0.9873487,0.9873487,0.010616258,0.0020291756,7.139785e-07,5.1603324e-06
007-6984-400.jpg,4,Proliferative,4,Proliferative,True,0.99978715,9.583504e-05,1.4930142e-05,9.957325e-05,2.5867093e-06,0.99978715
007-4844-300.jpg,3,Severe,2,Moderate,False,0.9027372,0.038692452,0.030173339,0.9027372,0.016126314,0.012270623
007-1353-000.jpg,0,No DR,0,No DR,True,0.98824906,0.98824906,0.0021504797,0.009439908,2.7096698e-05,0.0001334283
20170222092246735.jpg,0,No DR,0,No DR,True,0.98012596,0.98012596,0.014752015,0.005117464,2.6501002e-06,1.8246714e-06
20170221161639113.jpg,0,No DR,0,No DR,True,0.91311884,0.91311884,0.002810003,0.08400751,3.3547418e-05,3.0202771e-05
20170224145117874.jpg,0,No DR,0,No DR,True,0.991437,0.991437,0.0035056241,0.0050467676,2.2907398e-06,8.297866e-06
007-0211-000.jpg,0,No DR,0,No DR,True,0.98828995,0.98828995,0.0004036152,0.01059458,0.00066021254,5.157399e-05
007-3757-200.jpg,2,Moderate,2,Moderate,True,0.82776797,0.00085031014,0.0025146483,0.82776797,0.16275012,0.0061169392
007-3047-100.jpg,1,Mild,2,Moderate,False,0.8779188,0.111832954,0.005209372,0.8779188,0.0015264264,0.0035124435
20170323090048296.jpg,0,No DR,0,No DR,True,0.8865112,0.8865112,0.007070438,0.106308654,3.3483437e-05,7.6197015e-05
20170420184212959.jpg,0,No DR,0,No DR,True,0.8833942,0.8833942,0.009380188,0.107048266,0.000101698795,7.566166e-05
007-1535-000.jpg,0,No DR,0,No DR,True,0.85375214,0.85375214,0.00694029,0.13543725,0.0037587616,0.00011169517
007-3601-200.jpg,2,Moderate,2,Moderate,True,0.99939597,0.00040755112,7.4329905e-06,0.99939597,2.031181e-06,0.00018702395
20170120153745015.jpg,0,No DR,0,No DR,True,0.98870754,0.98870754,0.0016603139,0.007850093,2.339766e-05,0.0017587241
20170322172509719.jpg,0,No DR,0,No DR,True,0.8955131,0.8955131,0.0014549154,0.10193813,0.0005559651,0.0005378127
20170522091641009.jpg,2,Moderate,0,No DR,False,0.94600844,0.94600844,0.001290287,0.052512035,0.00013757292,5.1611998e-05
20170408223034264.jpg,0,No DR,0,No DR,True,0.9685481,0.9685481,0.000114538816,0.031133736,0.00015662303,4.6863894e-05
20170420145136342.jpg,0,No DR,0,No DR,True,0.96005124,0.96005124,0.00018923855,0.039473105,0.00023972787,4.668909e-05
007-1304-000.jpg,0,No DR,0,No DR,True,0.996197,0.996197,0.00052601704,0.0032669303,1.4049431e-06,8.661925e-06
007-1018-000.jpg,0,No DR,0,No DR,True,0.99382776,0.99382776,0.00027264905,0.005855101,1.1730712e-05,3.287087e-05
007-6301-400.jpg,4,Proliferative,4,Proliferative,True,0.93640685,0.0009685352,0.00012264554,0.062491808,1.0218634e-05,0.93640685
007-0675-000.jpg,0,No DR,0,No DR,True,0.9374746,0.9374746,0.02754627,0.034809735,0.00012350224,4.577923e-05
20170406101046211.jpg,0,No DR,0,No DR,True,0.86662066,0.86662066,0.0729373,0.059903495,7.63752e-05,0.00046211763
007-3099-100.jpg,2,Moderate,2,Moderate,True,0.60270256,0.26331088,0.13303377,0.60270256,6.5838714e-05,0.0008869454
20170220091914375.jpg,0,No DR,0,No DR,True,0.9895475,0.9895475,0.00044464393,0.009923751,7.896427e-05,5.120519e-06
007-4468-200.jpg,2,Moderate,4,Proliferative,False,0.5773548,0.00141763,1.5660557e-05,0.42115062,6.125371e-05,0.5773548
007-0500-000.jpg,0,No DR,2,Moderate,False,0.8338403,0.16297889,0.001233343,0.8338403,0.0016832274,0.00026429878
20170524111453035.jpg,2,Moderate,0,No DR,False,0.57008684,0.57008684,0.0022601385,0.42670295,0.0008236622,0.00012647963
007-4887-300.jpg,2,Moderate,2,Moderate,True,0.99586654,0.004065137,3.8549337e-05,0.99586654,1.33285475e-05,1.6444441e-05
007-4002-200.jpg,2,Moderate,2,Moderate,True,0.9995654,3.075229e-05,1.4598054e-05,0.9995654,5.0679137e-05,0.00033856
007-5674-300.jpg,2,Moderate,2,Moderate,True,0.97595596,0.00907993,0.00077443395,0.97595596,0.0015143323,0.012675305
20170430190906592.jpg,0,No DR,0,No DR,True,0.9991591,0.9991591,1.4788724e-06,0.0007902121,4.8872378e-05,3.142659e-07
007-7183-400.jpg,4,Proliferative,4,Proliferative,True,0.9894565,0.0016935872,0.0014206349,0.005927274,0.0015021072,0.9894565
20170511173525601.jpg,2,Moderate,1,Mild,False,0.35636798,0.3266105,0.35636798,0.3013459,0.0025946938,0.013080906
007-0780-000.jpg,0,No DR,0,No DR,True,0.91530436,0.91530436,0.006215311,0.07834409,0.00010765754,2.8575885e-05
007-0023-000.jpg,0,No DR,2,Moderate,False,0.70839345,0.26119265,0.020493997,0.70839345,0.0013180816,0.008601795
007-3645-200.jpg,2,Moderate,0,No DR,False,0.904306,0.904306,0.0009819083,0.09151925,0.0030567613,0.00013609252
007-5375-300.jpg,2,Moderate,2,Moderate,True,0.99926454,1.3660911e-05,4.8479244e-08,0.99926454,5.263466e-08,0.000721637
007-3257-100.jpg,2,Moderate,2,Moderate,True,0.78684324,0.11771891,0.087980345,0.78684324,0.0020523847,0.0054051457
007-2174-100.jpg,2,Moderate,1,Mild,False,0.70654,0.12028078,0.70654,0.17302994,1.4638247e-05,0.00013461057
007-0115-000.jpg,0,No DR,2,Moderate,False,0.8585765,0.07858377,0.061901115,0.8585765,0.00011104183,0.0008276025
007-5295-300.jpg,2,Moderate,2,Moderate,True,0.9997434,1.778866e-06,1.4953669e-07,0.9997434,0.00023104828,2.3664847e-05
007-3012-100.jpg,2,Moderate,2,Moderate,True,0.458411,0.39844355,0.047271363,0.458411,8.499679e-05,0.095789
20170525111826224.jpg,2,Moderate,2,Moderate,True,0.94411117,0.0075002247,0.048090898,0.94411117,0.00024975202,4.794795e-05
007-6478-400.jpg,4,Proliferative,4,Proliferative,True,0.8974817,1.4266218e-05,1.935789e-06,0.00015018412,0.10235189,0.8974817
20170627112931675.jpg,2,Moderate,2,Moderate,True,0.99707377,0.0022268759,0.00022751983,0.99707377,0.00030113957,0.00017061507
007-5784-300.jpg,2,Moderate,2,Moderate,True,0.9544571,0.037664745,0.0014854987,0.9544571,0.0030606785,0.0033319637
007-0713-000.jpg,1,Mild,0,No DR,False,0.46125197,0.46125197,0.09561994,0.42569634,0.0015788616,0.015852902
007-3939-200.jpg,2,Moderate,2,Moderate,True,0.9951755,3.867078e-05,0.0043957103,0.9951755,0.00010906674,0.00028108558
20170430193232001.jpg,0,No DR,0,No DR,True,0.9907267,0.9907267,7.978071e-05,0.007313741,0.0018731938,6.5795116e-06
007-2079-100.jpg,2,Moderate,0,No DR,False,0.99274904,0.99274904,0.00052850327,0.0055793105,5.75691e-05,0.0010857305
007-7420-601.jpg,0,No DR,0,No DR,True,0.69211304,0.69211304,0.001293054,0.30614147,6.809796e-06,0.0004455912
007-1167-000.jpg,0,No DR,0,No DR,True,0.6268673,0.6268673,0.23051508,0.14249241,4.1788637e-05,8.342736e-05
007-3943-200.jpg,3,Severe,3,Severe,True,0.82543784,0.00020890677,2.7487251e-05,0.16406836,0.82543784,0.010257365
20170620003156672.jpg,2,Moderate,2,Moderate,True,0.99737537,6.0565185e-06,1.7984978e-05,0.99737537,0.0019733477,0.000627286
007-3979-200.jpg,4,Proliferative,4,Proliferative,True,0.96075517,0.0033988247,0.00022317315,0.033953954,0.0016688226,0.96075517
20170412102330295.jpg,0,No DR,0,No DR,True,0.94240683,0.94240683,0.030169666,0.027363174,9.160634e-06,5.1117262e-05
007-4909-300.jpg,2,Moderate,2,Moderate,True,0.99924266,4.1810094e-06,6.555211e-07,0.99924266,9.62828e-05,0.00065617793
007-6703-400.jpg,3,Severe,2,Moderate,False,0.5218671,0.0011355588,0.0068074684,0.5218671,0.31271034,0.15747955
20170224214637264.jpg,0,No DR,0,No DR,True,0.9673862,0.9673862,0.00410745,0.028148307,0.00012814318,0.00022982835
007-3669-200.jpg,2,Moderate,2,Moderate,True,0.99958473,3.942158e-06,2.56273e-07,0.99958473,0.00040033748,1.0761242e-05
20170415092114824.jpg,0,No DR,0,No DR,True,0.9416643,0.9416643,0.034470394,0.023819886,2.3677983e-05,2.179041e-05
20170427182213413.jpg,0,No DR,0,No DR,True,0.9992674,0.9992674,7.219426e-06,0.0007223938,2.4443243e-06,5.6560344e-07
007-2359-100.jpg,1,Mild,0,No DR,False,0.8209791,0.8209791,0.005931381,0.17256184,0.0001564679,0.00037126042
007-3379-200.jpg,2,Moderate,2,Moderate,True,0.9980338,0.0018540992,2.0057267e-05,0.9980338,3.929285e-05,5.2655967e-05
007-4113-200.jpg,2,Moderate,2,Moderate,True,0.99975246,2.3795653e-06,2.789798e-07,0.99975246,3.0427874e-08,0.00024477017
20170429203157386.jpg,0,No DR,0,No DR,True,0.9958305,0.9958305,0.001015824,0.0031439075,2.8561956e-06,7.029039e-06
007-2258-100.jpg,2,Moderate,2,Moderate,True,0.79331577,0.09770658,0.011590217,0.79331577,0.0011446135,0.09624278
007-4513-200.jpg,2,Moderate,2,Moderate,True,0.99575895,0.00089623936,0.0013628015,0.99575895,3.227796e-05,0.0019497062
007-4730-200.jpg,2,Moderate,2,Moderate,True,0.99991465,3.687605e-07,1.8195786e-07,0.99991465,1.3221409e-06,8.343738e-05
20170429200929998.jpg,0,No DR,0,No DR,True,0.89383096,0.89383096,0.0029560823,0.10169911,0.00058005337,0.0009337197
20170429203633560.jpg,0,No DR,0,No DR,True,0.99468476,0.99468476,0.000101680955,0.0049552624,0.00011891993,0.0001394599
007-5761-300.jpg,3,Severe,2,Moderate,False,0.9440042,0.00024505088,0.00060771446,0.9440042,0.053552315,0.0015906797
20170214220639640.jpg,0,No DR,0,No DR,True,0.9902085,0.9902085,0.000453711,0.009137443,9.646651e-05,0.00010388346
20170412113143166.jpg,0,No DR,0,No DR,True,0.9833626,0.9833626,0.003831888,0.012769282,1.4197082e-05,2.2039092e-05
007-5752-300.jpg,2,Moderate,2,Moderate,True,0.9199516,0.0047948034,0.072535716,0.9199516,0.00061750633,0.0021003857
20170427190217884.jpg,0,No DR,0,No DR,True,0.99969304,0.99969304,3.1493142e-05,0.00026832352,4.505193e-06,2.6562093e-06
20170418113348939.jpg,0,No DR,0,No DR,True,0.7639686,0.7639686,0.0013099542,0.23461828,3.8972164e-05,6.4169486e-05
007-6260-300.jpg,2,Moderate,0,No DR,False,0.977027,0.977027,0.00042107832,0.022547508,1.0339052e-06,3.3614956e-06
007-4188-200.jpg,2,Moderate,2,Moderate,True,0.62389684,0.05281492,0.31613934,0.62389684,0.005310841,0.0018380969
20170407230219733.jpg,0,No DR,0,No DR,True,0.9998567,0.9998567,1.889179e-06,0.00013765281,2.9996343e-06,7.1061623e-07
007-1210-000.jpg,1,Mild,2,Moderate,False,0.9709589,0.025452377,0.0033658578,0.9709589,0.00010858315,0.00011437571
20170518111418648.jpg,2,Moderate,2,Moderate,True,0.9979905,0.0004751117,3.3026437e-05,0.9979905,0.0014925722,8.842939e-06
20170220133324808.jpg,0,No DR,0,No DR,True,0.9270163,0.9270163,0.020381633,0.05157081,0.0006187554,0.00041250084
20170206175614525.jpg,0,No DR,0,No DR,True,0.9937303,0.9937303,0.00417773,0.0020889714,1.381584e-06,1.6085851e-06
007-0882-000.jpg,0,No DR,0,No DR,True,0.99614704,0.99614704,0.00035468902,0.003481794,8.014963e-06,8.565367e-06
007-4658-200.jpg,2,Moderate,2,Moderate,True,0.56618285,0.24516714,0.03129939,0.56618285,0.03238829,0.12496237
007-3840-200.jpg,2,Moderate,4,Proliferative,False,0.50567925,0.12994269,0.003739101,0.35453263,0.0061063524,0.50567925
007-1314-000.jpg,0,No DR,0,No DR,True,0.9163557,0.9163557,0.03701358,0.046547722,2.0041549e-05,6.307511e-05
20170427111816715.jpg,0,No DR,0,No DR,True,0.9369509,0.9369509,0.0018674739,0.06098289,8.438949e-05,0.000114387585
007-1651-000.jpg,0,No DR,1,Mild,False,0.59363925,0.17264314,0.59363925,0.2336288,5.1068757e-05,3.774689e-05
007-5630-300.jpg,2,Moderate,2,Moderate,True,0.98337805,1.4767341e-05,8.053849e-06,0.98337805,0.014179088,0.0024200242
007-2212-100.jpg,2,Moderate,0,No DR,False,0.95782256,0.95782256,0.020131296,0.021867596,7.206989e-05,0.00010647421
007-7784-601.jpg,0,No DR,2,Moderate,False,0.58404005,0.045381572,0.077042304,0.58404005,0.002501967,0.29103413
20170427184000335.jpg,0,No DR,0,No DR,True,0.99100643,0.99100643,0.0026455256,0.0060765143,1.9477482e-05,0.00025195966
007-6597-400.jpg,4,Proliferative,4,Proliferative,True,0.99535334,4.9236987e-06,0.00017506885,0.0043687876,9.79988e-05,0.99535334
20170408231141817.jpg,0,No DR,0,No DR,True,0.99858,0.99858,0.00015736527,0.0011930728,2.0942114e-05,4.869856e-05
007-2994-100.jpg,2,Moderate,2,Moderate,True,0.9927055,0.004347124,0.000726496,0.9927055,0.00024132211,0.0019795934
20170424115230654.jpg,0,No DR,2,Moderate,False,0.89420587,0.077067524,0.026273882,0.89420587,0.0021234823,0.00032923423
20170426101343821.jpg,0,No DR,0,No DR,True,0.9986474,0.9986474,5.0680555e-05,0.0012457189,3.075022e-05,2.5449857e-05
20170516201510046.jpg,2,Moderate,2,Moderate,True,0.96574193,1.3865423e-05,7.074657e-06,0.96574193,0.00026179777,0.03397539
20170630084446353.jpg,2,Moderate,2,Moderate,True,0.55103946,0.416698,0.031774517,0.55103946,0.000434539,5.3454583e-05
20170510143849590.jpg,2,Moderate,2,Moderate,True,0.49771962,0.48953038,0.00853915,0.49771962,0.003932842,0.00027810238
007-6418-400.jpg,4,Proliferative,4,Proliferative,True,0.99990547,2.2858983e-06,4.8051784e-06,7.414081e-05,1.3324597e-05,0.99990547
20170429204057855.jpg,0,No DR,0,No DR,True,0.98427355,0.98427355,0.004781412,0.010914465,1.8329916e-05,1.2281396e-05
20170429211603875.jpg,0,No DR,0,No DR,True,0.9999316,0.9999316,1.5353198e-06,6.655195e-05,2.1768322e-07,1.6282277e-07
007-2315-100.jpg,2,Moderate,2,Moderate,True,0.99993014,6.09783e-05,1.9391813e-07,0.99993014,3.415355e-08,8.663314e-06
20170213091557380.jpg,0,No DR,0,No DR,True,0.96745723,0.96745723,0.0017080918,0.030830106,1.1022931e-06,3.4997613e-06
007-6228-300.jpg,2,Moderate,2,Moderate,True,0.9972792,0.0026357237,4.5700846e-05,0.9972792,1.5640625e-06,3.7715483e-05
20170124162247496.jpg,0,No DR,0,No DR,True,0.98402655,0.98402655,0.0046677557,0.011274627,5.1965912e-06,2.5782821e-05
20170408232758270.jpg,0,No DR,0,No DR,True,0.9920055,0.9920055,0.002084139,0.0055556586,0.00011854082,0.00023615477
20170425160717139.jpg,0,No DR,0,No DR,True,0.8116914,0.8116914,0.044147227,0.14368518,0.00026499527,0.00021127588
007-7599-601.jpg,0,No DR,0,No DR,True,0.8816439,0.8816439,0.0020619167,0.115498185,1.4820924e-05,0.00078105705
007-5149-300.jpg,2,Moderate,2,Moderate,True,0.9992906,0.0005888607,3.9477596e-05,0.9992906,3.7451886e-05,4.3606255e-05
20170408231947575.jpg,0,No DR,0,No DR,True,0.98871887,0.98871887,0.00012396806,0.011091622,4.1962514e-05,2.3544564e-05
20170602084034474.jpg,1,Mild,0,No DR,False,0.6315242,0.6315242,0.122678705,0.24474688,0.00084277854,0.00020742851
20170222101033047.jpg,0,No DR,0,No DR,True,0.9983242,0.9983242,2.4414174e-05,0.0016135254,2.8160583e-05,9.695315e-06
20170412135441966.jpg,0,No DR,0,No DR,True,0.84532017,0.84532017,0.022375014,0.13107625,0.0010587305,0.00016977532
007-6233-300.jpg,2,Moderate,2,Moderate,True,0.9430246,0.01984661,4.9420396e-05,0.9430246,0.03700342,7.5966826e-05
007-2271-100.jpg,2,Moderate,2,Moderate,True,0.6192023,0.37601173,0.0033089472,0.6192023,0.0005048312,0.00097219064
20170327103524390.jpg,0,No DR,0,No DR,True,0.96719843,0.96719843,0.01316282,0.019610729,1.835825e-05,9.614959e-06
20170427142921526.jpg,0,No DR,0,No DR,True,0.9042263,0.9042263,0.06412482,0.031616677,1.6986409e-05,1.5197531e-05
007-5892-300.jpg,4,Proliferative,2,Moderate,False,0.94728893,3.5634196e-06,6.197846e-06,0.94728893,0.0001163635,0.052584957
20170427185725567.jpg,0,No DR,0,No DR,True,0.99857545,0.99857545,0.00034052713,0.0010760794,4.92398e-06,3.0264127e-06
007-2556-100.jpg,2,Moderate,2,Moderate,True,0.9634049,0.001926782,0.031560905,0.9634049,4.8313435e-05,0.0030591753
007-2491-100.jpg,2,Moderate,2,Moderate,True,0.83517325,0.119483754,0.010989453,0.83517325,0.031204958,0.003148618
20170331094112192.jpg,0,No DR,0,No DR,True,0.9945827,0.9945827,0.000117950105,0.005241632,4.06742e-05,1.7091723e-05
20170407224542804.jpg,0,No DR,0,No DR,True,0.98729974,0.98729974,0.0011568897,0.011449387,6.840559e-05,2.5518728e-05
20170619083600088.jpg,2,Moderate,2,Moderate,True,0.9942678,0.00028103255,0.0009270976,0.9942678,0.0006720947,0.0038519625
007-4749-200.jpg,2,Moderate,2,Moderate,True,0.9997812,4.4683733e-05,8.010965e-07,0.9997812,2.9604007e-06,0.00017035824
007-3200-100.jpg,1,Mild,0,No DR,False,0.5663663,0.5663663,0.16095655,0.27175158,1.1604928e-05,0.0009138954
007-3914-200.jpg,2,Moderate,2,Moderate,True,0.998323,0.0014941898,0.00010147794,0.998323,1.8658278e-06,7.948128e-05
007-3681-200.jpg,2,Moderate,2,Moderate,True,0.9994717,0.00048123562,5.6811828e-06,0.9994717,6.481815e-07,4.0755964e-05
007-6914-400.jpg,4,Proliferative,2,Moderate,False,0.9562964,0.041719902,0.0015104639,0.9562964,0.00044197362,3.1242245e-05
20170226223144290.jpg,0,No DR,0,No DR,True,0.9993513,0.9993513,9.004365e-06,0.0006148659,2.1582497e-05,3.2144808e-06
20170429212457762.jpg,0,No DR,0,No DR,True,0.9999577,0.9999577,2.9471612e-06,3.914251e-05,9.310131e-08,7.559389e-08
007-1650-000.jpg,0,No DR,0,No DR,True,0.87361884,0.87361884,0.0002617498,0.11499973,7.171356e-05,0.011047912
20170517171512703.jpg,3,Severe,2,Moderate,False,0.55586714,3.0536517e-05,8.45528e-06,0.55586714,0.3492002,0.09489363
20170407215758488.jpg,0,No DR,0,No DR,True,0.998713,0.998713,6.203397e-05,0.0012196142,1.6477569e-06,3.7097307e-06
007-2790-100.jpg,1,Mild,1,Mild,True,0.94066566,0.0066782166,0.94066566,0.052410584,2.3182205e-05,0.00022227035
007-3372-200.jpg,2,Moderate,2,Moderate,True,0.99999523,1.1268677e-06,2.9838412e-07,0.99999523,5.667711e-07,2.8385593e-06
20170223105735837.jpg,0,No DR,0,No DR,True,0.9226579,0.9226579,0.062192097,0.015134236,2.6679022e-06,1.3233028e-05
20170407234751158.jpg,0,No DR,0,No DR,True,0.98706424,0.98706424,0.0017499952,0.010629878,0.00043247087,0.00012338125
20170618221747607.jpg,2,Moderate,2,Moderate,True,0.95342493,0.044808716,0.0003126392,0.95342493,0.0011984664,0.00025526262
20170430200430297.jpg,0,No DR,0,No DR,True,0.9979001,0.9979001,1.777344e-05,0.0020539386,4.687528e-06,2.3401859e-05
20170217110404453.jpg,0,No DR,0,No DR,True,0.9796696,0.9796696,0.00063072745,0.018669462,0.000388458,0.0006417894
20170220100439903.jpg,0,No DR,0,No DR,True,0.9675434,0.9675434,0.013633597,0.018781483,1.0466142e-05,3.1083913e-05
007-4396-200.jpg,2,Moderate,2,Moderate,True,0.99759775,3.793612e-06,5.2431583e-06,0.99759775,0.0023574636,3.57364e-05
007-1564-000.jpg,0,No DR,0,No DR,True,0.9847127,0.9847127,0.0069470494,0.008334218,1.9289648e-06,4.1139356e-06
007-0071-000.jpg,0,No DR,0,No DR,True,0.9960705,0.9960705,7.1975305e-06,0.0039220867,1.2294846e-09,1.322076e-07
20170407235344647.jpg,0,No DR,0,No DR,True,0.9949238,0.9949238,0.00024412655,0.0046187155,0.00012405119,8.937365e-05
20170227232921286.jpg,0,No DR,0,No DR,True,0.9947432,0.9947432,0.0006078464,0.004634145,5.060223e-06,9.734664e-06
007-3315-200.jpg,2,Moderate,2,Moderate,True,0.5868212,0.0012298217,0.008232173,0.5868212,0.011228787,0.39248797
007-0896-000.jpg,0,No DR,0,No DR,True,0.96051854,0.96051854,0.017427526,0.022028202,1.5120972e-05,1.0671825e-05
20170418090144057.jpg,0,No DR,0,No DR,True,0.9037932,0.9037932,0.0046104616,0.09151581,3.9275066e-05,4.1251948e-05
20170409161444107.jpg,0,No DR,0,No DR,True,0.99964726,0.99964726,2.246661e-06,0.00034973718,2.3515355e-07,5.2367795e-07
007-8657-605.jpg,0,No DR,0,No DR,True,0.9175078,0.9175078,0.002440678,0.07468649,0.00012321501,0.00524182
007-3563-200.jpg,4,Proliferative,4,Proliferative,True,0.99958855,3.353265e-06,2.3227265e-07,0.00039835897,9.51014e-06,0.99958855
007-2051-100.jpg,2,Moderate,2,Moderate,True,0.67313987,0.2005183,0.113266475,0.67313987,0.0124379285,0.0006373838
007-0359-000.jpg,0,No DR,0,No DR,True,0.68081295,0.68081295,0.04821442,0.26918718,0.00043435773,0.0013511345
20170410093232105.jpg,0,No DR,0,No DR,True,0.9639936,0.9639936,0.018677032,0.017165806,3.6787027e-05,0.00012674672
20170226230628072.jpg,0,No DR,0,No DR,True,0.9952899,0.9952899,0.00205809,0.0026290203,5.287963e-06,1.7697152e-05
007-7874-601.jpg,2,Moderate,2,Moderate,True,0.728106,0.25469512,0.016995756,0.728106,1.0259106e-05,0.0001928087
007-1345-000.jpg,0,No DR,0,No DR,True,0.80362624,0.80362624,0.00948151,0.10265012,0.0024805216,0.08176163
20170323080442334.jpg,0,No DR,0,No DR,True,0.9745612,0.9745612,0.00012779018,0.0026643008,4.7471003e-05,0.02259915
20170627105002528.jpg,2,Moderate,2,Moderate,True,0.79366684,0.00014014443,0.00015044697,0.79366684,0.0015791694,0.20446339
20170220140114740.jpg,0,No DR,0,No DR,True,0.8275283,0.8275283,0.0037578545,0.16852155,4.249436e-05,0.00014971301
007-7147-400.jpg,4,Proliferative,4,Proliferative,True,0.9992799,0.000550769,1.5370704e-05,0.00013866946,1.5271668e-05,0.9992799
007-0815-000.jpg,0,No DR,1,Mild,False,0.85375446,0.14350215,0.85375446,0.002659125,1.5241886e-05,6.899384e-05
20170427185357872.jpg,0,No DR,0,No DR,True,0.9983725,0.9983725,0.00019378331,0.0013912028,8.301156e-06,3.4277284e-05
007-7605-601.jpg,2,Moderate,2,Moderate,True,0.93313724,0.047142614,0.009997499,0.93313724,5.8431946e-05,0.00966417
007-1724-000.jpg,0,No DR,2,Moderate,False,0.39631364,0.33933774,0.2634747,0.39631364,0.00013703051,0.00073685084
20170222154002651.jpg,0,No DR,0,No DR,True,0.907064,0.907064,0.0011271423,0.09178776,7.269835e-06,1.3861068e-05
007-4640-200.jpg,2,Moderate,2,Moderate,True,0.99819046,1.20130435e-05,4.687065e-07,0.99819046,1.6381768e-05,0.0017806084
007-2227-100.jpg,1,Mild,2,Moderate,False,0.5809073,0.08773621,0.32032523,0.5809073,0.007817361,0.0032138422
20170605152650869.jpg,2,Moderate,1,Mild,False,0.8326623,0.09853489,0.8326623,0.06657637,0.0015192537,0.00070717663
007-0715-000.jpg,0,No DR,0,No DR,True,0.9246971,0.9246971,0.0017378761,0.0734323,3.384984e-05,9.884475e-05
20170220174934041.jpg,0,No DR,0,No DR,True,0.99525106,0.99525106,0.00076453685,0.0039567566,2.9490786e-06,2.4726265e-05
007-3137-100.jpg,2,Moderate,0,No DR,False,0.87783206,0.87783206,0.002762856,0.11311694,3.4055407e-05,0.006254141
20170612085458211.jpg,2,Moderate,2,Moderate,True,0.7617515,0.13562304,0.10187563,0.7617515,0.0005685014,0.00018135479
20161118155736303.jpg,0,No DR,0,No DR,True,0.9958858,0.9958858,0.0006096945,0.0034051917,3.5421595e-05,6.388529e-05
007-2546-100.jpg,1,Mild,0,No DR,False,0.8302558,0.8302558,0.09834096,0.070304744,8.633392e-05,0.0010121836
007-6064-300.jpg,2,Moderate,2,Moderate,True,0.9005066,0.09210838,0.0060769552,0.9005066,0.000940482,0.0003675964
20170621082611317.jpg,2,Moderate,2,Moderate,True,0.7972356,0.19111478,0.01122573,0.7972356,0.00015605318,0.00026787733
007-4543-200.jpg,2,Moderate,2,Moderate,True,0.99962914,4.590378e-05,2.0812906e-06,0.99962914,1.3991607e-06,0.00032146202
20170406085446520.jpg,0,No DR,0,No DR,True,0.99411714,0.99411714,0.0004841441,0.005388194,4.4606586e-06,6.0743573e-06
007-2774-100.jpg,2,Moderate,0,No DR,False,0.5740492,0.5740492,0.0528264,0.3695938,0.0031854173,0.00034515385
20170516160126110.jpg,1,Mild,1,Mild,True,0.49961996,0.28318065,0.49961996,0.21547441,0.0012135578,0.0005113678
007-2601-100.jpg,2,Moderate,0,No DR,False,0.6717028,0.6717028,0.00088459655,0.058361188,6.576745e-05,0.26898563
20170427213940581.jpg,0,No DR,0,No DR,True,0.9702267,0.9702267,0.0005647008,0.029043982,0.00014477802,1.9920662e-05
20170405082647447.jpg,0,No DR,0,No DR,True,0.8938685,0.8938685,0.025440004,0.079832904,0.0007572509,0.00010134788
007-2557-100.jpg,1,Mild,1,Mild,True,0.7852164,0.09532094,0.7852164,0.11877805,0.0001541281,0.00053043367
20170407222105403.jpg,0,No DR,0,No DR,True,0.999408,0.999408,2.487208e-05,0.0005615443,2.6697912e-06,2.980467e-06
007-4139-200.jpg,2,Moderate,2,Moderate,True,0.9911862,5.7699424e-05,5.194343e-05,0.9911862,0.004675854,0.0040283822
20170327090618698.jpg,0,No DR,0,No DR,True,0.98881286,0.98881286,0.0050718766,0.006109266,2.5421018e-06,3.4498182e-06
20170120153040093.jpg,0,No DR,0,No DR,True,0.96498513,0.96498513,0.005287059,0.029278638,7.126082e-05,0.00037787645
007-7266-400.jpg,4,Proliferative,4,Proliferative,True,0.99977785,6.941563e-05,5.299505e-05,9.900099e-05,7.7152794e-07,0.99977785
20170407221302501.jpg,0,No DR,0,No DR,True,0.98971844,0.98971844,0.0023922264,0.007832759,3.4290595e-05,2.2198405e-05
007-4210-200.jpg,2,Moderate,2,Moderate,True,0.9641635,0.017654411,0.0061232382,0.9641635,0.011978782,8.011312e-05
007-4194-200.jpg,2,Moderate,2,Moderate,True,0.96451193,0.035192974,0.00013561515,0.96451193,5.5517085e-05,0.00010406753
007-1840-100.jpg,2,Moderate,2,Moderate,True,0.55289567,0.4257304,0.021237863,0.55289567,3.0324996e-05,0.00010575826
007-7243-400.jpg,4,Proliferative,4,Proliferative,True,0.99998224,9.530869e-06,7.2876344e-07,6.6632583e-06,8.7831745e-07,0.99998224
007-4801-300.jpg,2,Moderate,2,Moderate,True,0.99989104,1.4918334e-06,3.7490846e-08,0.99989104,0.00010103092,6.4194637e-06
20170429231748898.jpg,0,No DR,0,No DR,True,0.99966204,0.99966204,1.984672e-06,0.00028809803,4.594585e-05,1.8919029e-06
20170426085909496.jpg,0,No DR,0,No DR,True,0.91344726,0.91344726,0.0506406,0.03588013,1.2617988e-05,1.9388892e-05
007-7675-601.jpg,0,No DR,0,No DR,True,0.8324444,0.8324444,0.022778425,0.14375971,0.00011503024,0.00090248376
20170427180039926.jpg,0,No DR,0,No DR,True,0.86947495,0.86947495,0.12265831,0.0078055896,2.232797e-06,5.891044e-05
20170328082333730.jpg,0,No DR,0,No DR,True,0.997976,0.997976,7.0013994e-06,0.0017739754,8.6178705e-05,0.0001569288
007-6189-300.jpg,2,Moderate,2,Moderate,True,0.9715162,0.021197459,0.00094121136,0.9715162,3.4375025e-05,0.0063106953
007-0828-000.jpg,0,No DR,0,No DR,True,0.990433,0.990433,0.0022715135,0.0071943263,3.6042213e-05,6.514698e-05
20170408000114812.jpg,0,No DR,0,No DR,True,0.99398094,0.99398094,0.0010987413,0.004514104,4.0615294e-05,0.00036567613
007-1043-000.jpg,0,No DR,0,No DR,True,0.9878149,0.9878149,0.0024751073,0.00967659,2.4775172e-05,8.726364e-06
20170429202820123.jpg,0,No DR,0,No DR,True,0.9997347,0.9997347,1.0985461e-05,0.000251041,3.8791893e-07,3.0047304e-06
20170225203027503.jpg,0,No DR,0,No DR,True,0.99448615,0.99448615,2.5804045e-05,0.005482092,2.8727925e-06,3.0236004e-06
007-2793-100.jpg,2,Moderate,1,Mild,False,0.9755427,0.00053244666,0.9755427,0.02388377,5.814349e-06,3.5258538e-05
007-0418-000.jpg,0,No DR,0,No DR,True,0.9841538,0.9841538,0.008055447,0.0077568903,2.9886726e-06,3.0924562e-05
007-6076-300.jpg,2,Moderate,2,Moderate,True,0.97838384,0.00060246786,0.019848365,0.97838384,0.0011028231,6.2598585e-05
20170224151258535.jpg,0,No DR,0,No DR,True,0.981293,0.981293,0.006757397,0.011937029,2.9437847e-06,9.594809e-06
20170208134713854.jpg,0,No DR,0,No DR,True,0.99891996,0.99891996,5.6484064e-06,0.0010740731,1.1220749e-08,1.9942323e-07
20170126115404314.jpg,0,No DR,0,No DR,True,0.9968664,0.9968664,0.0005384264,0.0025939571,2.9700095e-07,9.998197e-07
20170224160101048.jpg,0,No DR,0,No DR,True,0.95947254,0.95947254,0.0074361903,0.033027712,3.4356406e-05,2.9166386e-05
20170410094715869.jpg,0,No DR,0,No DR,True,0.9499151,0.9499151,0.008100609,0.04188039,8.295775e-05,2.0938745e-05
007-6148-300.jpg,3,Severe,2,Moderate,False,0.7925614,0.0047148596,0.004877905,0.7925614,0.03896841,0.1588774
20170524111743769.jpg,2,Moderate,3,Severe,False,0.7932703,8.924481e-05,1.8941195e-05,0.20653167,0.7932703,8.9925474e-05
007-4659-200.jpg,2,Moderate,2,Moderate,True,0.9998678,0.000101073194,4.6162345e-06,0.9998678,2.592966e-07,2.6247999e-05
007-4774-200.jpg,2,Moderate,4,Proliferative,False,0.5777842,0.017396372,0.0016932187,0.38723642,0.015889795,0.5777842
20170209093024297.jpg,0,No DR,0,No DR,True,0.95591825,0.95591825,0.0018954545,0.041039705,0.0001732999,0.000973275
007-2964-100.jpg,2,Moderate,1,Mild,False,0.895837,0.014077032,0.895837,0.040763155,0.00061463047,0.048708163
007-6587-400.jpg,4,Proliferative,1,Mild,False,0.6216157,0.014526602,0.6216157,0.27600127,0.07196867,0.015887812
20170616201007747.jpg,2,Moderate,2,Moderate,True,0.99045134,5.8044276e-05,3.3558514e-05,0.99045134,0.009421957,3.5059184e-05
007-2144-100.jpg,0,No DR,0,No DR,True,0.62071997,0.62071997,0.001267568,0.3777361,0.00014294153,0.00013339038
007-2025-100.jpg,1,Mild,4,Proliferative,False,0.9872119,1.6228065e-05,2.6808748e-06,0.012766446,2.765529e-06,0.9872119
20170522111746822.jpg,2,Moderate,1,Mild,False,0.5782792,0.14083391,0.5782792,0.27784398,0.0023859725,0.0006569952
20170429231040992.jpg,0,No DR,0,No DR,True,0.9822364,0.9822364,0.0060946373,0.011437122,0.00015631857,7.552169e-05
007-0655-000.jpg,0,No DR,0,No DR,True,0.88218474,0.88218474,0.11069643,0.007105484,4.629366e-06,8.718515e-06
20170616112523766.jpg,2,Moderate,2,Moderate,True,0.99398005,0.0042358194,0.00019804182,0.99398005,0.00155203,3.4018627e-05
007-0674-000.jpg,0,No DR,0,No DR,True,0.3929673,0.3929673,0.20743312,0.38597226,0.010359709,0.003267571
20170220140226350.jpg,0,No DR,0,No DR,True,0.9858451,0.9858451,0.00049928686,0.013650342,1.7519329e-06,3.625239e-06
007-6844-400.jpg,4,Proliferative,4,Proliferative,True,0.9964413,3.7393926e-05,2.7452393e-06,0.0017744378,0.0017440513,0.9964413
20170123085828792.jpg,0,No DR,0,No DR,True,0.99884534,0.99884534,2.756421e-05,0.0011071193,1.0778787e-05,9.165828e-06
20170207175526103.jpg,0,No DR,0,No DR,True,0.9962006,0.9962006,0.0013897805,0.0024083054,3.4227384e-07,9.117158e-07
20170112165604167.jpg,0,No DR,0,No DR,True,0.99780065,0.99780065,0.00048855133,0.001707047,6.7677786e-07,3.0877877e-06
007-3676-200.jpg,2,Moderate,2,Moderate,True,0.6460669,0.34478074,0.007938608,0.6460669,9.2901555e-06,0.0012045187
007-0501-000.jpg,0,No DR,0,No DR,True,0.70157087,0.70157087,0.003992702,0.29099753,0.0023849176,0.0010538824
20170428083456943.jpg,0,No DR,2,Moderate,False,0.8368825,0.14659071,0.015154765,0.8368825,0.0009489928,0.00042308142
20170211092159114.jpg,0,No DR,0,No DR,True,0.98071414,0.98071414,0.0024118638,0.016841982,4.8352463e-06,2.7271391e-05
007-3660-200.jpg,2,Moderate,1,Mild,False,0.5892345,0.0003138377,0.5892345,0.4032155,0.00026537417,0.0069708293
007-1780-100.jpg,1,Mild,0,No DR,False,0.91739154,0.91739154,0.00082856533,0.078039944,0.00031474943,0.0034252345
20170410093934395.jpg,0,No DR,0,No DR,True,0.99094814,0.99094814,0.00023889217,0.008764109,2.2295428e-05,2.6605665e-05
007-1689-000.jpg,2,Moderate,0,No DR,False,0.7179346,0.7179346,0.08355398,0.19580892,6.1215935e-05,0.0026413454
007-3516-200.jpg,0,No DR,0,No DR,True,0.7713486,0.7713486,0.1149109,0.113601804,0.00012947057,9.237897e-06
20170214100607018.jpg,0,No DR,0,No DR,True,0.99850583,0.99850583,0.0008371891,0.0006555249,4.767733e-07,1.011775e-06
20170430141501215.jpg,0,No DR,0,No DR,True,0.8214004,0.8214004,0.0066922307,0.17168444,0.00012594329,9.701563e-05
007-7044-400.jpg,4,Proliferative,2,Moderate,False,0.5927373,0.01559144,0.005268632,0.5927373,0.0004316341,0.38597104
007-3611-200.jpg,2,Moderate,2,Moderate,True,0.9977527,0.0006863901,2.0627209e-05,0.9977527,0.0014064101,0.00013384756
20170428162225876.jpg,0,No DR,0,No DR,True,0.99332184,0.99332184,0.0007356002,0.005690003,9.120185e-06,0.00024344775
007-0237-000.jpg,0,No DR,0,No DR,True,0.99721223,0.99721223,0.00025737123,0.0024815365,2.0520138e-05,2.8291119e-05
007-3741-200.jpg,2,Moderate,2,Moderate,True,0.9167924,3.9649945e-05,4.62454e-05,0.9167924,6.8188488e-06,0.08311485
20170216090542938.jpg,0,No DR,0,No DR,True,0.9727101,0.9727101,0.0018682426,0.025386628,1.7836757e-05,1.7297114e-05
20170504113211152.jpg,2,Moderate,1,Mild,False,0.9475055,0.015047209,0.9475055,0.03741231,3.0248242e-05,4.6881323e-06
007-1197-000.jpg,0,No DR,0,No DR,True,0.98804003,0.98804003,4.3969205e-05,0.011848522,1.8497e-05,4.90482e-05
007-0982-000.jpg,0,No DR,0,No DR,True,0.9021522,0.9021522,0.0010525959,0.09669274,1.8973305e-05,8.349051e-05
20170224144635533.jpg,0,No DR,0,No DR,True,0.9918029,0.9918029,0.0058964062,0.0022944915,6.4833995e-07,5.4985057e-06
20170227161011919.jpg,0,No DR,0,No DR,True,0.842393,0.842393,0.13477835,0.02216385,0.00013528243,0.0005296428
20170425160718411.jpg,0,No DR,0,No DR,True,0.68738747,0.68738747,0.1774962,0.13446036,0.0003011303,0.00035484525
007-0031-000.jpg,0,No DR,0,No DR,True,0.7776176,0.7776176,0.008733985,0.21254005,0.000793496,0.00031489483
007-3782-200.jpg,2,Moderate,2,Moderate,True,0.95892197,0.004768394,0.0018494786,0.95892197,0.034339428,0.00012070666
20170331093707737.jpg,0,No DR,0,No DR,True,0.9956943,0.9956943,0.00035259625,0.0039442373,3.3426486e-06,5.401714e-06
20170121093807445.jpg,0,No DR,1,Mild,False,0.8232764,0.16211328,0.8232764,0.014112525,3.1795604e-05,0.00046594432
007-0388-000.jpg,0,No DR,0,No DR,True,0.91121393,0.91121393,0.002544011,0.08486873,0.0013196392,5.3676526e-05
007-4296-200.jpg,2,Moderate,2,Moderate,True,0.5771905,0.07118967,0.31465763,0.5771905,0.001359963,0.03560228
20170429221601319.jpg,0,No DR,0,No DR,True,0.99013877,0.99013877,0.0005919031,0.008949851,0.00016214588,0.00015738321
007-3779-200.jpg,2,Moderate,2,Moderate,True,0.99917185,2.2688879e-05,8.164908e-05,0.99917185,4.3762244e-05,0.0006800535
20170326093029051.jpg,0,No DR,0,No DR,True,0.99793774,0.99793774,0.0008019985,0.0012592073,1.5775773e-07,8.0371507e-07
20170228164709059.jpg,0,No DR,0,No DR,True,0.924828,0.924828,0.010234429,0.060362116,0.0027251416,0.0018502803
007-1234-000.jpg,0,No DR,0,No DR,True,0.86284196,0.86284196,0.058204476,0.077518255,1.6552744e-05,0.0014187339
007-3622-200.jpg,2,Moderate,2,Moderate,True,0.98536056,0.013368264,6.67596e-05,0.98536056,0.0011277283,7.668976e-05
20170427181653795.jpg,0,No DR,0,No DR,True,0.55932933,0.55932933,0.00014042426,0.43857193,0.0016488754,0.00030951656
007-0402-000.jpg,0,No DR,0,No DR,True,0.99086666,0.99086666,0.0025089527,0.0065120966,4.8708243e-06,0.00010735116
007-4575-200.jpg,2,Moderate,2,Moderate,True,0.99276954,0.0056483285,0.0011718848,0.99276954,0.00024655877,0.00016373841
007-5160-300.jpg,2,Moderate,2,Moderate,True,0.9880378,0.005284529,0.0056908126,0.9880378,0.0009455787,4.1311534e-05
007-3500-200.jpg,2,Moderate,2,Moderate,True,0.9998994,5.633564e-07,1.5590798e-08,0.9998994,1.1227088e-07,9.991243e-05
20170228090926171.jpg,0,No DR,0,No DR,True,0.82445294,0.82445294,0.09443873,0.080949716,7.774248e-05,8.093211e-05
007-1205-000.jpg,0,No DR,0,No DR,True,0.8958076,0.8958076,0.00023367698,0.10392157,9.895139e-07,3.6207777e-05
007-4425-200.jpg,2,Moderate,4,Proliferative,False,0.9854652,0.00027396125,7.1130926e-06,0.014253415,2.7023975e-07,0.9854652
20170401100008515.jpg,0,No DR,0,No DR,True,0.8861725,0.8861725,0.012722564,0.10102228,1.6690017e-05,6.605173e-05
20170430200546082.jpg,0,No DR,0,No DR,True,0.99651283,0.99651283,1.2647205e-05,0.0034431496,5.5513574e-06,2.5906344e-05
007-5786-300.jpg,2,Moderate,2,Moderate,True,0.99943763,6.6544167e-06,1.750437e-05,0.99943763,0.00046130063,7.683802e-05
20170330080004528.jpg,0,No DR,0,No DR,True,0.9987264,0.9987264,7.5269672e-06,0.0011053759,0.00013401575,2.6697126e-05
20170328094247861.jpg,0,No DR,0,No DR,True,0.9988784,0.9988784,3.174921e-05,0.0010774576,4.9823225e-06,7.36421e-06
20170602083055029.jpg,2,Moderate,2,Moderate,True,0.9701505,0.029055377,0.0007885722,0.9701505,4.509594e-06,9.793374e-07
007-5875-300.jpg,2,Moderate,2,Moderate,True,0.94769067,0.0008145025,6.828133e-05,0.94769067,0.01570419,0.03572243
007-5643-300.jpg,2,Moderate,2,Moderate,True,0.9183407,6.953556e-07,2.8474556e-06,0.9183407,6.110304e-06,0.08164959
007-0043-000.jpg,0,No DR,2,Moderate,False,0.6933923,0.29756004,0.0029178108,0.6933923,0.00013764156,0.005992214
20170522165607630.jpg,2,Moderate,0,No DR,False,0.7094108,0.7094108,0.0047805146,0.28528154,0.00037443318,0.00015276214
007-1138-000.jpg,0,No DR,0,No DR,True,0.4954284,0.4954284,0.35438016,0.15009518,2.6630589e-05,6.955275e-05
20170213115422058.jpg,0,No DR,0,No DR,True,0.8993799,0.8993799,0.006049488,0.09450872,4.0285824e-05,2.1564827e-05
007-0362-000.jpg,0,No DR,0,No DR,True,0.8762967,0.8762967,0.07703958,0.04655768,1.9724846e-05,8.623885e-05
007-2354-100.jpg,2,Moderate,1,Mild,False,0.6220524,0.1550166,0.6220524,0.22166768,0.0010193625,0.00024401017
20170324140849407.jpg,0,No DR,0,No DR,True,0.9998467,0.9998467,2.6067339e-05,0.00012712709,3.0838937e-08,5.479462e-08
20170627110345934.jpg,2,Moderate,1,Mild,False,0.81649244,0.02337984,0.81649244,0.15794162,0.0017013195,0.0004848325
20170430193353131.jpg,0,No DR,0,No DR,True,0.9989648,0.9989648,4.018363e-06,0.00094038417,8.031386e-05,1.0483242e-05
007-2221-100.jpg,1,Mild,0,No DR,False,0.79347485,0.79347485,0.00093735085,0.20509717,0.00026423417,0.00022644275
20170226234856632.jpg,0,No DR,0,No DR,True,0.999271,0.999271,0.00010345644,0.0006199199,1.111613e-06,4.569569e-06
007-0431-000.jpg,0,No DR,0,No DR,True,0.9901002,0.9901002,0.00039431773,0.008071069,1.27979665e-05,0.0014216038
007-6513-400.jpg,4,Proliferative,4,Proliferative,True,0.9999585,4.216644e-06,1.7245146e-05,1.0084814e-05,9.919397e-06,0.9999585
20170224113103144.jpg,0,No DR,0,No DR,True,0.9544929,0.9544929,0.0040320316,0.041451696,1.5157186e-05,8.187675e-06
007-6940-400.jpg,4,Proliferative,4,Proliferative,True,0.999995,2.973882e-06,3.0087116e-07,1.4853898e-06,2.9959446e-07,0.999995
007-3720-200.jpg,2,Moderate,2,Moderate,True,0.9552505,0.020339359,0.0062818197,0.9552505,3.7741559e-06,0.018124552
20170612233612380.jpg,2,Moderate,2,Moderate,True,0.84905285,0.14127247,0.0090732,0.84905285,0.00023408893,0.0003673402
007-6835-400.jpg,4,Proliferative,2,Moderate,False,0.6012339,0.034147196,0.0005023178,0.6012339,0.00012184631,0.36399472
20170429200414078.jpg,0,No DR,0,No DR,True,0.99922466,0.99922466,7.5115854e-06,0.00074834254,1.7213715e-05,2.2696581e-06
007-6333-400.jpg,4,Proliferative,4,Proliferative,True,0.99576145,3.4203716e-05,9.721019e-05,0.003870983,0.0002362094,0.99576145
007-1251-000.jpg,0,No DR,0,No DR,True,0.9741401,0.9741401,0.011060066,0.014572316,3.9818133e-05,0.00018766406
007-4428-200.jpg,2,Moderate,2,Moderate,True,0.9996518,1.3681912e-06,8.403993e-07,0.9996518,8.026434e-06,0.00033798968
20170220104405877.jpg,0,No DR,0,No DR,True,0.99232715,0.99232715,0.005194102,0.0024769763,5.068885e-07,1.3314346e-06
007-6368-400.jpg,4,Proliferative,4,Proliferative,True,0.9973767,2.083843e-05,6.899608e-06,8.342433e-05,0.002512122,0.9973767
20170430191714281.jpg,0,No DR,0,No DR,True,0.984567,0.984567,0.012559244,0.002866244,2.1368294e-06,5.348749e-06
007-6473-400.jpg,4,Proliferative,2,Moderate,False,0.99935406,2.7050357e-05,2.7975915e-05,0.99935406,7.246752e-05,0.0005185102
007-2056-100.jpg,2,Moderate,0,No DR,False,0.70699024,0.70699024,0.03834511,0.25257927,0.00011569083,0.0019697205
20170324085149565.jpg,0,No DR,0,No DR,True,0.76611316,0.76611316,0.021168549,0.20936625,0.002862641,0.0004894408
20170405083433546.jpg,0,No DR,0,No DR,True,0.7843236,0.7843236,0.19082902,0.024747856,1.292076e-05,8.660203e-05
20170429202934975.jpg,0,No DR,0,No DR,True,0.9999703,0.9999703,1.1456243e-06,2.8010258e-05,2.7208654e-07,1.7961524e-07
20170323094433433.jpg,0,No DR,0,No DR,True,0.67770624,0.67770624,0.13687964,0.18220595,0.0026336366,0.00057455956
007-1484-000.jpg,0,No DR,0,No DR,True,0.8881866,0.8881866,0.003968212,0.10764288,3.3213768e-05,0.00016913525
20170418103218419.jpg,0,No DR,0,No DR,True,0.97004795,0.97004795,0.009297343,0.020546766,3.7044276e-05,7.0921364e-05
007-4330-200.jpg,2,Moderate,2,Moderate,True,0.9727438,0.00013419562,6.532651e-06,0.9727438,0.00023930371,0.026876163
20170410092817707.jpg,0,No DR,0,No DR,True,0.9957926,0.9957926,0.0010986318,0.0030972983,2.6079802e-06,8.734394e-06
20170504201513545.jpg,2,Moderate,2,Moderate,True,0.85221356,0.06049209,0.071472034,0.85221356,0.015080922,0.0007414663
007-1686-000.jpg,0,No DR,0,No DR,True,0.6397912,0.6397912,0.0036761914,0.35610914,2.9985633e-05,0.00039355786
20170427191526349.jpg,0,No DR,0,No DR,True,0.998621,0.998621,0.0006537506,0.0007006226,2.5810793e-06,2.209156e-05
20170328091227668.jpg,0,No DR,0,No DR,True,0.98262006,0.98262006,0.0024997282,0.014821197,1.0562089e-06,5.800129e-05
007-6431-400.jpg,4,Proliferative,4,Proliferative,True,0.9966047,1.4804279e-05,0.000151423,0.0032273273,1.7376583e-06,0.9966047
20170429232029890.jpg,0,No DR,0,No DR,True,0.9971413,0.9971413,6.172713e-05,0.0026955493,9.317666e-05,8.244212e-06
20170213165734780.jpg,0,No DR,0,No DR,True,0.9543242,0.9543242,0.0004402414,0.04521023,7.4332156e-06,1.7863933e-05
007-5917-300.jpg,2,Moderate,2,Moderate,True,0.59540516,0.0027835534,0.0023858522,0.59540516,0.37957194,0.019853508
20170503172654258.jpg,2,Moderate,0,No DR,False,0.8738185,0.8738185,0.021029532,0.10159532,0.0017619856,0.0017946878
007-0719-000.jpg,0,No DR,0,No DR,True,0.9771672,0.9771672,0.0063307025,0.016475433,8.464054e-06,1.8264023e-05
20170427095241916.jpg,0,No DR,0,No DR,True,0.99918944,0.99918944,3.6917336e-05,0.00076774886,3.8938724e-06,1.8964517e-06
007-2973-100.jpg,0,No DR,0,No DR,True,0.87335867,0.87335867,0.005402505,0.12121947,4.4624784e-07,1.8982942e-05
007-0730-000.jpg,2,Moderate,0,No DR,False,0.9296276,0.9296276,0.018721007,0.051028322,0.00012125276,0.00050191674
007-2841-100.jpg,1,Mild,1,Mild,True,0.6171842,0.19781443,0.6171842,0.1797302,0.0035580725,0.001713093
007-0205-000.jpg,0,No DR,0,No DR,True,0.74979633,0.74979633,0.0022885776,0.24783331,2.4121351e-05,5.765644e-05
20170429220412774.jpg,0,No DR,0,No DR,True,0.99971896,0.99971896,5.5533606e-06,0.00020392571,1.4509296e-05,5.7030535e-05
007-0165-000.jpg,0,No DR,0,No DR,True,0.6509175,0.6509175,0.00021471622,0.3484853,1.121598e-05,0.00037125632
007-4054-200.jpg,2,Moderate,2,Moderate,True,0.9872486,0.0108637735,0.00020365343,0.9872486,0.00042813914,0.0012558048
20170407224448321.jpg,0,No DR,0,No DR,True,0.92257893,0.92257893,0.004175162,0.07255309,0.00062144175,7.1358576e-05
007-6222-300.jpg,2,Moderate,0,No DR,False,0.6145766,0.6145766,0.07539343,0.30887496,0.0006361756,0.0005188812
20170410153212741.jpg,0,No DR,0,No DR,True,0.95855993,0.95855993,0.03715569,0.004275735,1.5841824e-06,7.1205077e-06
007-1548-000.jpg,0,No DR,0,No DR,True,0.98947173,0.98947173,0.00014499253,0.010374926,2.535215e-06,5.7530697e-06
20170429225610578.jpg,0,No DR,0,No DR,True,0.99508286,0.99508286,1.4098718e-05,0.004818482,7.2709176e-05,1.1890893e-05
20170224211820615.jpg,0,No DR,0,No DR,True,0.99734616,0.99734616,0.00013750819,0.0024676658,8.08078e-06,4.0570583e-05
007-1660-000.jpg,0,No DR,0,No DR,True,0.58978635,0.58978635,0.19742933,0.21049713,0.0001697714,0.002117407
20170427182524137.jpg,0,No DR,0,No DR,True,0.9997992,0.9997992,1.0103411e-05,0.00018960734,6.131644e-07,4.293079e-07
007-7039-400.jpg,4,Proliferative,4,Proliferative,True,0.9999747,1.1523316e-05,9.040792e-07,2.870942e-06,9.913372e-06,0.9999747
007-4852-300.jpg,2,Moderate,2,Moderate,True,0.9994242,9.0088484e-05,0.00014234187,0.9994242,2.1871678e-05,0.00032157794
20170424110805162.jpg,0,No DR,0,No DR,True,0.5714014,0.5714014,0.03610162,0.39071745,0.00094597775,0.00083355897
20170226210325463.jpg,0,No DR,0,No DR,True,0.9518129,0.9518129,0.008185409,0.039586507,0.00023090097,0.00018428774
20170429223552940.jpg,0,No DR,0,No DR,True,0.99782336,0.99782336,0.00015592283,0.0019871278,1.1858685e-05,2.1610083e-05
20170408215516624.jpg,0,No DR,0,No DR,True,0.99304056,0.99304056,0.0013249989,0.0055684713,1.4752686e-05,5.1301166e-05
007-2405-100.jpg,2,Moderate,0,No DR,False,0.87833923,0.87833923,0.09410732,0.027446419,2.6274718e-05,8.077545e-05
007-5888-300.jpg,2,Moderate,2,Moderate,True,0.9998683,5.0726235e-06,8.557005e-06,0.9998683,5.309558e-06,0.00011284097
20170123093849026.jpg,0,No DR,0,No DR,True,0.8517704,0.8517704,0.14348002,0.00474495,4.00084e-06,7.3260156e-07
20170429204444257.jpg,0,No DR,0,No DR,True,0.9998776,0.9998776,2.2949987e-05,9.791047e-05,5.543845e-07,1.0357326e-06
20170419084206917.jpg,0,No DR,0,No DR,True,0.9984151,0.9984151,0.0010488656,0.0005347085,1.9783015e-07,1.1130595e-06
007-1143-000.jpg,0,No DR,0,No DR,True,0.7376476,0.7376476,0.122422606,0.13870813,0.00044178643,0.0007799299
007-2870-100.jpg,2,Moderate,2,Moderate,True,0.9732404,0.02551452,7.44445e-05,0.9732404,2.5267354e-05,0.0011454779
007-2896-100.jpg,2,Moderate,1,Mild,False,0.6633683,0.26176107,0.6633683,0.074806646,1.1375896e-05,5.262022e-05
007-6553-400.jpg,4,Proliferative,4,Proliferative,True,0.9999583,2.7794727e-05,4.5653996e-06,9.14486e-06,1.7912127e-07,0.9999583
20170327105311474.jpg,0,No DR,0,No DR,True,0.9935933,0.9935933,0.00011795419,0.0060757613,4.1386015e-06,0.00020882265
007-1751-000.jpg,0,No DR,1,Mild,False,0.72438735,0.20876013,0.72438735,0.06533255,0.0009914149,0.0005285237
007-3944-200.jpg,2,Moderate,2,Moderate,True,0.6302021,0.01863437,0.07570328,0.6302021,0.2635072,0.011953057
007-5713-300.jpg,2,Moderate,0,No DR,False,0.8077354,0.8077354,0.03297774,0.15486908,0.0018710812,0.0025467386
20170508100748104.jpg,2,Moderate,2,Moderate,True,0.659113,0.33788657,0.0027338627,0.659113,0.00012628076,0.00014036208
007-3633-200.jpg,2,Moderate,2,Moderate,True,0.9954417,0.00022345933,2.3495055e-05,0.9954417,1.2980071e-06,0.0043100715
007-4499-200.jpg,2,Moderate,2,Moderate,True,0.9996792,6.0994866e-05,6.242524e-07,0.9996792,7.27265e-06,0.00025190646
007-5585-300.jpg,2,Moderate,2,Moderate,True,0.5700823,0.0016768056,0.0004612088,0.5700823,0.21651927,0.21126042
20170620113631654.jpg,2,Moderate,2,Moderate,True,0.88980335,0.08950929,0.01331053,0.88980335,0.005560754,0.0018159803
007-6202-300.jpg,2,Moderate,0,No DR,False,0.659983,0.659983,0.037822075,0.30173615,0.00028870642,0.00017012119
20170510164850027.jpg,2,Moderate,2,Moderate,True,0.8492578,0.14795224,0.0009506552,0.8492578,8.051599e-05,0.0017587863
007-3520-200.jpg,2,Moderate,2,Moderate,True,0.999723,2.30037e-08,5.905127e-08,0.999723,9.599271e-05,0.00018084094
007-1058-000.jpg,0,No DR,0,No DR,True,0.88352287,0.88352287,0.05108191,0.06479704,0.00040284562,0.00019535466
007-3112-100.jpg,2,Moderate,1,Mild,False,0.64116746,0.07940964,0.64116746,0.27865565,0.00059664197,0.00017066485
007-5508-300.jpg,2,Moderate,1,Mild,False,0.7968842,0.012819963,0.7968842,0.18672705,0.0009109029,0.0026578452
007-5767-300.jpg,2,Moderate,2,Moderate,True,0.895173,0.00056956924,0.0033814998,0.895173,0.10050976,0.0003662359
20170323092353758.jpg,0,No DR,0,No DR,True,0.9996728,0.9996728,7.39956e-06,0.0003152329,8.236692e-07,3.7740456e-06
007-2812-100.jpg,1,Mild,2,Moderate,False,0.62830496,0.35046324,0.020963525,0.62830496,0.00022840043,3.9927396e-05
007-4435-200.jpg,2,Moderate,2,Moderate,True,0.9999814,1.0665113e-05,1.4849721e-07,0.9999814,7.8440036e-07,6.9341527e-06
20170627160255825.jpg,2,Moderate,2,Moderate,True,0.9453886,0.042097397,0.0021550807,0.9453886,0.009973292,0.00038570762
007-3535-200.jpg,2,Moderate,2,Moderate,True,0.9994294,7.382421e-05,1.3318597e-05,0.9994294,3.7522443e-07,0.0004830662
007-7177-400.jpg,4,Proliferative,4,Proliferative,True,0.9820848,0.004961292,0.0025725686,0.010376562,4.6547693e-06,0.9820848
007-3308-200.jpg,2,Moderate,4,Proliferative,False,0.95527816,7.1859627e-06,4.1290464e-06,0.04464436,6.61727e-05,0.95527816
007-1788-100.jpg,2,Moderate,2,Moderate,True,0.6394504,0.35908276,0.00055173633,0.6394504,1.2236889e-06,0.00091388536
20170324112237946.jpg,0,No DR,0,No DR,True,0.9534947,0.9534947,0.0005554293,0.045676373,7.958734e-05,0.00019396956
007-5302-300.jpg,2,Moderate,2,Moderate,True,0.9999025,1.3475041e-05,3.2749427e-05,0.9999025,4.8113525e-05,3.2592097e-06
007-4337-200.jpg,3,Severe,2,Moderate,False,0.48502588,8.737078e-05,9.0363974e-05,0.48502588,0.08225645,0.43254
007-4060-200.jpg,2,Moderate,2,Moderate,True,0.7608899,0.002152482,0.00017658483,0.7608899,0.0014885336,0.2352926
007-0465-000.jpg,0,No DR,0,No DR,True,0.9472844,0.9472844,0.009541848,0.043031123,6.624124e-05,7.6366916e-05
007-2163-100.jpg,1,Mild,0,No DR,False,0.9715987,0.9715987,0.005555595,0.022611812,7.469972e-05,0.00015930439
20170126115056314.jpg,0,No DR,0,No DR,True,0.97637695,0.97637695,0.0015998955,0.021948755,2.4848801e-05,4.9558672e-05
007-7399-601.jpg,0,No DR,0,No DR,True,0.75943816,0.75943816,0.0006139452,0.10163244,4.3397606e-05,0.13827208
20170428140421454.jpg,0,No DR,0,No DR,True,0.79396516,0.79396516,0.0976105,0.107675865,0.00014379689,0.00060475257
007-2605-100.jpg,2,Moderate,2,Moderate,True,0.9985494,2.5214063e-06,6.349662e-08,0.9985494,2.6837822e-06,0.0014452806
20170411141738901.jpg,0,No DR,0,No DR,True,0.98574185,0.98574185,0.0030167538,0.01104356,1.8608398e-05,0.00017919116
007-5339-300.jpg,2,Moderate,2,Moderate,True,0.99938405,5.822782e-05,0.0003888426,0.99938405,0.00016124602,7.6126453e-06
20170221181155202.jpg,0,No DR,0,No DR,True,0.7889077,0.7889077,0.20669876,0.0043857154,2.358394e-06,5.438263e-06
007-7359-601.jpg,0,No DR,0,No DR,True,0.9568332,0.9568332,9.262882e-06,0.043141074,3.735439e-08,1.6455886e-05
20170419121209408.jpg,0,No DR,0,No DR,True,0.9536461,0.9536461,0.013835985,0.032312166,2.4763958e-05,0.00018093191
007-4601-200.jpg,2,Moderate,2,Moderate,True,0.99442154,0.0027740654,0.0009904477,0.99442154,0.0005330865,0.0012809098
007-2728-100.jpg,1,Mild,1,Mild,True,0.66174895,0.3009027,0.66174895,0.037278906,3.5679514e-05,3.382849e-05
20170608192955912.jpg,2,Moderate,2,Moderate,True,0.9995882,0.00012307262,4.9655275e-05,0.9995882,0.00021864306,2.0357465e-05
007-0166-000.jpg,0,No DR,2,Moderate,False,0.9225893,0.076477125,0.0009166924,0.9225893,9.837216e-06,7.1294303e-06
20170429211830286.jpg,0,No DR,0,No DR,True,0.52860314,0.52860314,0.03560381,0.43557224,0.0001386286,8.212634e-05
007-1984-100.jpg,2,Moderate,1,Mild,False,0.87177664,0.013310397,0.87177664,0.09356226,0.01401086,0.0073399046
20170418093855744.jpg,0,No DR,0,No DR,True,0.99987876,0.99987876,4.236923e-07,0.0001147143,4.6332925e-06,1.4961864e-06
007-4033-200.jpg,2,Moderate,2,Moderate,True,0.96672285,0.006899283,0.022400454,0.96672285,0.0023277919,0.0016495973
007-1784-100.jpg,2,Moderate,2,Moderate,True,0.89886343,0.025508394,0.061937522,0.89886343,0.002964971,0.010725635
20170414125158502.jpg,0,No DR,0,No DR,True,0.8933944,0.8933944,0.054389764,0.052208807,3.6404883e-06,3.4396721e-06
20170224094042228.jpg,0,No DR,0,No DR,True,0.97495824,0.97495824,0.00042536712,0.024511907,1.4346955e-06,0.000103121456
007-1791-100.jpg,1,Mild,1,Mild,True,0.9918684,0.0014665212,0.9918684,0.0066581047,3.4145728e-08,7.0262354e-06
007-8283-602.jpg,0,No DR,0,No DR,True,0.8291487,0.8291487,0.0016540076,0.16733766,3.6498495e-05,0.0018231444
007-3489-200.jpg,4,Proliferative,2,Moderate,False,0.81854546,4.3481326e-05,0.00012795166,0.81854546,0.14401726,0.037265807
007-2975-100.jpg,2,Moderate,2,Moderate,True,0.5036243,0.25523084,0.014981612,0.5036243,0.010600166,0.21556307
20170426134414814.jpg,0,No DR,0,No DR,True,0.7791804,0.7791804,0.041255716,0.17900836,0.00015476724,0.00040071318
007-7826-601.jpg,0,No DR,0,No DR,True,0.6245822,0.6245822,0.010278849,0.3302208,0.00028586554,0.034632374
20170209131217406.jpg,0,No DR,1,Mild,False,0.5660387,0.40502453,0.5660387,0.028792152,0.00010680635,3.7765072e-05
20170324092621974.jpg,0,No DR,0,No DR,True,0.98545754,0.98545754,0.007976666,0.006530173,6.847551e-06,2.882146e-05
007-5979-300.jpg,2,Moderate,4,Proliferative,False,0.5458722,0.00035931746,8.5631415e-05,0.45060083,0.0030819757,0.5458722
007-1473-000.jpg,0,No DR,0,No DR,True,0.9833903,0.9833903,0.0025173312,0.014074008,1.1342042e-05,7.1334434e-06
20170407225711491.jpg,0,No DR,0,No DR,True,0.9971384,0.9971384,0.00014244331,0.0022304559,0.00044268975,4.6019148e-05
007-3675-200.jpg,3,Severe,2,Moderate,False,0.75755215,0.0014692807,0.0035483867,0.75755215,0.12033215,0.11709807
20170223171624239.jpg,0,No DR,0,No DR,True,0.98212135,0.98212135,0.0038557693,0.013541,0.00042830498,5.3446325e-05
20170407222732099.jpg,0,No DR,0,No DR,True,0.828733,0.828733,0.008337136,0.16274959,2.9850806e-05,0.00015042063
20170407092714011.jpg,0,No DR,0,No DR,True,0.98990357,0.98990357,2.3627917e-05,0.010064323,2.0896671e-07,8.292954e-06
20170427204739830.jpg,0,No DR,1,Mild,False,0.6805652,0.31675655,0.6805652,0.0026759773,1.8580178e-06,4.8657506e-07
20170226204323282.jpg,0,No DR,2,Moderate,False,0.9485454,0.01753991,0.0038283835,0.9485454,0.029900894,0.00018549949
007-3357-200.jpg,2,Moderate,2,Moderate,True,0.70773536,0.014745463,0.27432832,0.70773536,0.0006685292,0.0025223193
007-4756-200.jpg,3,Severe,1,Mild,False,0.45578757,0.003232437,0.45578757,0.19878484,0.24501818,0.09717705
20170331094944004.jpg,0,No DR,0,No DR,True,0.9932547,0.9932547,0.00038310085,0.0062716203,4.520049e-06,8.6041524e-05
007-1906-100.jpg,1,Mild,2,Moderate,False,0.87829775,0.011593818,0.10808513,0.87829775,2.2393739e-05,0.0020009389
20170427194205437.jpg,0,No DR,0,No DR,True,0.8478421,0.8478421,0.14697815,0.0051230304,2.1551552e-05,3.5179644e-05
20170327094658211.jpg,0,No DR,0,No DR,True,0.9990563,0.9990563,2.8366649e-06,0.00056361384,1.75932e-05,0.00035962215
007-4109-200.jpg,2,Moderate,2,Moderate,True,0.9857019,0.0017399169,0.002556166,0.9857019,0.0010357025,0.008966311
007-2665-100.jpg,1,Mild,2,Moderate,False,0.48094362,0.41162533,0.081270166,0.48094362,0.00047914532,0.025681691
007-3084-100.jpg,1,Mild,1,Mild,True,0.57125884,0.16516434,0.57125884,0.25266,0.0065548136,0.0043619475
20170329140733147.jpg,0,No DR,0,No DR,True,0.94431174,0.94431174,0.021762181,0.033853386,1.7471673e-05,5.5270484e-05
20170514222421801.jpg,2,Moderate,2,Moderate,True,0.99775094,0.0017853663,0.00028965832,0.99775094,0.00016260246,1.1484473e-05
007-3286-200.jpg,3,Severe,3,Severe,True,0.7971757,0.0007762992,0.0017619506,0.18471135,0.7971757,0.015574747
20170512164041374.jpg,2,Moderate,0,No DR,False,0.952778,0.952778,0.0015266124,0.04549756,7.056089e-05,0.00012734957
20170505142937028.jpg,2,Moderate,0,No DR,False,0.90505,0.90505,0.0051480387,0.0877388,0.00010055222,0.001962622
007-0183-000.jpg,0,No DR,0,No DR,True,0.84995025,0.84995025,0.06504614,0.0849618,5.081607e-06,3.6672038e-05
20170411141618693.jpg,0,No DR,0,No DR,True,0.765293,0.765293,0.05498712,0.17507677,0.0035329545,0.0011102208
007-1739-000.jpg,0,No DR,2,Moderate,False,0.7353171,0.07083081,0.19219325,0.7353171,0.0002568427,0.0014020328
007-0252-000.jpg,0,No DR,0,No DR,True,0.99774665,0.99774665,0.00016104833,0.0020512044,2.3954231e-05,1.7104956e-05
007-6537-400.jpg,4,Proliferative,4,Proliferative,True,0.9996138,9.783391e-06,1.3841185e-06,0.0003604874,1.4632827e-05,0.9996138
20170428161920057.jpg,0,No DR,0,No DR,True,0.8941648,0.8941648,0.00426538,0.10133761,2.4371408e-05,0.00020786998
007-0934-000.jpg,0,No DR,0,No DR,True,0.99455535,0.99455535,0.004426991,0.0010173882,3.5865483e-08,2.1148358e-07
20170407230059827.jpg,0,No DR,0,No DR,True,0.99841976,0.99841976,0.00014049848,0.0014264256,4.109879e-06,9.202992e-06
007-2767-100.jpg,2,Moderate,2,Moderate,True,0.9607324,0.03883029,0.00018600834,0.9607324,0.00021723403,3.4045508e-05
20170430200328771.jpg,0,No DR,0,No DR,True,0.9978842,0.9978842,0.00062215794,0.0014829354,4.805427e-06,5.880583e-06
20170224105350078.jpg,0,No DR,0,No DR,True,0.9543495,0.9543495,6.974243e-05,0.045577966,8.4332993e-07,2.0419302e-06
20170412202015432.jpg,0,No DR,2,Moderate,False,0.578194,0.41331017,0.0068699704,0.578194,0.00090418616,0.0007215859
20170428104127977.jpg,0,No DR,0,No DR,True,0.8016759,0.8016759,0.09362769,0.104320146,0.00019003003,0.00018611918
007-2219-100.jpg,2,Moderate,2,Moderate,True,0.91867906,0.08052974,0.00013170819,0.91867906,0.00036871672,0.00029084174
007-0760-000.jpg,0,No DR,0,No DR,True,0.9948946,0.9948946,0.0001184203,0.0049846,1.92234e-06,4.4744894e-07
007-3680-200.jpg,2,Moderate,2,Moderate,True,0.9946523,3.997061e-06,1.044895e-07,0.9946523,5.8431247e-06,0.0053377952
007-6262-300.jpg,2,Moderate,2,Moderate,True,0.99758005,3.7896014e-05,3.2551536e-05,0.99758005,7.463381e-05,0.0022748967
007-3953-200.jpg,2,Moderate,2,Moderate,True,0.76997286,0.21430503,0.013713977,0.76997286,0.0011292342,0.0008789022
20170427184100996.jpg,0,No DR,0,No DR,True,0.9997346,0.9997346,3.76826e-05,0.0002256198,1.2904095e-06,8.791808e-07
20170424154404784.jpg,0,No DR,0,No DR,True,0.75438833,0.75438833,0.108757414,0.13468367,0.0012544404,0.00091619673
20170427084916453.jpg,0,No DR,0,No DR,True,0.99548495,0.99548495,0.00068988337,0.003803153,9.891919e-06,1.2049152e-05
007-4038-200.jpg,2,Moderate,2,Moderate,True,0.9908228,0.0029421237,0.0060518873,0.9908228,9.408126e-06,0.0001737587
20170310115514054.jpg,0,No DR,0,No DR,True,0.9761523,0.9761523,0.00030796728,0.023535026,3.112331e-06,1.5978547e-06
20170427182316762.jpg,0,No DR,0,No DR,True,0.912279,0.912279,0.00051652064,0.08717887,1.4268116e-05,1.1321247e-05
20170406100959075.jpg,0,No DR,0,No DR,True,0.9841234,0.9841234,0.005957639,0.009909022,2.6226799e-06,7.3187516e-06
20170429202702212.jpg,0,No DR,0,No DR,True,0.9999428,0.9999428,5.966234e-07,5.1579565e-05,2.873e-06,2.181979e-06
007-0722-000.jpg,0,No DR,0,No DR,True,0.9820117,0.9820117,0.010300112,0.0076259845,6.7366655e-06,5.5443612e-05
007-3397-200.jpg,2,Moderate,2,Moderate,True,0.99997354,2.4792206e-07,1.4080919e-08,0.99997354,1.3180686e-07,2.61428e-05
20170224093843434.jpg,0,No DR,0,No DR,True,0.9457558,0.9457558,0.0016157846,0.05261526,2.6934802e-06,1.05086965e-05
20170427180631672.jpg,0,No DR,0,No DR,True,0.9994041,0.9994041,4.5220644e-05,0.0005446202,1.6434275e-06,4.527434e-06
007-0356-000.jpg,0,No DR,0,No DR,True,0.9871634,0.9871634,0.0032657376,0.009540958,1.3640397e-05,1.6189648e-05
20170620192226934.jpg,2,Moderate,0,No DR,False,0.80546844,0.80546844,0.10192778,0.092482865,0.00010610192,1.4893416e-05
20170215094438125.jpg,0,No DR,0,No DR,True,0.96763736,0.96763736,0.0009911346,0.03135192,1.353851e-05,5.9719864e-06
20170329140824088.jpg,0,No DR,0,No DR,True,0.7995017,0.7995017,0.12055484,0.079370365,0.000108773704,0.00046436692
007-1081-000.jpg,0,No DR,0,No DR,True,0.98556846,0.98556846,0.0013450051,0.012932956,1.3690793e-06,0.00015215758
20170410101007742.jpg,0,No DR,0,No DR,True,0.99820924,0.99820924,8.078642e-05,0.0017088001,1.2809589e-07,1.0769616e-06
20170502160448258.jpg,2,Moderate,1,Mild,False,0.43694144,0.2229898,0.43694144,0.33544397,0.0039314134,0.0006933556
20170227233735201.jpg,0,No DR,0,No DR,True,0.93944985,0.93944985,0.00039158415,0.05882617,0.00072458,0.0006077225
007-0373-000.jpg,0,No DR,0,No DR,True,0.93409735,0.93409735,0.06526001,0.0006409517,7.709886e-07,8.6204443e-07
007-6082-300.jpg,2,Moderate,2,Moderate,True,0.86289775,0.021471506,0.1121678,0.86289775,0.0016893814,0.0017734655
007-0814-000.jpg,0,No DR,0,No DR,True,0.7819467,0.7819467,0.09759531,0.11570427,0.0011510298,0.00360265
007-4951-300.jpg,2,Moderate,2,Moderate,True,0.9998325,7.700622e-06,6.5946347e-06,0.9998325,5.99237e-05,9.3297866e-05
20170328093142139.jpg,0,No DR,0,No DR,True,0.995018,0.995018,0.00013001166,0.0048387423,1.9376575e-06,1.1230724e-05
007-6373-400.jpg,4,Proliferative,4,Proliferative,True,0.98029125,0.0019302748,0.00018584108,0.014280773,0.0033118385,0.98029125
007-1857-100.jpg,1,Mild,0,No DR,False,0.80189466,0.80189466,0.0030824041,0.19485654,3.5201105e-05,0.00013129284
20161112011316860.jpg,0,No DR,4,Proliferative,False,0.4740722,0.45036602,0.009593713,0.06568782,0.00028028627,0.4740722
20170427184307500.jpg,0,No DR,0,No DR,True,0.9954686,0.9954686,0.00075034815,0.0036949283,4.0958574e-05,4.5232628e-05
20170331082944429.jpg,0,No DR,0,No DR,True,0.9976451,0.9976451,7.022576e-05,0.002238979,1.8448838e-05,2.719851e-05
20170409200135732.jpg,0,No DR,0,No DR,True,0.9287965,0.9287965,0.01825971,0.05017301,0.00058979564,0.002181031
20170429221140502.jpg,0,No DR,0,No DR,True,0.992401,0.992401,0.0007090966,0.006486402,0.00019732823,0.00020607215
007-6092-300.jpg,2,Moderate,2,Moderate,True,0.9971692,0.00035061946,0.0024529246,0.9971692,2.3383847e-05,3.88228e-06
007-1884-100.jpg,1,Mild,4,Proliferative,False,0.971563,0.0023883104,0.00038632948,0.025633464,2.8911405e-05,0.971563
007-7254-400.jpg,4,Proliferative,4,Proliferative,True,0.99630344,7.244684e-06,1.0516709e-06,0.0036809233,7.4035547e-06,0.99630344
20170429210635256.jpg,0,No DR,0,No DR,True,0.9551298,0.9551298,0.0010521492,0.038894486,0.00029222062,0.004631367
20170120221455053.jpg,0,No DR,0,No DR,True,0.9974522,0.9974522,0.000824146,0.0017208387,1.543931e-06,1.3090806e-06
20170216104033730.jpg,0,No DR,2,Moderate,False,0.8402425,0.13931942,0.020017548,0.8402425,0.0003161328,0.00010447077
007-5904-300.jpg,3,Severe,3,Severe,True,0.70318615,0.00027162215,0.00035600917,0.07304629,0.70318615,0.22313993
20170526155853592.jpg,2,Moderate,2,Moderate,True,0.9892742,0.007880614,0.0025445726,0.9892742,0.0001669713,0.00013360813
007-1480-000.jpg,0,No DR,0,No DR,True,0.5833627,0.5833627,0.05750984,0.3589341,1.6806036e-05,0.00017646546
20170505100940129.jpg,2,Moderate,2,Moderate,True,0.9870285,0.00309416,0.0058342568,0.9870285,0.0013983715,0.0026447407
007-6203-300.jpg,2,Moderate,2,Moderate,True,0.9664646,0.00038805403,0.0009761024,0.9664646,0.010373066,0.02179822
007-1014-000.jpg,0,No DR,0,No DR,True,0.95237935,0.95237935,0.0012711876,0.046260796,2.1094273e-05,6.758161e-05
20170515154652425.jpg,2,Moderate,2,Moderate,True,0.9561926,0.006850202,0.00806729,0.9561926,0.02838108,0.0005087629
007-6482-400.jpg,4,Proliferative,4,Proliferative,True,0.99977475,4.025961e-06,7.3750044e-07,5.5434713e-05,0.00016503442,0.99977475
20170525100055762.jpg,2,Moderate,2,Moderate,True,0.9999398,1.26515115e-05,3.249944e-05,0.9999398,1.2948173e-05,2.0815942e-06
20170221162452021.jpg,0,No DR,2,Moderate,False,0.8093961,0.12692152,0.05509315,0.8093961,0.00082620693,0.007763028
007-4978-300.jpg,2,Moderate,2,Moderate,True,0.9991153,0.00084688544,2.5451243e-05,0.9991153,1.0248389e-05,2.0934453e-06
20170427185709099.jpg,0,No DR,0,No DR,True,0.9772017,0.9772017,0.0031929212,0.019164167,0.0003184402,0.00012282035
007-5189-300.jpg,2,Moderate,2,Moderate,True,0.99111617,8.218031e-06,0.00019743224,0.99111617,0.008661164,1.7082042e-05
007-3768-200.jpg,2,Moderate,2,Moderate,True,0.949495,0.021310642,0.0029513803,0.949495,0.00924881,0.01699418
007-1581-000.jpg,0,No DR,0,No DR,True,0.9595414,0.9595414,0.0070925313,0.03332942,2.8826867e-05,7.8699295e-06
20170518194046765.jpg,2,Moderate,0,No DR,False,0.97246236,0.97246236,0.0009290957,0.02633436,0.00022367686,5.0486244e-05
20170430191111763.jpg,0,No DR,0,No DR,True,0.9998486,0.9998486,1.8962374e-06,0.00014797025,5.72964e-07,9.0783817e-07
007-0648-000.jpg,0,No DR,2,Moderate,False,0.98511815,0.014409401,0.00015036993,0.98511815,6.882638e-05,0.00025320114
007-5940-300.jpg,2,Moderate,2,Moderate,True,0.9992478,1.3287531e-05,2.4055437e-06,0.9992478,0.00059586804,0.00014069655
20170427180154699.jpg,0,No DR,0,No DR,True,0.99907625,0.99907625,2.9370854e-05,0.0008788832,1.1021993e-05,4.504931e-06
007-3480-200.jpg,2,Moderate,2,Moderate,True,0.93597126,0.030501703,0.032000646,0.93597126,0.0013888844,0.00013758424
20170518092223117.jpg,2,Moderate,0,No DR,False,0.60588825,0.60588825,0.19954425,0.1943032,0.00020439993,5.9861868e-05
007-6767-400.jpg,4,Proliferative,4,Proliferative,True,0.9999813,1.4388334e-06,8.324431e-07,1.635764e-05,6.932683e-08,0.9999813
20170223114525878.jpg,0,No DR,0,No DR,True,0.996393,0.996393,0.0002874439,0.0033142096,2.9187945e-06,2.3487012e-06
007-2617-100.jpg,1,Mild,1,Mild,True,0.87889147,0.077035695,0.87889147,0.042946476,0.00010327231,0.001023031
007-3906-200.jpg,2,Moderate,1,Mild,False,0.6246707,0.014203639,0.6246707,0.35176134,0.0012737319,0.008090618
007-2327-100.jpg,2,Moderate,1,Mild,False,0.5773519,0.062217932,0.5773519,0.35900998,0.0010370003,0.000383208
007-0194-000.jpg,0,No DR,0,No DR,True,0.97897446,0.97897446,0.0007672737,0.020240143,6.9908615e-06,1.1189544e-05
007-5706-300.jpg,3,Severe,4,Proliferative,False,0.67733884,0.004352294,8.3911735e-05,0.31799752,0.00022736494,0.67733884
20170407225718912.jpg,0,No DR,0,No DR,True,0.99934775,0.99934775,8.892943e-05,0.0005478661,1.172153e-05,3.6492443e-06
007-1900-100.jpg,1,Mild,2,Moderate,False,0.9919978,0.0048351875,0.0030479515,0.9919978,7.2024224e-05,4.7051657e-05
20170429205459908.jpg,0,No DR,0,No DR,True,0.9978307,0.9978307,4.7040863e-05,0.0020553486,5.8175974e-05,8.674889e-06
20170327112658379.jpg,0,No DR,0,No DR,True,0.9995141,0.9995141,4.4769477e-06,0.00046325853,3.8758597e-07,1.7783621e-05
20170430191106662.jpg,0,No DR,0,No DR,True,0.9999746,0.9999746,1.3281333e-06,2.3812487e-05,9.1259125e-08,6.9300455e-08
20170413081228371.jpg,0,No DR,0,No DR,True,0.96892875,0.96892875,0.00062692846,0.030333217,1.712539e-05,9.3995826e-05
007-1252-000.jpg,0,No DR,0,No DR,True,0.7309241,0.7309241,0.18689682,0.08056491,0.0011196131,0.0004945852
007-1463-000.jpg,0,No DR,0,No DR,True,0.83787125,0.83787125,0.005785053,0.1557534,1.2135824e-05,0.00057824166
007-5588-300.jpg,2,Moderate,2,Moderate,True,0.5920604,0.13329676,0.1825998,0.5920604,0.0032676167,0.088775486
20170407231610478.jpg,0,No DR,0,No DR,True,0.99894613,0.99894613,2.7561839e-05,0.0010250964,7.190329e-07,5.7849576e-07
007-7245-400.jpg,4,Proliferative,4,Proliferative,True,0.94352645,0.000112519934,3.3015214e-05,0.054565266,0.0017627386,0.94352645
20170206090155113.jpg,0,No DR,0,No DR,True,0.6710825,0.6710825,0.00013937519,0.3287124,2.0362745e-06,6.36586e-05
20170327132740881.jpg,0,No DR,0,No DR,True,0.9515035,0.9515035,0.0057107983,0.042701416,5.310773e-05,3.1134558e-05
007-6374-400.jpg,4,Proliferative,4,Proliferative,True,0.9955765,0.00054157333,0.0016777825,0.0021273769,7.6863835e-05,0.9955765
007-3502-200.jpg,2,Moderate,2,Moderate,True,0.9836705,0.0025874837,0.013419816,0.9836705,1.831753e-05,0.00030386398
007-0651-000.jpg,2,Moderate,0,No DR,False,0.9276908,0.9276908,0.012865446,0.05849659,4.5287812e-05,0.00090188906
20170324074536077.jpg,0,No DR,0,No DR,True,0.97297543,0.97297543,0.0067979745,0.020201474,5.1809507e-06,1.9938081e-05
007-2512-100.jpg,0,No DR,1,Mild,False,0.9652794,0.01911543,0.9652794,0.015377537,4.6266177e-07,0.00022722896
20170427083333838.jpg,0,No DR,0,No DR,True,0.99931204,0.99931204,4.1053763e-06,0.0006753125,1.1660688e-06,7.3785864e-06
007-0271-000.jpg,0,No DR,0,No DR,True,0.9959913,0.9959913,5.157849e-05,0.003922983,2.4102572e-05,1.01334e-05
20170413112528859.jpg,0,No DR,2,Moderate,False,0.5347975,0.362174,0.09736893,0.5347975,0.0025804772,0.0030790912
007-1133-000.jpg,0,No DR,0,No DR,True,0.8710049,0.8710049,0.06580525,0.06225229,0.00037985342,0.00055769004
007-4654-200.jpg,2,Moderate,2,Moderate,True,0.99821943,0.0007163875,1.1471247e-06,0.99821943,1.6173951e-06,0.0010614443
007-5390-300.jpg,2,Moderate,2,Moderate,True,0.99857783,0.00010007037,1.7601318e-05,0.99857783,0.001203778,0.00010077427
20170427084825832.jpg,0,No DR,0,No DR,True,0.96254635,0.96254635,0.002244533,0.03519584,3.6924393e-06,9.694163e-06
007-0355-000.jpg,0,No DR,0,No DR,True,0.9995005,0.9995005,9.775116e-05,0.00039907373,1.2951838e-06,1.3848423e-06
007-1892-100.jpg,0,No DR,0,No DR,True,0.6361752,0.6361752,0.0077942726,0.35552418,0.00017420821,0.00033218032
007-1047-000.jpg,1,Mild,0,No DR,False,0.94997025,0.94997025,0.021454781,0.028505031,2.5434292e-05,4.4415807e-05
007-1160-000.jpg,0,No DR,2,Moderate,False,0.63794243,0.35128987,0.005913539,0.63794243,0.0005722311,0.004281975
20170221182209349.jpg,0,No DR,0,No DR,True,0.9985625,0.9985625,0.001117769,0.00031851282,8.68154e-08,1.0541671e-06
007-3476-200.jpg,2,Moderate,2,Moderate,True,0.9279415,0.00069224497,0.011974678,0.9279415,0.057785477,0.0016060409
20170324103451027.jpg,0,No DR,0,No DR,True,0.99955434,0.99955434,3.2247947e-06,0.0004415307,3.9344792e-07,6.397665e-07
007-2041-100.jpg,1,Mild,1,Mild,True,0.9999989,7.001078e-07,0.9999989,4.2339502e-07,1.2433575e-09,2.6751476e-10
007-1608-000.jpg,0,No DR,0,No DR,True,0.90319717,0.90319717,0.012060758,0.084473394,0.00013926772,0.00012940637
20170428112733694.jpg,0,No DR,0,No DR,True,0.95502126,0.95502126,0.03441507,0.010475721,6.548502e-05,2.2574004e-05
20170409201713241.jpg,0,No DR,0,No DR,True,0.8929633,0.8929633,0.05504069,0.05111718,2.131849e-05,0.00085751904
007-2099-100.jpg,2,Moderate,2,Moderate,True,0.42060488,0.19398749,0.38473096,0.42060488,0.00013212276,0.00054456556
20170411095212766.jpg,0,No DR,0,No DR,True,0.92051023,0.92051023,0.027216583,0.052099105,6.176206e-05,0.00011223711
007-6387-400.jpg,4,Proliferative,2,Moderate,False,0.9710896,0.00021152168,3.1780048e-05,0.9710896,0.0013089726,0.027358076
20170324112903585.jpg,0,No DR,0,No DR,True,0.9965713,0.9965713,0.00075778674,0.0026665763,1.3459519e-06,2.9487778e-06
007-6290-400.jpg,4,Proliferative,4,Proliferative,True,0.9998385,0.00010015601,9.424892e-06,3.8317692e-05,1.36809895e-05,0.9998385
007-6653-400.jpg,4,Proliferative,4,Proliferative,True,0.979456,0.000118151016,6.480913e-05,0.020353178,7.862389e-06,0.979456
20170418085547338.jpg,0,No DR,0,No DR,True,0.7734162,0.7734162,0.047264777,0.1789008,8.908879e-05,0.00032912265
20170222150127823.jpg,0,No DR,0,No DR,True,0.9796696,0.9796696,0.00063072745,0.018669462,0.000388458,0.0006417894
007-7169-400.jpg,4,Proliferative,4,Proliferative,True,0.9995401,0.00012677432,3.288491e-05,0.0001607462,0.00013948182,0.9995401
007-0138-000.jpg,0,No DR,0,No DR,True,0.9894321,0.9894321,0.00016675207,0.010393192,8.6488535e-07,7.0674396e-06
20170213140105432.jpg,0,No DR,0,No DR,True,0.99510515,0.99510515,0.0003705619,0.004462883,4.6234622e-06,5.6659916e-05
007-5022-300.jpg,2,Moderate,2,Moderate,True,0.6472658,0.33891824,0.012358433,0.6472658,0.0003865223,0.0010710831
007-5166-300.jpg,2,Moderate,2,Moderate,True,0.9990477,8.51874e-05,0.00032608552,0.9990477,1.8551613e-05,0.000522403
20170324081122857.jpg,0,No DR,0,No DR,True,0.98654824,0.98654824,0.00014790546,0.013173742,0.00010393189,2.6229774e-05
007-6345-400.jpg,4,Proliferative,1,Mild,False,0.41244182,0.39905894,0.41244182,0.17232446,0.00013302678,0.016041782
007-7019-400.jpg,4,Proliferative,4,Proliferative,True,0.96586686,3.0260522e-05,0.00028253035,0.009807482,0.024012722,0.96586686
20170426134053910.jpg,0,No DR,2,Moderate,False,0.9025357,0.049110755,0.044388235,0.9025357,0.003439558,0.0005257713
007-3707-200.jpg,3,Severe,2,Moderate,False,0.92958784,0.019480485,0.023875406,0.92958784,0.026051294,0.0010049932
007-1208-000.jpg,0,No DR,0,No DR,True,0.93470967,0.93470967,0.015907211,0.049321663,8.731961e-06,5.269613e-05
007-4741-200.jpg,2,Moderate,2,Moderate,True,0.9981476,6.53183e-05,0.00050644984,0.9981476,0.0007757044,0.0005050515
20170328110810910.jpg,0,No DR,0,No DR,True,0.96485615,0.96485615,0.0014984899,0.03361273,2.4062352e-05,8.653579e-06
007-7909-601.jpg,0,No DR,0,No DR,True,0.9505342,0.9505342,0.002160544,0.046688672,7.724457e-05,0.00053929724
007-6435-400.jpg,4,Proliferative,2,Moderate,False,0.60769695,0.17571762,0.008502243,0.60769695,0.0065732272,0.20150991
20170430201146788.jpg,0,No DR,0,No DR,True,0.9900175,0.9900175,0.00044548023,0.009520486,8.517517e-06,8.011745e-06
20170622194345227.jpg,2,Moderate,0,No DR,False,0.686151,0.686151,0.025028637,0.28849933,0.00019788483,0.00012318803
007-6839-400.jpg,4,Proliferative,4,Proliferative,True,0.99978787,3.4248985e-06,3.6743445e-06,0.00019745513,7.5046455e-06,0.99978787
007-3174-100.jpg,1,Mild,1,Mild,True,0.6840414,0.15783459,0.6840414,0.15370068,0.002179796,0.0022435128
20170629195829257.jpg,2,Moderate,0,No DR,False,0.72644836,0.72644836,0.00070211536,0.27250805,0.00031783606,2.3639761e-05
20170412085139692.jpg,0,No DR,1,Mild,False,0.8169794,0.06744337,0.8169794,0.11546772,0.00010238171,7.151026e-06
007-6359-400.jpg,4,Proliferative,4,Proliferative,True,0.9999982,1.7243954e-07,3.3759574e-07,9.1950614e-07,3.5773704e-07,0.9999982
20170430201123607.jpg,0,No DR,0,No DR,True,0.999907,0.999907,2.4539484e-05,6.8457346e-05,3.5598838e-08,3.130115e-08
20170429224633848.jpg,0,No DR,0,No DR,True,0.99984014,0.99984014,3.4065877e-06,0.0001478209,2.5440006e-06,6.054856e-06
007-0607-000.jpg,0,No DR,0,No DR,True,0.96451765,0.96451765,0.0010108226,0.034460243,8.770812e-06,2.4553199e-06
007-3053-100.jpg,0,No DR,2,Moderate,False,0.61551803,0.38300738,0.0006799908,0.61551803,0.00059403,0.00020061873
007-5482-300.jpg,3,Severe,2,Moderate,False,0.8212835,0.16492206,0.008976685,0.8212835,0.0011058098,0.0037119004
007-3486-200.jpg,2,Moderate,2,Moderate,True,0.9908069,2.928836e-05,0.00011108018,0.9908069,1.0056436e-05,0.009042657
007-2972-100.jpg,0,No DR,0,No DR,True,0.69021344,0.69021344,0.008265371,0.3010442,3.7623722e-05,0.0004393064
20170424162044012.jpg,0,No DR,0,No DR,True,0.9721881,0.9721881,0.005175915,0.02254819,1.7836983e-05,6.9865855e-05
007-3419-200.jpg,2,Moderate,2,Moderate,True,0.6805283,0.006376178,0.008669584,0.6805283,0.28077278,0.02365316
007-2678-100.jpg,2,Moderate,2,Moderate,True,0.9916781,0.0031106928,0.0011298655,0.9916781,0.003289417,0.00079195335
20170413162943058.jpg,0,No DR,0,No DR,True,0.9861152,0.9861152,0.00484791,0.00902998,1.4318132e-06,5.463075e-06
007-7631-601.jpg,2,Moderate,2,Moderate,True,0.5994763,0.0070617413,3.8882936e-05,0.5994763,0.00018189399,0.39324126
20170429202215267.jpg,0,No DR,0,No DR,True,0.99964917,0.99964917,9.180258e-06,0.00032163959,3.3673994e-06,1.6715803e-05
007-5583-300.jpg,2,Moderate,2,Moderate,True,0.990185,0.0067483103,0.0029097549,0.990185,5.1793762e-05,0.000105019935
007-0327-000.jpg,0,No DR,0,No DR,True,0.9986676,0.9986676,0.00065594696,0.00067091885,3.9351844e-06,1.5264283e-06
007-0491-000.jpg,0,No DR,1,Mild,False,0.9140756,0.079208106,0.9140756,0.0064956183,5.3500635e-06,0.0002153699
20170223171925324.jpg,0,No DR,0,No DR,True,0.9958236,0.9958236,0.00063495827,0.003440552,6.416399e-05,3.6837217e-05
007-4267-200.jpg,2,Moderate,2,Moderate,True,0.7144564,0.07449204,0.20396537,0.7144564,0.0044720154,0.002614164
20170216092815706.jpg,0,No DR,0,No DR,True,0.93288654,0.93288654,0.027795753,0.03906742,3.1441425e-05,0.00021885033
007-2023-100.jpg,2,Moderate,1,Mild,False,0.92175364,0.004704183,0.92175364,0.07345543,1.173051e-05,7.498235e-05
007-1952-100.jpg,2,Moderate,2,Moderate,True,0.88881946,0.019042585,0.07301579,0.88881946,0.019073363,4.8823964e-05
007-8171-601.jpg,2,Moderate,2,Moderate,True,0.6287623,0.0013993717,9.863439e-06,0.6287623,3.060966e-05,0.36979792
007-0195-000.jpg,0,No DR,0,No DR,True,0.9253729,0.9253729,0.040315486,0.03409881,7.3956784e-05,0.00013889106
007-2848-100.jpg,1,Mild,0,No DR,False,0.510427,0.510427,0.020109406,0.46402708,0.005098913,0.0003375906
007-1620-000.jpg,0,No DR,1,Mild,False,0.6394768,0.28856868,0.6394768,0.071126565,0.0005994472,0.00022841999
007-1815-100.jpg,2,Moderate,2,Moderate,True,0.98330057,0.0042802845,0.004928579,0.98330057,0.0073534986,0.00013714176
007-7018-400.jpg,4,Proliferative,4,Proliferative,True,0.99663097,6.5728914e-06,2.0218251e-06,0.00083060015,0.0025298847,0.99663097
007-6015-300.jpg,2,Moderate,2,Moderate,True,0.9997682,2.9849425e-05,8.647528e-05,0.9997682,2.9618433e-05,8.588452e-05
20170502092651558.jpg,2,Moderate,0,No DR,False,0.4779186,0.4779186,0.35849997,0.16182286,0.00015498744,0.0016036122
20170221102343670.jpg,0,No DR,0,No DR,True,0.93357444,0.93357444,0.052377842,0.014022954,1.3630524e-05,1.11265435e-05
007-6563-400.jpg,4,Proliferative,4,Proliferative,True,0.9999713,1.8856503e-05,4.033494e-06,5.7132006e-06,9.7577e-08,0.9999713
20170511191633744.jpg,2,Moderate,0,No DR,False,0.8251497,0.8251497,0.10257525,0.06768062,0.0010424071,0.0035521172
007-3472-200.jpg,2,Moderate,2,Moderate,True,0.99417394,1.5724722e-06,5.0624126e-06,0.99417394,9.372586e-06,0.005810069
007-0149-000.jpg,0,No DR,0,No DR,True,0.99049884,0.99049884,1.1846189e-05,0.009488525,1.2928896e-07,6.8489356e-07
007-1258-000.jpg,0,No DR,0,No DR,True,0.9981647,0.9981647,0.0008609847,0.00096445903,1.285738e-06,8.510541e-06
007-4431-200.jpg,2,Moderate,2,Moderate,True,0.95180625,0.006628283,9.489271e-06,0.95180625,4.5917164e-07,0.041555565
007-0225-000.jpg,0,No DR,0,No DR,True,0.96820486,0.96820486,0.010076559,0.021569077,2.6284104e-05,0.0001232631
20170407155054318.jpg,0,No DR,0,No DR,True,0.9516477,0.9516477,0.04263028,0.0057150912,3.8676894e-06,2.921223e-06
20170328094455218.jpg,0,No DR,0,No DR,True,0.99781185,0.99781185,1.3243785e-05,0.0018147819,1.7342535e-06,0.0003583341
007-4534-200.jpg,2,Moderate,2,Moderate,True,0.99788195,0.000176109,6.0480365e-06,0.99788195,2.1150345e-05,0.0019147331
007-3219-100.jpg,2,Moderate,0,No DR,False,0.57670194,0.57670194,0.005388104,0.39022145,0.0011515754,0.026536966
20170410153215997.jpg,0,No DR,0,No DR,True,0.9974094,0.9974094,0.002353941,0.00023651075,1.0715445e-08,7.3359445e-08
20170421173701466.jpg,0,No DR,0,No DR,True,0.95028794,0.95028794,0.038570624,0.011100905,8.535284e-06,3.1986398e-05
007-5441-300.jpg,2,Moderate,3,Severe,False,0.7175141,0.0015851557,0.0016698148,0.27857623,0.7175141,0.00065471634
007-0707-000.jpg,0,No DR,0,No DR,True,0.5215423,0.5215423,0.075798824,0.39970794,0.0024680065,0.00048280568
007-4615-200.jpg,2,Moderate,2,Moderate,True,0.9880465,0.004026152,5.268345e-05,0.9880465,4.8330436e-05,0.00782622
20170518140513017.jpg,2,Moderate,2,Moderate,True,0.9841307,0.013229173,0.00021566475,0.9841307,0.0005919702,0.0018325736
007-4948-300.jpg,2,Moderate,2,Moderate,True,0.93379474,0.028739637,0.03722424,0.93379474,0.00013916778,0.00010216738
007-2846-100.jpg,1,Mild,2,Moderate,False,0.83577436,0.15985198,0.0026622931,0.83577436,0.001409627,0.0003016621
20170410120320427.jpg,0,No DR,0,No DR,True,0.9507405,0.9507405,0.0016336676,0.047502942,5.3787528e-05,6.905942e-05
007-0628-000.jpg,0,No DR,0,No DR,True,0.49570027,0.49570027,0.19466746,0.30296212,0.0019181583,0.004752006
20170429205809104.jpg,0,No DR,0,No DR,True,0.98917097,0.98917097,2.5356907e-05,0.010797604,3.0677397e-06,3.0464278e-06
007-4460-200.jpg,2,Moderate,2,Moderate,True,0.99527633,0.004481029,2.1869824e-05,0.99527633,2.715047e-05,0.00019367765
20170429222421625.jpg,0,No DR,0,No DR,True,0.99688715,0.99688715,6.243692e-05,0.0029950154,4.3197557e-05,1.2247726e-05
20170429212410445.jpg,0,No DR,0,No DR,True,0.99908245,0.99908245,0.000611258,0.0003059283,1.3017193e-07,2.1084323e-07
007-6395-400.jpg,4,Proliferative,4,Proliferative,True,0.5402012,0.0012203896,3.81173e-05,0.4564115,0.00212878,0.5402012
007-6193-300.jpg,2,Moderate,2,Moderate,True,0.99837226,0.001270617,4.0574774e-05,0.99837226,0.0002839853,3.254124e-05
007-5663-300.jpg,2,Moderate,2,Moderate,True,0.9763421,0.01932485,1.5529215e-05,0.9763421,3.8707374e-05,0.0042788954
007-6529-400.jpg,4,Proliferative,2,Moderate,False,0.995481,0.00036536457,3.0859962e-06,0.995481,2.8319773e-06,0.004147622
007-0096-000.jpg,1,Mild,2,Moderate,False,0.7913603,0.008547791,0.1997554,0.7913603,0.000218577,0.00011790368
20170522102550409.jpg,2,Moderate,2,Moderate,True,0.9773532,0.015930943,0.0027841975,0.9773532,0.0018995515,0.002032076
007-2201-100.jpg,1,Mild,2,Moderate,False,0.9899776,0.0044556726,0.0044942778,0.9899776,0.0010202468,5.208384e-05
007-0272-000.jpg,0,No DR,0,No DR,True,0.8357608,0.8357608,0.0807881,0.080425315,0.0027199346,0.00030588382
007-6352-400.jpg,4,Proliferative,4,Proliferative,True,0.99284065,0.00067610637,3.96944e-05,0.0063460525,9.754142e-05,0.99284065
007-4049-200.jpg,2,Moderate,2,Moderate,True,0.7311342,0.2223773,0.045025703,0.7311342,0.0003834685,0.0010793458
20170210165326134.jpg,0,No DR,2,Moderate,False,0.6473089,0.34002107,0.011819265,0.6473089,0.00070079236,0.00014998854
007-4530-200.jpg,2,Moderate,2,Moderate,True,0.99956566,3.0146148e-06,0.00011990303,0.99956566,0.00029664626,1.4750371e-05
007-6532-400.jpg,4,Proliferative,4,Proliferative,True,0.99757165,0.00024104113,0.00014716937,0.002039565,5.785169e-07,0.99757165
007-6619-400.jpg,4,Proliferative,4,Proliferative,True,0.5106773,0.00024104714,0.00023505451,0.031213446,0.45763308,0.5106773
007-6287-400.jpg,4,Proliferative,4,Proliferative,True,0.99997866,2.59369e-06,2.2914285e-06,5.232691e-06,1.1178053e-05,0.99997866
20170126094308451.jpg,0,No DR,0,No DR,True,0.99717194,0.99717194,9.048959e-05,0.0025175775,3.6627423e-06,0.00021639983
007-0350-000.jpg,0,No DR,0,No DR,True,0.9848049,0.9848049,0.0008022186,0.014240843,6.477834e-07,0.0001513176
007-5914-300.jpg,2,Moderate,4,Proliferative,False,0.70387226,0.03251342,0.00012614469,0.26334804,0.00014014279,0.70387226
20170316102810593.jpg,0,No DR,0,No DR,True,0.98857355,0.98857355,0.0024449,0.008957648,1.1594461e-05,1.2313658e-05
007-3835-200.jpg,2,Moderate,2,Moderate,True,0.99048376,8.577686e-07,2.0106894e-09,0.99048376,1.2505485e-07,0.009515224
007-0360-000.jpg,0,No DR,0,No DR,True,0.9979152,0.9979152,0.0016429829,0.00044149722,7.5648984e-08,2.650857e-07
007-4712-200.jpg,2,Moderate,0,No DR,False,0.9655465,0.9655465,0.009577118,0.02460857,2.0121268e-05,0.00024768364
20170622105116686.jpg,2,Moderate,0,No DR,False,0.9786524,0.9786524,0.011222846,0.010121355,2.0842263e-06,1.3158884e-06
007-5666-300.jpg,2,Moderate,2,Moderate,True,0.7597018,0.23001103,0.008957892,0.7597018,0.00063992,0.0006893774
20170214215839563.jpg,0,No DR,0,No DR,True,0.77280533,0.77280533,0.215985,0.011183753,8.0396085e-06,1.786193e-05
20170227155723751.jpg,0,No DR,0,No DR,True,0.84283435,0.84283435,0.00075917464,0.15628086,9.481202e-05,3.0776762e-05
20170217170801835.jpg,0,No DR,0,No DR,True,0.9998597,0.9998597,9.2415075e-06,0.00013085562,5.8317164e-09,6.8192456e-08
20170417141233190.jpg,0,No DR,0,No DR,True,0.98912126,0.98912126,0.0019496151,0.008917547,4.3381146e-06,7.1672466e-06
007-5586-300.jpg,2,Moderate,2,Moderate,True,0.909853,6.0975213e-05,6.5511435e-05,0.909853,0.086076334,0.0039442442
007-3814-200.jpg,2,Moderate,2,Moderate,True,0.9999765,1.4727858e-06,1.15253584e-07,0.9999765,1.2099016e-05,9.7974935e-06
007-2089-100.jpg,2,Moderate,2,Moderate,True,0.96164364,0.037170745,0.00087337685,0.96164364,0.00021270796,9.953927e-05
20170429212734086.jpg,0,No DR,0,No DR,True,0.99967575,0.99967575,3.2543555e-06,0.00031888983,2.6773006e-07,1.8140271e-06
007-5906-300.jpg,2,Moderate,2,Moderate,True,0.99186456,0.0072057517,0.00045839077,0.99186456,0.00043809734,3.3245196e-05
20170407203619163.jpg,0,No DR,0,No DR,True,0.66426843,0.66426843,0.09595981,0.2390204,0.00037548112,0.00037588223
20170120141618402.jpg,0,No DR,0,No DR,True,0.9995115,0.9995115,1.7494941e-06,0.00014785478,0.00011277231,0.00022612451
007-0184-000.jpg,0,No DR,0,No DR,True,0.69587934,0.69587934,0.052108612,0.25150996,8.871982e-05,0.00041334933
20170122105713241.jpg,0,No DR,0,No DR,True,0.768443,0.768443,0.16434728,0.065297484,0.0014000981,0.00051216804
20170406084303834.jpg,0,No DR,2,Moderate,False,0.9974304,0.0024040993,3.320485e-05,0.9974304,0.00012339439,8.926095e-06
20170214144812293.jpg,0,No DR,0,No DR,True,0.97126085,0.97126085,0.0066432073,0.022080394,6.4821115e-06,9.1622505e-06
007-6430-400.jpg,4,Proliferative,4,Proliferative,True,0.9996898,9.553981e-05,3.301541e-05,6.825051e-05,0.00011330194,0.9996898
20170429205725019.jpg,0,No DR,0,No DR,True,0.9999274,0.9999274,7.875747e-06,6.2472245e-05,1.8209238e-06,5.1716336e-07
20170418083047694.jpg,0,No DR,0,No DR,True,0.9906104,0.9906104,0.0066287974,0.0027450656,1.002368e-05,5.6140307e-06
20170208172320643.jpg,0,No DR,0,No DR,True,0.9457769,0.9457769,0.033868425,0.020336729,3.9879415e-06,1.398176e-05
20170427184442451.jpg,0,No DR,0,No DR,True,0.99962664,0.99962664,6.280118e-05,0.00030972259,1.6297815e-07,7.037914e-07
007-2942-100.jpg,0,No DR,0,No DR,True,0.93562853,0.93562853,0.015709376,0.04837435,4.520802e-05,0.0002425186
007-5735-300.jpg,2,Moderate,2,Moderate,True,0.99965847,8.366888e-05,3.1666261e-06,0.99965847,2.3383811e-05,0.00023134127
007-6168-300.jpg,2,Moderate,2,Moderate,True,0.9978307,0.00014370226,0.0018974199,0.9978307,3.4548553e-05,9.356077e-05
20170417113118732.jpg,0,No DR,0,No DR,True,0.9638915,0.9638915,0.001482236,0.034195937,0.00028533704,0.00014499477
20170427203106149.jpg,0,No DR,0,No DR,True,0.999577,0.999577,4.4628785e-05,0.00034025856,3.7299345e-05,6.943194e-07
007-7676-601.jpg,0,No DR,0,No DR,True,0.81019324,0.81019324,0.0019567083,0.18777843,3.917089e-06,6.769947e-05
007-0024-000.jpg,0,No DR,0,No DR,True,0.79951596,0.79951596,0.0014109226,0.198971,6.6671455e-05,3.5446512e-05
007-3126-100.jpg,2,Moderate,0,No DR,False,0.92619336,0.92619336,0.031349286,0.018568074,6.5853515e-06,0.023882601
20170608195844549.jpg,2,Moderate,0,No DR,False,0.76252764,0.76252764,0.004361873,0.228369,0.00035182605,0.0043896236
007-4124-200.jpg,2,Moderate,2,Moderate,True,0.99883276,0.00026665296,0.0006042673,0.99883276,0.00011167805,0.00018457253
007-1104-000.jpg,0,No DR,0,No DR,True,0.9966101,0.9966101,0.0017690718,0.0016067707,1.8601005e-06,1.2264798e-05
007-3663-200.jpg,2,Moderate,2,Moderate,True,0.9983897,0.0011921768,1.6628166e-05,0.9983897,6.9955146e-05,0.00033156262
007-4690-200.jpg,2,Moderate,2,Moderate,True,0.9924621,0.0022568952,0.00095315604,0.9924621,4.2178624e-05,0.004285647
20170429193601147.jpg,0,No DR,0,No DR,True,0.6268289,0.6268289,0.00074457994,0.3712291,0.0011297115,6.766946e-05
007-2925-100.jpg,2,Moderate,2,Moderate,True,0.99988866,6.83911e-05,3.542559e-05,0.99988866,8.491845e-07,6.7109977e-06
20170206181936039.jpg,0,No DR,0,No DR,True,0.8878662,0.8878662,0.040072903,0.07125424,0.0006497112,0.00015696695
007-0818-000.jpg,0,No DR,0,No DR,True,0.9240833,0.9240833,0.045573518,0.027191985,0.00028722433,0.0028640225
20170330082321518.jpg,0,No DR,0,No DR,True,0.9783983,0.9783983,0.0013404145,0.020219937,2.7633121e-05,1.3737733e-05
007-2626-100.jpg,1,Mild,0,No DR,False,0.8565851,0.8565851,0.004970323,0.13822496,0.00015165034,6.802549e-05
20170511082348044.jpg,2,Moderate,2,Moderate,True,0.8138784,7.9089885e-05,4.367196e-05,0.8138784,0.16661653,0.019382372
20170430141128099.jpg,0,No DR,2,Moderate,False,0.5336617,0.4039044,0.044725493,0.5336617,0.010902033,0.006806354
007-1626-000.jpg,0,No DR,0,No DR,True,0.54965657,0.54965657,0.011958405,0.43751776,0.0005479205,0.00031927935
20170228164926158.jpg,0,No DR,0,No DR,True,0.94882923,0.94882923,0.0027554554,0.047945376,4.9124767e-05,0.00042085594
007-5913-300.jpg,2,Moderate,2,Moderate,True,0.9763432,0.0015829147,8.843322e-06,0.9763432,2.6495234e-05,0.022038452
007-1213-000.jpg,0,No DR,0,No DR,True,0.7958855,0.7958855,0.06948924,0.13390888,0.0005777203,0.00013860237
20170524182857618.jpg,2,Moderate,2,Moderate,True,0.995602,0.0003816714,2.9979637e-05,0.995602,0.0037895774,0.00019675054
007-7101-400.jpg,2,Moderate,2,Moderate,True,0.99888283,0.0002427381,9.094778e-06,0.99888283,9.04196e-07,0.0008644354
20170120222606174.jpg,0,No DR,0,No DR,True,0.9856483,0.9856483,0.0021296204,0.01220836,7.1692966e-06,6.6078032e-06
007-0410-000.jpg,0,No DR,0,No DR,True,0.9935922,0.9935922,0.0015842798,0.0048178574,3.127232e-06,2.5418155e-06
007-4667-200.jpg,2,Moderate,2,Moderate,True,0.9924784,0.0005979476,0.00042883548,0.9924784,0.0060398057,0.00045500524
007-3432-200.jpg,2,Moderate,2,Moderate,True,0.7696187,0.0024888946,0.22781447,0.7696187,5.7930592e-05,2.008482e-05
007-3911-200.jpg,2,Moderate,2,Moderate,True,0.99461347,7.135015e-05,0.00010569637,0.99461347,0.0051902253,1.9272009e-05
007-2733-100.jpg,1,Mild,2,Moderate,False,0.40417737,0.29737553,0.2898821,0.40417737,0.0044235354,0.0041414266
007-3052-100.jpg,1,Mild,2,Moderate,False,0.7568296,0.23388262,0.007905574,0.7568296,0.0007097416,0.00067239424
007-1776-100.jpg,1,Mild,2,Moderate,False,0.97771966,0.004905923,0.00061909866,0.97771966,1.5694199e-05,0.016739633
20170429203022148.jpg,0,No DR,0,No DR,True,0.96149945,0.96149945,0.001009878,0.036943432,0.0001580182,0.0003892103
007-3993-200.jpg,2,Moderate,2,Moderate,True,0.9828628,0.01417756,0.0011160764,0.9828628,9.8304925e-05,0.0017452323
007-7252-400.jpg,4,Proliferative,4,Proliferative,True,0.99996376,6.064285e-06,1.1739414e-06,2.5674064e-05,3.3763936e-06,0.99996376
20170323085245456.jpg,0,No DR,0,No DR,True,0.99974257,0.99974257,9.114065e-06,0.00024718154,1.18899386e-07,1.0148075e-06
007-5760-300.jpg,2,Moderate,2,Moderate,True,0.999529,6.041458e-05,0.0002757136,0.999529,6.906652e-05,6.58001e-05
007-6393-400.jpg,4,Proliferative,4,Proliferative,True,0.9442863,0.04193145,0.0052321544,0.008546888,3.1870509e-06,0.9442863
007-3799-200.jpg,2,Moderate,2,Moderate,True,0.9933289,6.666754e-06,5.679858e-06,0.9933289,0.0013887907,0.005269986
20170330222014438.jpg,0,No DR,0,No DR,True,0.8774064,0.8774064,0.016337056,0.10526101,0.0004728702,0.00052266737
20170417102028484.jpg,0,No DR,0,No DR,True,0.9821092,0.9821092,0.0022552044,0.015303738,1.0172441e-05,0.00032161328
20170405085531228.jpg,0,No DR,0,No DR,True,0.7809236,0.7809236,0.12352311,0.09417397,0.0010415085,0.00033779567
007-4059-200.jpg,2,Moderate,2,Moderate,True,0.9768117,0.021057306,0.00012067974,0.9768117,7.8208745e-05,0.0019321329
007-0103-000.jpg,0,No DR,0,No DR,True,0.62241936,0.62241936,0.0012396266,0.37520725,1.9494837e-05,0.0011143405
007-0368-000.jpg,0,No DR,0,No DR,True,0.9958001,0.9958001,0.0018105272,0.0023550598,1.1876796e-06,3.306545e-05
20170428094434319.jpg,0,No DR,0,No DR,True,0.995909,0.995909,0.003238784,0.0008386098,1.0302103e-05,3.3203453e-06
20170327102430632.jpg,0,No DR,0,No DR,True,0.9976502,0.9976502,7.68776e-05,0.0018868995,9.361327e-05,0.0002923425
007-0273-000.jpg,0,No DR,0,No DR,True,0.9994186,0.9994186,2.5607556e-05,0.00055382575,1.2349424e-06,7.731891e-07
20170224212715579.jpg,0,No DR,1,Mild,False,0.6602503,0.15856619,0.6602503,0.17077659,0.010162147,0.00024475515
007-2768-100.jpg,1,Mild,2,Moderate,False,0.94311756,0.033812575,0.016322484,0.94311756,0.003948061,0.0027993831
20170620091948888.jpg,2,Moderate,2,Moderate,True,0.9989415,0.0010430418,3.2399207e-06,0.9989415,1.8713456e-06,1.0406061e-05
007-1593-000.jpg,0,No DR,0,No DR,True,0.6581863,0.6581863,0.2564308,0.084567755,0.0005753219,0.00023985271
20170418112220980.jpg,0,No DR,0,No DR,True,0.8595789,0.8595789,0.031845782,0.09836466,0.00076764374,0.009442964
20170429213053184.jpg,0,No DR,0,No DR,True,0.98195535,0.98195535,0.007742996,0.010175229,3.3262975e-05,9.30077e-05
007-1766-100.jpg,2,Moderate,1,Mild,False,0.5031416,0.0823098,0.5031416,0.31850946,0.0887989,0.0072402856
007-5778-300.jpg,2,Moderate,2,Moderate,True,0.9735309,0.014519983,0.010384017,0.9735309,0.0002968814,0.0012682526
007-0345-000.jpg,0,No DR,0,No DR,True,0.99824655,0.99824655,2.3418512e-05,0.0017292406,6.736463e-08,8.801641e-07
20170208095718487.jpg,0,No DR,0,No DR,True,0.9964765,0.9964765,0.00091435015,0.0025998186,5.219574e-06,4.1618678e-06
007-2797-100.jpg,2,Moderate,2,Moderate,True,0.8457917,0.12471102,0.0106489165,0.8457917,0.017869608,0.0009787243
007-6068-300.jpg,2,Moderate,2,Moderate,True,0.99944025,0.00050955894,3.0392887e-06,0.99944025,4.2932046e-05,4.1863973e-06
007-7875-601.jpg,0,No DR,0,No DR,True,0.9985556,0.9985556,0.0008844446,0.0005583543,1.3685545e-08,1.5589935e-06
007-5933-300.jpg,3,Severe,3,Severe,True,0.9867726,5.3666063e-05,7.1550303e-06,0.012950176,0.9867726,0.00021634478
007-6273-300.jpg,2,Moderate,2,Moderate,True,0.8023231,0.0030322555,0.0050452454,0.8023231,0.18925416,0.0003452524
007-5424-300.jpg,2,Moderate,2,Moderate,True,0.93591607,0.055079315,0.0053811604,0.93591607,0.00047307916,0.003150499
007-5346-300.jpg,2,Moderate,2,Moderate,True,0.9737974,3.2706335e-05,0.00037503167,0.9737974,0.025480174,0.00031469055
007-5262-300.jpg,2,Moderate,2,Moderate,True,0.7391212,0.258836,0.0015047366,0.7391212,5.1224964e-05,0.00048692105
007-3469-200.jpg,2,Moderate,2,Moderate,True,0.99072343,0.0017724516,0.0029890162,0.99072343,0.0040558977,0.00045928912
007-7508-601.jpg,0,No DR,0,No DR,True,0.87581646,0.87581646,0.0003261444,0.1213721,3.9941183e-06,0.0024813376
20170227235507961.jpg,0,No DR,0,No DR,True,0.96344924,0.96344924,0.00028976903,0.0362123,3.5452373e-05,1.3172173e-05
007-6106-300.jpg,2,Moderate,2,Moderate,True,0.99946517,3.3630622e-05,2.1327126e-06,0.99946517,0.00017332697,0.00032565856
007-1215-000.jpg,0,No DR,0,No DR,True,0.6536573,0.6536573,0.28894866,0.05717004,4.9555154e-05,0.00017437708
007-5104-300.jpg,2,Moderate,2,Moderate,True,0.9988655,6.5248874e-05,2.8060434e-05,0.9988655,0.0007568179,0.00028435385
007-3275-100.jpg,1,Mild,0,No DR,False,0.81990445,0.81990445,0.03247558,0.1360081,8.979135e-05,0.011522146
20170408211306958.jpg,0,No DR,0,No DR,True,0.6860979,0.6860979,0.0056347973,0.3058364,0.002398718,3.216044e-05
007-0258-000.jpg,0,No DR,0,No DR,True,0.99176615,0.99176615,0.00076413795,0.0074052163,4.339185e-05,2.116848e-05
007-1333-000.jpg,0,No DR,0,No DR,True,0.95532894,0.95532894,0.0011467922,0.038033064,1.1677299e-05,0.0054795872
20170413085306463.jpg,0,No DR,0,No DR,True,0.98988825,0.98988825,0.001783992,0.008325994,7.002475e-07,1.07748e-06
007-5516-300.jpg,2,Moderate,2,Moderate,True,0.9762601,0.00931493,0.009916297,0.9762601,0.00013264478,0.0043760575
20170224160317500.jpg,0,No DR,0,No DR,True,0.8968304,0.8968304,0.00041891707,0.10271161,2.2193724e-05,1.6874228e-05
007-0573-000.jpg,0,No DR,0,No DR,True,0.9976192,0.9976192,0.00045291265,0.001923484,1.1722617e-06,3.1528245e-06
20170226214722834.jpg,0,No DR,0,No DR,True,0.9429711,0.9429711,0.00538768,0.050856818,0.0005706812,0.00021369473
20170429212025437.jpg,0,No DR,0,No DR,True,0.9979723,0.9979723,0.00020950408,0.0016597431,0.00010598667,5.2425992e-05
007-4339-200.jpg,2,Moderate,4,Proliferative,False,0.6829054,0.021930916,0.14137486,0.15336786,0.00042094025,0.6829054
20170221195941545.jpg,0,No DR,0,No DR,True,0.9938167,0.9938167,0.00037934678,0.005802321,1.2295907e-06,4.659679e-07
007-5077-300.jpg,2,Moderate,2,Moderate,True,0.9903194,0.008468569,0.0011111207,0.9903194,4.883784e-05,5.2027335e-05
007-7610-601.jpg,0,No DR,0,No DR,True,0.82951623,0.82951623,0.00090692623,0.16594806,1.5660646e-05,0.0036130934
007-6298-400.jpg,4,Proliferative,4,Proliferative,True,0.99978226,1.7539738e-05,0.00011727303,5.4121338e-05,2.8901346e-05,0.99978226
20170429214540625.jpg,0,No DR,0,No DR,True,0.9997067,0.9997067,1.4575958e-06,0.00020137586,8.176099e-05,8.711903e-06
007-4821-300.jpg,2,Moderate,2,Moderate,True,0.9893722,1.5627282e-06,1.1206136e-08,0.9893722,8.3980046e-07,0.010625453
20170204114729172.jpg,0,No DR,0,No DR,True,0.98591423,0.98591423,0.0022895944,0.0111742895,5.1250503e-05,0.0005705645
007-1793-100.jpg,2,Moderate,2,Moderate,True,0.99954826,0.00015099882,0.00026725838,0.99954826,9.758002e-06,2.3704926e-05
007-4231-200.jpg,2,Moderate,2,Moderate,True,0.7799492,0.001869886,0.013217983,0.7799492,0.1084296,0.09653328
007-3871-200.jpg,2,Moderate,2,Moderate,True,0.9971233,3.998019e-05,4.635185e-06,0.9971233,1.3907897e-05,0.002818128
20170410135203932.jpg,0,No DR,0,No DR,True,0.9276588,0.9276588,0.009152905,0.06313408,2.5999852e-05,2.815872e-05
20170428091136164.jpg,0,No DR,0,No DR,True,0.4098847,0.4098847,0.30196294,0.28699777,0.00064086483,0.0005137716
20170328153751497.jpg,0,No DR,0,No DR,True,0.99314415,0.99314415,0.00032318072,0.0065253433,2.0761152e-06,5.2985183e-06
007-5342-300.jpg,2,Moderate,2,Moderate,True,0.99673444,0.002571975,0.0001989096,0.99673444,0.00026306024,0.00023154398
007-0565-000.jpg,0,No DR,0,No DR,True,0.9535627,0.9535627,0.00014597099,0.046263374,9.4966475e-07,2.7013171e-05
20170430180202271.jpg,0,No DR,0,No DR,True,0.9991049,0.9991049,6.692784e-05,0.00081549695,7.1772115e-06,5.4743273e-06
007-6157-300.jpg,2,Moderate,2,Moderate,True,0.9149368,0.0005634555,0.03683439,0.9149368,0.046993323,0.0006720939
007-7241-400.jpg,4,Proliferative,4,Proliferative,True,0.90315825,0.074665554,0.004784012,0.017277393,0.00011469263,0.90315825
007-0990-000.jpg,0,No DR,2,Moderate,False,0.55361253,0.44491223,0.0013566064,0.55361253,3.4090426e-05,8.447969e-05
007-2164-100.jpg,1,Mild,0,No DR,False,0.75622314,0.75622314,0.07592325,0.1627222,0.004321434,0.0008098668
007-3330-200.jpg,2,Moderate,2,Moderate,True,0.99332136,0.001264368,0.00519376,0.99332136,2.3930255e-05,0.0001965788
007-3990-200.jpg,2,Moderate,2,Moderate,True,0.9995623,0.0003837131,1.3776182e-06,0.9995623,1.9072957e-07,5.234852e-05
007-4570-200.jpg,2,Moderate,2,Moderate,True,0.99768996,0.000123652,4.411011e-06,0.99768996,0.0017229044,0.00045914945
007-7727-601.jpg,0,No DR,0,No DR,True,0.88108486,0.88108486,0.0029462548,0.115822986,1.2197906e-05,0.00013371257
007-1194-000.jpg,0,No DR,0,No DR,True,0.99219126,0.99219126,0.001014999,0.006540592,1.6894348e-05,0.00023630667
20170215104327523.jpg,0,No DR,0,No DR,True,0.9970426,0.9970426,0.0002565742,0.0026735044,1.4351573e-05,1.300559e-05
20170427185948021.jpg,0,No DR,0,No DR,True,0.99998415,0.99998415,6.6246575e-06,9.19562e-06,1.2755589e-08,1.0889893e-08
007-3208-100.jpg,2,Moderate,0,No DR,False,0.57154614,0.57154614,0.009208635,0.38102588,0.00074040587,0.03747892
20170203162816155.jpg,0,No DR,0,No DR,True,0.906515,0.906515,0.032756872,0.057630386,0.00037766268,0.0027200142
20170220100625665.jpg,0,No DR,0,No DR,True,0.89758176,0.89758176,0.021151816,0.081125356,0.000118742195,2.2379552e-05
20170427183624105.jpg,0,No DR,0,No DR,True,0.99883705,0.99883705,4.125424e-05,0.0011016423,1.7290207e-05,2.735134e-06
007-1617-000.jpg,0,No DR,1,Mild,False,0.8691627,0.08282088,0.8691627,0.047551893,0.00023366939,0.00023089025
20170429212453154.jpg,0,No DR,0,No DR,True,0.99999106,0.99999106,4.2823137e-07,8.489465e-06,1.0011593e-07,8.4001055e-09
20170331112228243.jpg,0,No DR,0,No DR,True,0.977576,0.977576,0.003780576,0.018593028,2.4583158e-05,2.5882611e-05
20170521093504075.jpg,2,Moderate,2,Moderate,True,0.99221647,9.962015e-05,0.00017050891,0.99221647,0.007315144,0.00019819032
007-5031-300.jpg,2,Moderate,2,Moderate,True,0.9927402,0.006172582,0.0009648049,0.9927402,7.515238e-05,4.715927e-05
20170427093014194.jpg,0,No DR,0,No DR,True,0.9996762,0.9996762,2.4152225e-06,0.0003073082,2.982245e-06,1.109958e-05
20170504101454178.jpg,2,Moderate,0,No DR,False,0.644267,0.644267,0.2404453,0.115220346,4.5746878e-05,2.159047e-05
007-3552-200.jpg,2,Moderate,2,Moderate,True,0.9231415,0.07651567,0.00020722584,0.9231415,1.3584805e-05,0.00012202026
007-1048-000.jpg,0,No DR,0,No DR,True,0.8547771,0.8547771,0.06459695,0.0805438,1.1456374e-05,7.0732174e-05
20170221103227712.jpg,0,No DR,0,No DR,True,0.99786794,0.99786794,0.0010603869,0.0010691821,1.2008321e-06,1.3221756e-06
007-4051-200.jpg,2,Moderate,2,Moderate,True,0.9951079,0.0013302757,3.0394256e-05,0.9951079,3.2449378e-05,0.0034989498
007-5486-300.jpg,2,Moderate,2,Moderate,True,0.9947659,0.003548322,0.0014736862,0.9947659,0.00011348432,9.86904e-05
20170327140038034.jpg,0,No DR,0,No DR,True,0.93296224,0.93296224,0.010648546,0.055784043,0.00013974255,0.00046546923
007-0037-000.jpg,0,No DR,0,No DR,True,0.66460395,0.66460395,0.25670576,0.07810773,0.00048187707,0.000100733436
20170323101805685.jpg,0,No DR,0,No DR,True,0.9596416,0.9596416,0.028064974,0.012282064,2.7652873e-06,8.67089e-06
007-0121-000.jpg,0,No DR,0,No DR,True,0.5619818,0.5619818,0.34334883,0.0933621,0.0003092881,0.0009980153
007-1527-000.jpg,0,No DR,1,Mild,False,0.42039168,0.36970225,0.42039168,0.20930333,0.0003993478,0.00020344472
007-5103-300.jpg,2,Moderate,2,Moderate,True,0.9881585,0.011564554,4.1650797e-05,0.9881585,3.122745e-05,0.00020406791
007-1670-000.jpg,0,No DR,0,No DR,True,0.96590847,0.96590847,0.00043955955,0.03360347,8.534547e-07,4.7633785e-05
20170122162733804.jpg,0,No DR,0,No DR,True,0.99371344,0.99371344,0.0033192413,0.0029294186,7.738557e-06,3.0220132e-05
20170326081646277.jpg,0,No DR,0,No DR,True,0.99937636,0.99937636,0.00046978059,0.00015382754,1.715409e-08,1.1948819e-07
20170327135922650.jpg,0,No DR,0,No DR,True,0.6984743,0.6984743,0.015465302,0.28521484,0.00061145896,0.00023411123
007-4685-200.jpg,2,Moderate,2,Moderate,True,0.718486,0.044571996,0.02733563,0.718486,0.00043165186,0.20917468
20170418103052402.jpg,0,No DR,0,No DR,True,0.99553066,0.99553066,0.00035478646,0.0040769074,1.6773962e-05,2.0916945e-05
007-3439-200.jpg,2,Moderate,2,Moderate,True,0.98001087,0.007165459,0.012705701,0.98001087,4.0450243e-05,7.749064e-05
20170120220143890.jpg,0,No DR,0,No DR,True,0.9103601,0.9103601,0.004254288,0.08524653,7.570368e-05,6.3329935e-05
007-0785-000.jpg,0,No DR,0,No DR,True,0.87367845,0.87367845,0.0074311015,0.11879329,2.9978384e-05,6.7174944e-05
20170430200759773.jpg,0,No DR,0,No DR,True,0.99921167,0.99921167,3.0992116e-05,0.00075142574,3.497273e-06,2.345134e-06
20170524102406516.jpg,2,Moderate,2,Moderate,True,0.9981002,3.7792455e-05,2.2196538e-05,0.9981002,0.0007697355,0.0010700639
20170428161917714.jpg,0,No DR,0,No DR,True,0.9903944,0.9903944,0.0023006627,0.0072862785,3.2774262e-06,1.535354e-05
20170120222210531.jpg,0,No DR,0,No DR,True,0.98669344,0.98669344,0.0014309064,0.01186279,7.710285e-06,5.203504e-06
20170408211259022.jpg,0,No DR,0,No DR,True,0.567979,0.567979,0.013307558,0.41669652,0.0009304377,0.0010864856
007-0229-000.jpg,0,No DR,0,No DR,True,0.99039793,0.99039793,0.0004625458,0.009107495,1.6101389e-05,1.5883279e-05
007-2800-100.jpg,2,Moderate,2,Moderate,True,0.9832254,0.0037686997,0.012569241,0.9832254,8.0976235e-05,0.00035568178
007-6744-400.jpg,2,Moderate,4,Proliferative,False,0.98064154,5.64328e-05,0.0001619227,0.018187534,0.000952536,0.98064154
20170412203741013.jpg,0,No DR,0,No DR,True,0.999629,0.999629,0.00018177179,0.00018909549,7.7622566e-08,5.658273e-08
20170427182323645.jpg,0,No DR,0,No DR,True,0.9941034,0.9941034,0.0007472417,0.0050762743,3.1335006e-05,4.1866624e-05
007-4367-200.jpg,2,Moderate,2,Moderate,True,0.9844714,0.0016894198,0.011115077,0.9844714,0.0018830062,0.0008411091
007-2750-100.jpg,1,Mild,2,Moderate,False,0.72815365,0.06692439,0.18024115,0.72815365,0.0010068035,0.023674017
007-1182-000.jpg,0,No DR,0,No DR,True,0.79426473,0.79426473,0.0042867926,0.19953908,0.0017687355,0.00014068028
007-0975-000.jpg,0,No DR,0,No DR,True,0.50273883,0.50273883,0.09236418,0.40380716,0.0006889377,0.00040088117
20170208145455755.jpg,0,No DR,0,No DR,True,0.95106196,0.95106196,0.0065509873,0.04202227,0.0002934742,7.131784e-05
007-2000-100.jpg,1,Mild,2,Moderate,False,0.62765574,0.3653467,0.006930716,0.62765574,4.1568474e-05,2.5331297e-05
007-3088-100.jpg,1,Mild,0,No DR,False,0.71568656,0.71568656,0.05429954,0.22986682,0.0001109124,3.613865e-05
20170426092544308.jpg,0,No DR,0,No DR,True,0.994048,0.994048,6.829444e-05,0.005878448,1.5312634e-06,3.7749508e-06
007-3164-100.jpg,2,Moderate,2,Moderate,True,0.8726036,0.037690256,0.08719277,0.8726036,0.0017488883,0.00076440437
007-3729-200.jpg,2,Moderate,2,Moderate,True,0.6913493,0.27439645,0.027586512,0.6913493,0.0062079094,0.0004597241
20170210122650436.jpg,0,No DR,0,No DR,True,0.94775075,0.94775075,0.03939121,0.012810037,1.3090545e-05,3.4885154e-05
20170622080754353.jpg,2,Moderate,0,No DR,False,0.8546694,0.8546694,0.003798983,0.13816972,0.0032250714,0.00013697294
007-5985-300.jpg,2,Moderate,2,Moderate,True,0.9988456,0.00028394876,1.061336e-05,0.9988456,0.0007581129,0.00010168378
007-5814-300.jpg,2,Moderate,2,Moderate,True,0.99655885,0.0023938313,0.00018253273,0.99655885,0.0007517938,0.00011299233
20170405144225459.jpg,0,No DR,0,No DR,True,0.99448955,0.99448955,0.0023167315,0.00316413,6.396663e-06,2.3099066e-05
20170324092825264.jpg,0,No DR,0,No DR,True,0.99950075,0.99950075,1.2037983e-05,0.00048388314,7.0420896e-07,2.5851127e-06
20170427184204825.jpg,0,No DR,0,No DR,True,0.9989845,0.9989845,0.00042216424,0.00058844493,1.9372098e-06,2.960147e-06
20170427083754048.jpg,0,No DR,0,No DR,True,0.929428,0.929428,0.06553694,0.0050020623,6.2637528e-06,2.67664e-05
007-4434-200.jpg,2,Moderate,2,Moderate,True,0.99997735,7.3499878e-06,3.8344744e-08,0.99997735,2.3496037e-07,1.5116055e-05
20170203161008388.jpg,0,No DR,1,Mild,False,0.9030661,0.09225768,0.9030661,0.004595068,1.1699321e-06,8.000355e-05
007-4814-300.jpg,2,Moderate,2,Moderate,True,0.83235955,0.14311224,0.0022308258,0.83235955,0.020369058,0.0019282792
007-0480-000.jpg,0,No DR,0,No DR,True,0.9971879,0.9971879,2.6127742e-05,0.0025914721,0.00016772597,2.6734006e-05
20170427181653025.jpg,0,No DR,0,No DR,True,0.99420726,0.99420726,3.5147186e-05,0.003402988,0.002235128,0.00011951917
20170401171718466.jpg,0,No DR,0,No DR,True,0.9661224,0.9661224,0.0021546362,0.029311089,0.00071465655,0.0016973228
20170414155613593.jpg,0,No DR,2,Moderate,False,0.59944147,0.40000895,0.00049134815,0.59944147,2.0407575e-05,3.7793856e-05
007-3447-200.jpg,3,Severe,3,Severe,True,0.96807677,4.7329436e-06,1.5310186e-05,0.030707277,0.96807677,0.0011957966
007-7140-400.jpg,4,Proliferative,4,Proliferative,True,0.99998486,7.359308e-06,5.0998534e-07,3.52853e-06,3.7201235e-06,0.99998486
007-7061-400.jpg,4,Proliferative,4,Proliferative,True,0.9999896,1.0378757e-06,9.195627e-08,1.7963147e-06,7.3853003e-06,0.9999896
20170331082121975.jpg,0,No DR,0,No DR,True,0.99885345,0.99885345,0.00020311863,0.00093034405,5.357964e-06,7.681981e-06
20170602085038408.jpg,2,Moderate,0,No DR,False,0.7763277,0.7763277,0.03801424,0.18304394,0.0015726454,0.0010414495
007-2203-100.jpg,0,No DR,0,No DR,True,0.9959117,0.9959117,9.941162e-05,0.0039011936,1.5453536e-05,7.220076e-05
007-6560-400.jpg,4,Proliferative,4,Proliferative,True,0.9995788,1.2763346e-05,1.6550568e-05,0.0003911104,8.606754e-07,0.9995788
007-4041-200.jpg,2,Moderate,2,Moderate,True,0.684726,0.021646313,0.027041588,0.684726,0.007875449,0.25871068
007-0363-000.jpg,0,No DR,0,No DR,True,0.92094135,0.92094135,0.07370885,0.005305312,6.3940684e-06,3.81057e-05
007-2274-100.jpg,0,No DR,0,No DR,True,0.6623518,0.6623518,0.0029463808,0.3344479,1.4623023e-05,0.00023928868
20170407152501068.jpg,0,No DR,0,No DR,True,0.9624189,0.9624189,0.0046308655,0.032845266,6.800406e-06,9.8089935e-05
007-3453-200.jpg,2,Moderate,2,Moderate,True,0.9997025,1.0499587e-06,6.090139e-08,0.9997025,4.0951358e-07,0.00029597248
007-0290-000.jpg,0,No DR,0,No DR,True,0.9980501,0.9980501,7.119252e-05,0.0017286531,3.2886026e-05,0.00011720961
20170225144731690.jpg,0,No DR,0,No DR,True,0.96521264,0.96521264,0.007739475,0.02701814,2.3755447e-06,2.7372369e-05
20170621140654111.jpg,2,Moderate,0,No DR,False,0.9516722,0.9516722,0.00018928677,0.046491485,0.0011528617,0.00049407966
20170226204126538.jpg,0,No DR,0,No DR,True,0.98747474,0.98747474,0.0027259383,0.009782291,1.1057625e-05,5.9224467e-06
007-4796-300.jpg,2,Moderate,2,Moderate,True,0.3900757,0.3024076,0.06529213,0.3900757,0.00016876543,0.24205576
20170526174103361.jpg,2,Moderate,2,Moderate,True,0.8919705,0.0714077,0.0016734618,0.8919705,0.033121064,0.0018272108
20170418135336394.jpg,0,No DR,0,No DR,True,0.92414373,0.92414373,0.042600542,0.033192564,1.7662838e-05,4.5481847e-05
007-6838-400.jpg,4,Proliferative,4,Proliferative,True,0.9999993,5.3227086e-07,2.8967009e-09,2.8586234e-07,1.0165821e-08,0.9999993
20170428120034061.jpg,0,No DR,0,No DR,True,0.9386722,0.9386722,0.00050031557,0.060622014,1.40828e-05,0.0001914396
007-5061-300.jpg,2,Moderate,2,Moderate,True,0.9996613,3.1050862e-05,1.7598055e-06,0.9996613,1.8912207e-05,0.00028702337
007-4726-200.jpg,2,Moderate,2,Moderate,True,0.9943222,7.4916807e-06,3.7799943e-08,0.9943222,4.0585556e-07,0.005669798
20170208144810326.jpg,0,No DR,0,No DR,True,0.55172503,0.55172503,0.023360498,0.424098,0.0005083958,0.00030814065
007-7798-601.jpg,0,No DR,0,No DR,True,0.9572463,0.9572463,0.00021301676,0.042534806,6.965412e-08,5.8067526e-06
20170426091057920.jpg,0,No DR,0,No DR,True,0.8235548,0.8235548,0.0041118935,0.17204905,8.768696e-06,0.00027562078
20170410162034639.jpg,0,No DR,0,No DR,True,0.9382348,0.9382348,0.0002684704,0.061480857,1.2668003e-05,3.0860938e-06
20170427094003039.jpg,0,No DR,0,No DR,True,0.99809164,0.99809164,0.00038914476,0.0015139411,1.2443442e-06,4.0748137e-06
20170120223336407.jpg,0,No DR,1,Mild,False,0.62912375,0.36046663,0.62912375,0.010251164,2.528411e-05,0.00013314611
20170330153711496.jpg,0,No DR,0,No DR,True,0.85916495,0.85916495,0.12776655,0.012986,3.1234085e-05,5.1326566e-05
20170408075831962.jpg,0,No DR,0,No DR,True,0.92211264,0.92211264,0.000100824014,0.07776324,9.878459e-06,1.3452166e-05
007-5655-300.jpg,2,Moderate,2,Moderate,True,0.9997888,9.5901116e-05,3.65925e-05,0.9997888,1.7440057e-05,6.1282895e-05
20170612084520577.jpg,2,Moderate,2,Moderate,True,0.49428415,0.49420512,0.011445844,0.49428415,3.816575e-05,2.6780686e-05
007-2437-100.jpg,2,Moderate,1,Mild,False,0.9712459,0.003330083,0.9712459,0.023557587,0.0001525279,0.0017140049
007-2204-100.jpg,0,No DR,0,No DR,True,0.8936153,0.8936153,0.001842599,0.104438625,7.772642e-05,2.5661662e-05
007-0448-000.jpg,0,No DR,0,No DR,True,0.9987103,0.9987103,2.2901388e-05,0.001264657,4.0776463e-08,2.109482e-06
20170214145510533.jpg,0,No DR,0,No DR,True,0.76413757,0.76413757,0.06130843,0.17250122,0.0017213068,0.00033152755
20170609152452421.jpg,2,Moderate,0,No DR,False,0.82941747,0.82941747,0.008317692,0.16016085,0.0014936854,0.00061027013
007-3169-100.jpg,1,Mild,1,Mild,True,0.60481817,0.015905648,0.60481817,0.3412962,0.037197713,0.0007822614
20170427185548872.jpg,0,No DR,0,No DR,True,0.99885654,0.99885654,0.00022112885,0.0008386584,6.3478487e-06,7.7353514e-05
20170206143555635.jpg,0,No DR,0,No DR,True,0.85091203,0.85091203,0.0049917195,0.1427299,8.025323e-05,0.0012862198
007-2333-100.jpg,1,Mild,2,Moderate,False,0.4085238,0.3729797,0.21603628,0.4085238,0.00020539337,0.0022548845
007-0112-000.jpg,0,No DR,0,No DR,True,0.8509837,0.8509837,0.00830994,0.1399839,0.00041137595,0.00031111183
007-0944-000.jpg,0,No DR,0,No DR,True,0.874651,0.874651,0.0034004173,0.12100861,2.940201e-05,0.0009105792
007-1180-000.jpg,0,No DR,2,Moderate,False,0.7738787,0.19170384,0.034268007,0.7738787,2.942156e-05,0.00012001598
20170609165742369.jpg,2,Moderate,0,No DR,False,0.54613787,0.54613787,0.011585109,0.4395608,0.0004939667,0.0022222535
007-0925-000.jpg,0,No DR,0,No DR,True,0.82055324,0.82055324,0.14222965,0.0366333,0.00015580647,0.0004280706
007-3213-100.jpg,1,Mild,0,No DR,False,0.8121842,0.8121842,0.010726343,0.17657672,0.00032539564,0.00018732854
20170226214815940.jpg,0,No DR,0,No DR,True,0.9891745,0.9891745,0.00019026619,0.010616635,8.123573e-06,1.0633947e-05
20170331095408156.jpg,0,No DR,0,No DR,True,0.99929225,0.99929225,4.639015e-05,0.0006555475,6.401406e-07,5.127202e-06
007-5165-300.jpg,2,Moderate,2,Moderate,True,0.9882901,0.0003798828,0.005554852,0.9882901,0.005466336,0.00030890413
007-1973-100.jpg,2,Moderate,2,Moderate,True,0.8714728,0.07912013,0.04936024,0.8714728,4.771555e-06,4.2065854e-05
20170410090018363.jpg,0,No DR,0,No DR,True,0.715606,0.715606,0.0022974515,0.2814986,0.0004828905,0.00011507093
20170429211004089.jpg,0,No DR,0,No DR,True,0.9995571,0.9995571,9.4028015e-05,0.00029575673,2.3261384e-05,2.9904659e-05
20170323080443882.jpg,0,No DR,0,No DR,True,0.9991535,0.9991535,8.93733e-06,0.0008121731,1.1583608e-06,2.4129824e-05
007-0422-000.jpg,0,No DR,0,No DR,True,0.99337655,0.99337655,4.8421105e-05,0.0065384456,2.7055355e-06,3.38106e-05
007-2809-100.jpg,1,Mild,2,Moderate,False,0.84632164,0.106747,0.013129817,0.84632164,0.031633608,0.002167936
007-4115-200.jpg,2,Moderate,2,Moderate,True,0.7509686,3.381821e-05,9.454087e-06,0.7509686,0.05256578,0.19642235
20170429225351324.jpg,0,No DR,0,No DR,True,0.99981445,0.99981445,1.9517822e-05,0.00016370633,1.3094456e-06,9.643863e-07
20170426134444480.jpg,0,No DR,1,Mild,False,0.46317783,0.24976194,0.46317783,0.2844259,0.0017001425,0.000934094
20170120223723847.jpg,0,No DR,0,No DR,True,0.9974523,0.9974523,0.00075397885,0.0017649393,8.444186e-06,2.0307458e-05
20170226232930828.jpg,0,No DR,0,No DR,True,0.9748686,0.9748686,0.019945323,0.0051650326,9.110789e-06,1.19804845e-05
20170412110652874.jpg,0,No DR,0,No DR,True,0.90014374,0.90014374,0.005406121,0.094165765,0.00022136657,6.303703e-05
20170605153408762.jpg,2,Moderate,2,Moderate,True,0.99379796,0.0034300857,0.0004075803,0.99379796,0.00234836,1.5919655e-05
20170408225650220.jpg,0,No DR,0,No DR,True,0.98905444,0.98905444,0.0016080223,0.008532218,6.92614e-05,0.0007359413
007-3280-200.jpg,2,Moderate,2,Moderate,True,0.9727543,0.006098497,5.933378e-05,0.9727543,0.002783829,0.018304046
007-1557-000.jpg,0,No DR,0,No DR,True,0.94013727,0.94013727,0.0058544567,0.053893942,1.3146875e-05,0.0001011695
007-4311-200.jpg,2,Moderate,0,No DR,False,0.5549702,0.5549702,0.0144983325,0.42944118,0.00061299006,0.00047729246
20170424100139375.jpg,0,No DR,0,No DR,True,0.97727865,0.97727865,0.022193404,0.00052715396,8.1582314e-08,6.634775e-07
20170427204510897.jpg,0,No DR,0,No DR,True,0.99677086,0.99677086,0.000838041,0.0023882948,1.7086392e-06,1.2330951e-06
007-3025-100.jpg,2,Moderate,2,Moderate,True,0.6382101,0.35574678,0.0054132272,0.6382101,8.397945e-06,0.0006214534
007-2352-100.jpg,0,No DR,1,Mild,False,0.657091,0.20046058,0.657091,0.13906105,0.0030288945,0.00035840657
007-4176-200.jpg,2,Moderate,2,Moderate,True,0.99975044,4.5325316e-05,5.5599503e-05,0.99975044,4.980795e-05,9.889589e-05
20170215224559176.jpg,0,No DR,0,No DR,True,0.9739739,0.9739739,0.011838089,0.013881442,0.00012968996,0.00017682533
20170429204156044.jpg,0,No DR,0,No DR,True,0.9960957,0.9960957,0.0007131199,0.0031212608,3.475782e-05,3.5157238e-05
20170324092623566.jpg,0,No DR,0,No DR,True,0.9941202,0.9941202,2.6551606e-05,0.005840116,1.3813407e-06,1.1763497e-05
20170503083257799.jpg,2,Moderate,2,Moderate,True,0.79856795,0.09991719,0.09143744,0.79856795,0.009689844,0.000387588
007-5698-300.jpg,3,Severe,3,Severe,True,0.95142645,4.352625e-05,2.2130712e-06,0.04788459,0.95142645,0.00064321
20170509162056348.jpg,2,Moderate,2,Moderate,True,0.98497355,0.014440342,0.00012552574,0.98497355,0.000434259,2.634773e-05
20170627160643234.jpg,2,Moderate,0,No DR,False,0.6870392,0.6870392,0.000832346,0.31193382,0.00016480866,2.9828125e-05
007-8152-601.jpg,0,No DR,0,No DR,True,0.89628774,0.89628774,0.017709937,0.08574001,8.27289e-06,0.00025396573
007-0079-000.jpg,0,No DR,0,No DR,True,0.4572145,0.4572145,0.2069495,0.33540824,0.00032370246,0.00010401157
007-1136-000.jpg,0,No DR,0,No DR,True,0.925213,0.925213,0.010630156,0.060780827,2.6558071e-05,0.0033495636
007-4282-200.jpg,2,Moderate,2,Moderate,True,0.9982911,0.00070600084,0.00011951648,0.9982911,0.0003740845,0.00050932117
007-2585-100.jpg,2,Moderate,2,Moderate,True,0.7025855,0.29693907,0.00043988688,0.7025855,2.2446085e-05,1.3135358e-05
20170609193335986.jpg,2,Moderate,2,Moderate,True,0.98646426,0.01293801,0.00019240844,0.98646426,0.00019478865,0.00021044468
007-3115-100.jpg,0,No DR,1,Mild,False,0.59101003,0.31811976,0.59101003,0.09063294,9.190809e-06,0.00022808618
20170323095327323.jpg,0,No DR,0,No DR,True,0.99934226,0.99934226,6.218667e-06,0.0002716465,0.00013603202,0.0002438907
20170429211108816.jpg,0,No DR,0,No DR,True,0.9994117,0.9994117,4.962177e-06,0.0005797133,1.9623496e-06,1.6481046e-06
20170327150751478.jpg,0,No DR,2,Moderate,False,0.63339293,0.33815107,0.028253442,0.63339293,2.188939e-05,0.00018066049
007-2988-100.jpg,1,Mild,2,Moderate,False,0.89970547,0.072918266,0.010793428,0.89970547,0.0011304588,0.015452365
20170607161021590.jpg,2,Moderate,2,Moderate,True,0.9950127,2.0188425e-06,7.5273203e-07,0.9950127,0.0049778563,6.6958605e-06
20170511154953819.jpg,2,Moderate,0,No DR,False,0.92003334,0.92003334,0.01305875,0.06677318,3.5912657e-05,9.889416e-05
20170223115112397.jpg,0,No DR,0,No DR,True,0.81890297,0.81890297,0.0060539986,0.17396839,0.00068049476,0.00039419509
007-0009-000.jpg,0,No DR,0,No DR,True,0.46108216,0.46108216,0.2948442,0.2435648,0.00043645408,7.225243e-05
007-6748-400.jpg,4,Proliferative,4,Proliferative,True,0.993899,6.114341e-05,2.9149183e-05,0.0017383022,0.004272442,0.993899
007-5625-300.jpg,4,Proliferative,4,Proliferative,True,0.72500175,0.0010612701,0.00073364744,0.0048997486,0.26830366,0.72500175
007-2421-100.jpg,2,Moderate,2,Moderate,True,0.875977,0.03509682,0.08738701,0.875977,0.0013833334,0.00015583886
20170404145113686.jpg,0,No DR,1,Mild,False,0.36024922,0.31632328,0.36024922,0.31999293,0.00042085882,0.0030136656
20170328153647268.jpg,0,No DR,2,Moderate,False,0.74363667,0.23750676,0.018289229,0.74363667,0.00042415422,0.00014316305
20170429210208453.jpg,0,No DR,0,No DR,True,0.99709845,0.99709845,0.0013670413,0.0015327317,1.1970167e-06,6.378855e-07
007-4998-300.jpg,2,Moderate,1,Mild,False,0.5291074,0.0040939115,0.5291074,0.4459867,0.0009501352,0.019861879
007-6923-400.jpg,4,Proliferative,4,Proliferative,True,0.9998987,8.929818e-05,7.4165615e-07,1.026117e-05,1.0504872e-06,0.9998987
20170619152223858.jpg,2,Moderate,2,Moderate,True,0.99765706,0.0010779258,9.578063e-05,0.99765706,0.0010563963,0.00011277239
20170417105037844.jpg,0,No DR,0,No DR,True,0.8035344,0.8035344,0.0036212362,0.1928048,1.2676965e-05,2.6908661e-05
007-5489-300.jpg,2,Moderate,3,Severe,False,0.5745401,3.0287856e-05,0.0064210515,0.41867688,0.5745401,0.00033167645
20170404145018838.jpg,0,No DR,0,No DR,True,0.82543653,0.82543653,0.15024771,0.023903,0.0003497767,6.2962295e-05
007-1396-000.jpg,0,No DR,2,Moderate,False,0.5338658,0.27159312,0.19278157,0.5338658,0.0004544221,0.0013051031
20170227092138032.jpg,0,No DR,0,No DR,True,0.9704179,0.9704179,0.00022151925,0.029355492,1.050865e-06,4.0220207e-06
20170420095437692.jpg,0,No DR,0,No DR,True,0.99877185,0.99877185,1.4992102e-05,0.0012130293,3.5054697e-09,1.293284e-07
007-7237-400.jpg,4,Proliferative,4,Proliferative,True,0.99997425,1.060549e-05,1.0940428e-06,3.1162037e-06,1.0955823e-05,0.99997425
20170327105803591.jpg,0,No DR,0,No DR,True,0.986447,0.986447,0.00015676483,0.013357787,2.5675545e-05,1.2874253e-05
007-4798-300.jpg,2,Moderate,2,Moderate,True,0.9661383,0.006540623,0.010368783,0.9661383,0.005718112,0.011234222
007-4976-300.jpg,2,Moderate,2,Moderate,True,0.9952356,0.0019538417,0.0010846232,0.9952356,0.0005783118,0.0011477052
007-6702-400.jpg,4,Proliferative,4,Proliferative,True,0.53865856,0.0010574315,0.00013202844,0.44158933,0.018562637,0.53865856
20170512230427333.jpg,2,Moderate,2,Moderate,True,0.64937156,0.33300892,0.011673205,0.64937156,0.0038453776,0.002100857
007-6316-400.jpg,4,Proliferative,1,Mild,False,0.9694239,2.992348e-05,0.9694239,0.0030519376,5.9323634e-07,0.027493674
007-0160-000.jpg,0,No DR,0,No DR,True,0.51513016,0.51513016,0.00092794193,0.48370835,4.883931e-05,0.00018471689
007-4263-200.jpg,2,Moderate,2,Moderate,True,0.9898663,0.008200154,0.00036023842,0.9898663,0.0013999033,0.00017348785
007-3085-100.jpg,0,No DR,0,No DR,True,0.9737161,0.9737161,9.007574e-05,0.026111564,9.987143e-06,7.227945e-05
007-1551-000.jpg,0,No DR,0,No DR,True,0.76764584,0.76764584,0.023445748,0.1761344,0.003920508,0.028853513
007-6666-400.jpg,4,Proliferative,1,Mild,False,0.33083522,0.27966905,0.33083522,0.08992401,0.00012034513,0.29945138
20170401090207661.jpg,0,No DR,0,No DR,True,0.83457154,0.83457154,0.004299301,0.16103175,3.032382e-05,6.7075365e-05
007-7223-400.jpg,4,Proliferative,4,Proliferative,True,0.99813324,0.00011938993,4.009269e-05,0.00046765347,0.0012397475,0.99813324
007-3095-100.jpg,1,Mild,4,Proliferative,False,0.73467684,0.015806496,0.07547525,0.17390113,0.00014023403,0.73467684
007-4400-200.jpg,2,Moderate,2,Moderate,True,0.9981731,8.819782e-05,9.501481e-05,0.9981731,0.000655827,0.0009878328
007-6874-400.jpg,4,Proliferative,4,Proliferative,True,0.9999862,1.4312182e-07,5.983448e-08,1.31596e-05,5.7444026e-07,0.9999862
007-6211-300.jpg,2,Moderate,2,Moderate,True,0.9988426,0.00018438417,0.00032539334,0.9988426,0.00018086287,0.00046675498
007-3068-100.jpg,1,Mild,1,Mild,True,0.602287,0.12290329,0.602287,0.27299017,0.0008795973,0.0009399419
007-6971-400.jpg,4,Proliferative,4,Proliferative,True,0.99898106,7.518282e-06,7.771432e-07,0.00091391534,9.677839e-05,0.99898106
20170327103858459.jpg,0,No DR,0,No DR,True,0.9996741,0.9996741,1.3526374e-06,0.00031482082,3.7254954e-06,6.0095576e-06
007-3686-200.jpg,2,Moderate,4,Proliferative,False,0.6448687,0.12727815,0.0005916414,0.22681718,0.00044430763,0.6448687
20170428090925245.jpg,0,No DR,0,No DR,True,0.6768384,0.6768384,0.078051925,0.24437681,0.00042049002,0.00031243038
007-5428-300.jpg,2,Moderate,2,Moderate,True,0.9216061,0.002434249,0.0024894245,0.9216061,0.0012886962,0.072181515
007-1964-100.jpg,0,No DR,0,No DR,True,0.9864435,0.9864435,0.009883239,0.0036651674,3.3025158e-06,4.851052e-06
007-4582-200.jpg,2,Moderate,2,Moderate,True,0.9968418,0.00024945688,0.00054973783,0.9968418,0.00019658697,0.002162491
007-2991-100.jpg,2,Moderate,2,Moderate,True,0.98521394,0.014413159,0.000114229704,0.98521394,5.158104e-05,0.00020704142
007-6783-400.jpg,4,Proliferative,4,Proliferative,True,0.97437096,0.009276243,0.000984495,0.014143172,0.0012251503,0.97437096
20170429200502952.jpg,0,No DR,0,No DR,True,0.99878496,0.99878496,1.6842443e-05,0.0011809143,1.24624985e-05,4.936539e-06
007-7005-400.jpg,4,Proliferative,4,Proliferative,True,0.7166288,0.0023836808,0.0007120701,0.27330956,0.006965807,0.7166288
007-6615-400.jpg,4,Proliferative,2,Moderate,False,0.3779056,0.00015343494,0.0010762905,0.3779056,0.29320097,0.3276637
007-6504-400.jpg,4,Proliferative,2,Moderate,False,0.99872726,0.00010889554,1.5578458e-05,0.99872726,0.0006385286,0.0005096956
20170427182059997.jpg,0,No DR,0,No DR,True,0.99920005,0.99920005,7.690225e-06,0.00078973453,1.1056391e-06,1.3937029e-06
007-6467-400.jpg,4,Proliferative,4,Proliferative,True,0.9977744,8.305098e-06,1.3373129e-06,0.0018026974,0.00041318004,0.9977744
007-6978-400.jpg,4,Proliferative,4,Proliferative,True,0.98929894,0.0028396428,9.756569e-05,0.0077219135,4.1982374e-05,0.98929894
20170208102043208.jpg,0,No DR,0,No DR,True,0.96704495,0.96704495,0.002079711,0.030869368,3.196275e-06,2.7979618e-06
20170511113811780.jpg,2,Moderate,2,Moderate,True,0.5197144,0.46918824,0.005954096,0.5197144,0.0013781853,0.0037650876
20170208174537830.jpg,0,No DR,0,No DR,True,0.99323374,0.99323374,0.00086109125,0.005860364,1.5260854e-05,2.9654839e-05
007-0603-000.jpg,0,No DR,0,No DR,True,0.98384744,0.98384744,0.0010646507,0.0147329895,1.47852e-05,0.00034009092
007-6462-400.jpg,4,Proliferative,4,Proliferative,True,0.99996173,6.913359e-07,2.1141927e-06,3.3218526e-05,2.2117222e-06,0.99996173
007-7298-601.jpg,0,No DR,0,No DR,True,0.88085145,0.88085145,0.0013142765,0.10571938,1.723912e-05,0.01209771
007-4211-200.jpg,2,Moderate,2,Moderate,True,0.9952325,0.0019890987,0.0010508157,0.9952325,0.00036094396,0.001366652
007-4742-200.jpg,2,Moderate,2,Moderate,True,0.74994105,0.20877992,0.03976561,0.74994105,0.0012826228,0.00023075545
20170215164839770.jpg,0,No DR,0,No DR,True,0.9864297,0.9864297,0.0001866481,0.013308891,2.2899343e-05,5.1891242e-05
007-0260-000.jpg,0,No DR,0,No DR,True,0.99508566,0.99508566,4.2965356e-05,0.0048682373,1.8622059e-07,2.9167247e-06
007-5112-300.jpg,2,Moderate,2,Moderate,True,0.91877776,0.0662754,0.012745587,0.91877776,0.001921775,0.00027945946
007-4537-200.jpg,2,Moderate,2,Moderate,True,0.99483585,2.1519181e-05,1.8120725e-05,0.99483585,6.170575e-07,0.0051239533
20170327094324636.jpg,0,No DR,0,No DR,True,0.9838313,0.9838313,0.0032095225,0.012890211,6.6507696e-06,6.226671e-05
20170425180850064.jpg,0,No DR,0,No DR,True,0.79689145,0.79689145,0.109968156,0.093031324,5.755437e-05,5.1444404e-05
007-5942-300.jpg,2,Moderate,2,Moderate,True,0.998862,9.146835e-05,0.00047223255,0.998862,0.00032870044,0.0002456154
007-8331-602.jpg,0,No DR,0,No DR,True,0.39420965,0.39420965,1.8789038e-05,0.3766862,1.2080111e-05,0.22907332
007-3694-200.jpg,2,Moderate,2,Moderate,True,0.5662603,0.2606364,0.0043500876,0.5662603,0.16506183,0.003691396
20170615110729147.jpg,2,Moderate,2,Moderate,True,0.551219,0.29739845,0.12775643,0.551219,0.010320994,0.013305126
007-2860-100.jpg,2,Moderate,2,Moderate,True,0.94421405,0.038844787,0.016279522,0.94421405,0.00034723483,0.00031443647
20170324085147957.jpg,0,No DR,0,No DR,True,0.9486199,0.9486199,0.04087201,0.010416654,2.4163692e-05,6.727273e-05
007-3928-200.jpg,2,Moderate,2,Moderate,True,0.9974023,0.0024921887,2.197165e-06,0.9974023,3.2957382e-06,0.00010000739
007-1281-000.jpg,0,No DR,0,No DR,True,0.93854517,0.93854517,0.004226701,0.057166632,3.0378426e-06,5.8373374e-05
007-2645-100.jpg,2,Moderate,2,Moderate,True,0.9540506,0.044822637,0.00074452936,0.9540506,0.00024910987,0.0001330857
20170206083214443.jpg,0,No DR,0,No DR,True,0.9522264,0.9522264,0.042877812,0.0048550665,9.455132e-06,3.1228235e-05
007-5213-300.jpg,2,Moderate,2,Moderate,True,0.97228867,0.027649818,4.8284917e-05,0.97228867,1.979211e-06,1.1258255e-05
007-1121-000.jpg,0,No DR,0,No DR,True,0.779385,0.779385,0.14839034,0.07154495,0.00019129792,0.0004884362
007-0973-000.jpg,0,No DR,0,No DR,True,0.9727452,0.9727452,0.0016251506,0.025528407,1.5337653e-05,8.5927175e-05
20170408222007842.jpg,0,No DR,0,No DR,True,0.98813695,0.98813695,0.01007311,0.0017788423,8.36408e-06,2.6796356e-06
007-0357-000.jpg,0,No DR,0,No DR,True,0.9371806,0.9371806,0.00029400745,0.06250446,5.1908096e-06,1.5760537e-05
20170408225045401.jpg,0,No DR,0,No DR,True,0.99926,0.99926,5.208528e-05,0.00068648363,6.4908147e-07,7.129377e-07
20170527183642236.jpg,2,Moderate,0,No DR,False,0.7183011,0.7183011,0.0006992618,0.2808396,0.00013278828,2.7246919e-05
007-0153-000.jpg,0,No DR,0,No DR,True,0.89348984,0.89348984,0.0038992174,0.10258715,7.208628e-06,1.6469507e-05
20170330222644867.jpg,0,No DR,0,No DR,True,0.759848,0.759848,0.060146768,0.17971581,0.00011447622,0.00017493618
20170330153520843.jpg,0,No DR,0,No DR,True,0.9981688,0.9981688,5.797776e-05,0.0017717279,3.289687e-07,1.0784946e-06
20170410143909882.jpg,0,No DR,0,No DR,True,0.7065422,0.7065422,0.18804106,0.1053042,6.958841e-05,4.2933796e-05
20170516163623154.jpg,2,Moderate,2,Moderate,True,0.87370664,0.03739835,0.08594436,0.87370664,0.0025281103,0.00042252854
007-0842-000.jpg,0,No DR,0,No DR,True,0.9711902,0.9711902,0.0064055314,0.022236345,3.5986268e-05,0.00013198653
007-2252-100.jpg,2,Moderate,2,Moderate,True,0.51715994,0.21467274,0.2671212,0.51715994,0.00083660457,0.00020947632
007-7180-400.jpg,4,Proliferative,4,Proliferative,True,0.9993813,2.142613e-05,1.7548334e-06,0.00059518113,2.4343e-07,0.9993813
20170326081652962.jpg,0,No DR,0,No DR,True,0.9864587,0.9864587,0.010556036,0.0029753505,3.3565361e-06,6.499454e-06
007-7184-400.jpg,4,Proliferative,4,Proliferative,True,0.99996436,9.777068e-07,1.4758837e-06,2.7038419e-05,6.194001e-06,0.99996436
007-2573-100.jpg,0,No DR,0,No DR,True,0.7190034,0.7190034,0.045231845,0.23147066,0.00042752954,0.0038665663
20170430201007090.jpg,0,No DR,0,No DR,True,0.99953437,0.99953437,4.339413e-05,0.00041104507,2.0054795e-06,9.231014e-06
20170618202047811.jpg,2,Moderate,2,Moderate,True,0.86916924,0.08165514,0.046058893,0.86916924,0.0023844596,0.0007322388
20170430200001876.jpg,0,No DR,0,No DR,True,0.9134968,0.9134968,0.036716953,0.049691517,7.685184e-05,1.8018412e-05
007-1192-000.jpg,0,No DR,1,Mild,False,0.94646424,0.029142056,0.94646424,0.02394362,0.0001309644,0.00031914056
20170217105826821.jpg,0,No DR,0,No DR,True,0.87634486,0.87634486,0.096494995,0.027023546,4.3231837e-05,9.327085e-05
007-0297-000.jpg,0,No DR,0,No DR,True,0.99939144,0.99939144,0.00016854703,0.0004235563,3.615662e-06,1.2848131e-05
007-6882-400.jpg,4,Proliferative,4,Proliferative,True,0.67456734,0.0034074027,0.00061681855,0.3211637,0.00024469974,0.67456734
007-4533-200.jpg,2,Moderate,2,Moderate,True,0.9999037,7.707683e-05,1.1521794e-05,0.9999037,3.9452942e-07,7.3358888e-06
20170207084355189.jpg,0,No DR,0,No DR,True,0.9526231,0.9526231,0.026827587,0.020207647,0.00027062703,7.1040326e-05
007-0518-000.jpg,0,No DR,0,No DR,True,0.99826187,0.99826187,0.00039108994,0.0013409037,2.9732948e-06,3.1539948e-06
007-2013-100.jpg,1,Mild,0,No DR,False,0.95289874,0.95289874,0.00010228805,0.0466045,0.00010155605,0.00029299187
007-1835-100.jpg,1,Mild,2,Moderate,False,0.60712314,0.34073195,0.051385544,0.60712314,0.000249463,0.000509947
007-8456-603.jpg,2,Moderate,2,Moderate,True,0.99285275,0.0068609845,4.0047486e-05,0.99285275,8.072816e-06,0.00023808485
20170517105302723.jpg,2,Moderate,2,Moderate,True,0.9929229,0.004376625,0.000128916,0.9929229,0.002457953,0.00011360771
007-4594-200.jpg,2,Moderate,2,Moderate,True,0.99700147,0.0024919594,4.1279356e-05,0.99700147,0.0003908076,7.440511e-05
007-4136-200.jpg,2,Moderate,2,Moderate,True,0.9975405,0.0009486874,0.0012045039,0.9975405,3.134924e-05,0.00027490171
007-3070-100.jpg,2,Moderate,2,Moderate,True,0.9634468,0.028107647,0.0032468438,0.9634468,0.0010588343,0.0041398397
20170429203519271.jpg,0,No DR,0,No DR,True,0.992331,0.992331,0.005954412,0.0017098603,2.3266853e-06,2.3508e-06
20170627192035083.jpg,1,Mild,2,Moderate,False,0.9200153,0.06348229,0.013829885,0.9200153,0.0023085116,0.0003641032
20170411141618642.jpg,0,No DR,0,No DR,True,0.9641471,0.9641471,0.0014543129,0.034297034,2.4247218e-05,7.7391924e-05
007-6103-300.jpg,2,Moderate,2,Moderate,True,0.9999794,3.5812202e-06,3.9096253e-08,0.9999794,3.0457137e-08,1.6925047e-05
20170324090522483.jpg,0,No DR,0,No DR,True,0.9919878,0.9919878,0.00029899264,0.007711372,2.9529446e-07,1.5464179e-06
007-3994-200.jpg,2,Moderate,2,Moderate,True,0.9518288,0.044912063,0.0010418502,0.9518288,9.0731664e-05,0.0021265754
007-2343-100.jpg,1,Mild,0,No DR,False,0.66719157,0.66719157,0.21894473,0.113458134,0.00026292074,0.00014261584
007-6197-300.jpg,2,Moderate,2,Moderate,True,0.90162575,0.055092677,0.014546957,0.90162575,0.0034633437,0.025271295
007-6376-400.jpg,4,Proliferative,2,Moderate,False,0.96827286,4.7415898e-07,1.488585e-07,0.96827286,2.816964e-05,0.03169831
20170217154756331.jpg,0,No DR,1,Mild,False,0.69451684,0.27858788,0.69451684,0.026190883,0.00032884916,0.0003755756
20170324144304719.jpg,0,No DR,0,No DR,True,0.59584475,0.59584475,0.050804745,0.3503045,0.0020327577,0.0010132234
007-1957-100.jpg,2,Moderate,2,Moderate,True,0.37662992,0.3255409,0.29720923,0.37662992,0.00032143557,0.00029849063
20170430202442721.jpg,0,No DR,0,No DR,True,0.9993606,0.9993606,0.00012129731,0.0005090831,7.046063e-06,1.9668753e-06
007-5836-300.jpg,2,Moderate,2,Moderate,True,0.9869811,0.011595856,0.0008792555,0.9869811,6.760269e-05,0.0004760993
20170429200829964.jpg,0,No DR,0,No DR,True,0.99595237,0.99595237,5.825266e-05,0.0039854124,1.7747234e-06,2.1144697e-06
20170614103846161.jpg,3,Severe,3,Severe,True,0.97688735,0.00023406075,6.992373e-05,0.02102772,0.97688735,0.0017810089
007-4309-200.jpg,2,Moderate,2,Moderate,True,0.9275313,0.017035121,0.0021706624,0.9275313,0.0011014647,0.052161463
007-4584-200.jpg,2,Moderate,2,Moderate,True,0.99367106,0.0009871495,5.992325e-05,0.99367106,0.0045466204,0.0007352321
20170429211535495.jpg,0,No DR,0,No DR,True,0.9985322,0.9985322,8.166831e-06,0.0014254025,1.7039654e-05,1.7168008e-05
20170120221816237.jpg,0,No DR,0,No DR,True,0.9972282,0.9972282,1.7946382e-05,0.0027508065,1.6529191e-06,1.3623227e-06
007-2732-100.jpg,2,Moderate,2,Moderate,True,0.96111614,0.030008331,0.0076564397,0.96111614,0.00086060964,0.00035845078
007-5499-300.jpg,2,Moderate,2,Moderate,True,0.9901002,0.00055692415,0.009206855,0.9901002,2.59651e-05,0.0001100373
007-1296-000.jpg,0,No DR,0,No DR,True,0.87952024,0.87952024,0.010432545,0.1099378,7.552479e-05,3.3873486e-05
20170428093232618.jpg,0,No DR,0,No DR,True,0.93682164,0.93682164,5.8764334e-05,0.062898,0.00014422818,7.7379045e-05
20170407220510910.jpg,0,No DR,0,No DR,True,0.99592257,0.99592257,0.00081200723,0.0032394875,1.3459847e-05,1.2499978e-05
007-1769-100.jpg,1,Mild,2,Moderate,False,0.49539852,0.48625153,0.018325474,0.49539852,3.0679412e-06,2.1382404e-05
20170323130835496.jpg,0,No DR,0,No DR,True,0.896193,0.896193,0.0140863005,0.086256586,0.00070749724,0.0027565162
20170612211133532.jpg,2,Moderate,2,Moderate,True,0.9911062,9.404899e-07,7.816955e-07,0.9911062,0.00037691818,0.008515147
007-2758-100.jpg,2,Moderate,1,Mild,False,0.6747432,0.0035360737,0.6747432,0.31347826,0.0041004973,0.0041419757
20170217161948427.jpg,0,No DR,0,No DR,True,0.7761015,0.7761015,0.11958218,0.104145505,5.6193825e-05,0.00011463626
007-4738-200.jpg,2,Moderate,2,Moderate,True,0.61836183,0.35300693,0.009860142,0.61836183,0.0011333196,0.017637784
007-0807-000.jpg,0,No DR,0,No DR,True,0.71876353,0.71876353,0.24282527,0.038253933,5.3939322e-05,0.000103362945
007-1802-100.jpg,1,Mild,2,Moderate,False,0.7368141,0.01736278,0.24528424,0.7368141,0.00035347685,0.000185419
007-6896-400.jpg,4,Proliferative,4,Proliferative,True,0.9763658,4.2561613e-05,0.00019959596,0.023041563,0.0003505087,0.9763658
007-0521-000.jpg,0,No DR,0,No DR,True,0.98813397,0.98813397,0.0003449347,0.011192877,1.2989648e-05,0.00031525103
20170324080917203.jpg,0,No DR,0,No DR,True,0.9996613,0.9996613,0.00017943674,0.00015832279,7.1234643e-07,1.6710332e-07
20170429200249270.jpg,0,No DR,0,No DR,True,0.99875915,0.99875915,3.2568136e-05,0.0012032505,1.5363096e-06,3.5124344e-06
20170429221517229.jpg,0,No DR,0,No DR,True,0.99881893,0.99881893,4.7720583e-05,0.0011145856,1.1265134e-05,7.4680297e-06
007-2477-100.jpg,2,Moderate,2,Moderate,True,0.97706544,0.0019075167,0.01794934,0.97706544,0.0021707027,0.0009070123
007-6394-400.jpg,4,Proliferative,4,Proliferative,True,0.99841666,5.338395e-06,2.8543417e-07,0.0015667443,1.0930093e-05,0.99841666
20170211082727722.jpg,0,No DR,0,No DR,True,0.8802851,0.8802851,0.026301067,0.09325818,6.4793758e-06,0.00014911733
20170220092338749.jpg,0,No DR,0,No DR,True,0.93902,0.93902,0.0042049545,0.05675741,7.901411e-06,9.75279e-06
007-1813-100.jpg,2,Moderate,2,Moderate,True,0.9906194,0.0015332445,0.0016698441,0.9906194,0.0055353125,0.0006420652
007-1554-000.jpg,0,No DR,0,No DR,True,0.8135007,0.8135007,0.050339274,0.13573913,0.0001949775,0.00022588666
007-3541-200.jpg,2,Moderate,1,Mild,False,0.5146305,0.08859019,0.5146305,0.39626107,0.00037060285,0.00014761947
007-2192-100.jpg,0,No DR,0,No DR,True,0.9880002,0.9880002,5.2615705e-05,0.011913574,2.6241663e-05,7.2882904e-06
20170629112225780.jpg,2,Moderate,2,Moderate,True,0.955423,0.0331478,0.006924669,0.955423,0.004344551,0.00015992069
20170324084144836.jpg,0,No DR,0,No DR,True,0.9525745,0.9525745,0.00045918135,0.046489432,0.00044640005,3.0489397e-05
20170223094123204.jpg,0,No DR,0,No DR,True,0.6390105,0.6390105,0.0013650669,0.3562191,0.0030495836,0.00035571936
007-6384-400.jpg,4,Proliferative,2,Moderate,False,0.76576436,2.6817073e-05,2.1090696e-05,0.76576436,0.0026710765,0.23151673
20170429203054497.jpg,0,No DR,0,No DR,True,0.7088737,0.7088737,0.011121814,0.27611163,0.0038130558,7.974923e-05
007-1658-000.jpg,0,No DR,0,No DR,True,0.39497468,0.39497468,0.019551273,0.3685376,5.6838875e-05,0.21687962
20170224212408649.jpg,0,No DR,0,No DR,True,0.997297,0.997297,0.00023551498,0.0024607596,4.320161e-06,2.5258682e-06
007-3458-200.jpg,2,Moderate,2,Moderate,True,0.9999212,5.8276396e-07,2.7966468e-07,0.9999212,1.1340941e-05,6.6599394e-05
007-2631-100.jpg,2,Moderate,0,No DR,False,0.83092695,0.83092695,0.1553065,0.012903819,0.00084240816,2.0417458e-05
007-0503-000.jpg,0,No DR,0,No DR,True,0.9131044,0.9131044,0.000877668,0.08579538,0.00018319448,3.941546e-05
20170323091629619.jpg,0,No DR,1,Mild,False,0.5965351,0.33952338,0.5965351,0.06389617,1.349325e-05,3.181098e-05
007-4940-300.jpg,2,Moderate,2,Moderate,True,0.7522976,0.14599186,0.10037096,0.7522976,0.0010895525,0.0002500027
007-1465-000.jpg,0,No DR,0,No DR,True,0.9847504,0.9847504,0.00389873,0.011261383,5.7890866e-05,3.1522963e-05
007-1961-100.jpg,1,Mild,2,Moderate,False,0.45209566,0.14630163,0.39913192,0.45209566,0.0009013333,0.0015693867
20170427191045918.jpg,0,No DR,0,No DR,True,0.8219781,0.8219781,0.04371402,0.1339943,0.00019681048,0.000116775176
20170417152010581.jpg,0,No DR,0,No DR,True,0.84034795,0.84034795,0.13694161,0.022619033,2.0805981e-05,7.062819e-05
007-7175-400.jpg,4,Proliferative,2,Moderate,False,0.92393947,0.00076510606,0.0011946001,0.92393947,0.031809393,0.04229146
007-6540-400.jpg,4,Proliferative,4,Proliferative,True,0.9998914,5.586005e-08,8.947918e-09,0.00010847001,1.2422842e-07,0.9998914
007-6875-400.jpg,4,Proliferative,4,Proliferative,True,0.99216497,0.0001347964,0.00019022833,0.006760282,0.0007496746,0.99216497
007-2106-100.jpg,2,Moderate,2,Moderate,True,0.99755967,0.00028030985,0.00015045801,0.99755967,0.00038744693,0.0016221
007-6360-400.jpg,4,Proliferative,4,Proliferative,True,0.99984074,3.6981055e-05,1.1560696e-06,3.369592e-05,8.7398315e-05,0.99984074
20170430194549413.jpg,0,No DR,0,No DR,True,0.9686788,0.9686788,0.00032004694,0.030975357,1.9689925e-05,6.162257e-06
20170213091846694.jpg,0,No DR,0,No DR,True,0.6564774,0.6564774,0.0059775277,0.3369151,0.00034154672,0.00028846163
20170428083313325.jpg,0,No DR,0,No DR,True,0.5245737,0.5245737,0.06760997,0.40044644,0.0016441925,0.0057257544
20170204103033420.jpg,0,No DR,0,No DR,True,0.9736481,0.9736481,0.00018162437,0.026167765,1.313679e-07,2.4368105e-06
007-4329-200.jpg,2,Moderate,2,Moderate,True,0.7155431,0.000119398675,0.000730381,0.7155431,0.28338262,0.00022445423
20170214144743190.jpg,0,No DR,0,No DR,True,0.991211,0.991211,0.007132779,0.0016399767,3.5868532e-06,1.2671585e-05
20170224222711000.jpg,0,No DR,0,No DR,True,0.9942748,0.9942748,0.0003772436,0.0053065373,1.9961266e-05,2.1402939e-05
20170206181327355.jpg,0,No DR,0,No DR,True,0.89417565,0.89417565,0.0001772348,0.1055665,2.6847647e-06,7.795569e-05
20170429214330890.jpg,0,No DR,0,No DR,True,0.999728,0.999728,1.4985296e-06,0.00017312689,2.4802637e-06,9.488913e-05
20170427184310184.jpg,0,No DR,0,No DR,True,0.9982845,0.9982845,0.00030781102,0.0013944933,3.48198e-06,9.609929e-06
20170608212719065.jpg,2,Moderate,2,Moderate,True,0.999816,5.1652933e-06,0.00012975179,0.999816,1.9294052e-05,2.9796356e-05
007-0232-000.jpg,0,No DR,0,No DR,True,0.9992094,0.9992094,2.8773797e-05,0.0007502044,2.736775e-06,8.8652905e-06
007-0630-000.jpg,0,No DR,0,No DR,True,0.9998361,0.9998361,9.129359e-06,0.00015296914,1.7456249e-06,1.7824775e-07
007-3491-200.jpg,2,Moderate,2,Moderate,True,0.9230471,0.0013054875,0.074973166,0.9230471,0.00052261946,0.00015158346
007-3743-200.jpg,2,Moderate,2,Moderate,True,0.99846375,0.00017434235,0.00015695399,0.99846375,0.00071005715,0.0004949307
007-0523-000.jpg,0,No DR,0,No DR,True,0.7428607,0.7428607,0.006302551,0.24942416,0.0008285854,0.00058398646
20170508222445492.jpg,2,Moderate,0,No DR,False,0.6069321,0.6069321,0.29642484,0.09641395,9.8620825e-05,0.00013046933
007-5167-300.jpg,3,Severe,3,Severe,True,0.999003,1.5697518e-05,7.1201557e-06,0.00077929697,0.999003,0.0001949314
007-4861-300.jpg,2,Moderate,2,Moderate,True,0.9995989,8.4439176e-05,1.1637686e-05,0.9995989,0.00030119906,3.8557505e-06
007-4013-200.jpg,2,Moderate,2,Moderate,True,0.79619884,0.039636325,0.16413136,0.79619884,6.903658e-06,2.6570055e-05
007-6794-400.jpg,4,Proliferative,4,Proliferative,True,0.9998381,2.670827e-05,3.5564287e-06,7.183386e-05,5.9677437e-05,0.9998381
20170411104820443.jpg,0,No DR,0,No DR,True,0.9129373,0.9129373,0.00041539824,0.08661672,1.20279165e-05,1.8637269e-05
20170427183048684.jpg,0,No DR,0,No DR,True,0.99928397,0.99928397,1.7329545e-05,0.0006247276,2.9619565e-05,4.444812e-05
007-0774-000.jpg,0,No DR,0,No DR,True,0.9041196,0.9041196,0.0019196323,0.09392457,2.4018938e-05,1.2178788e-05
20170331110254863.jpg,0,No DR,0,No DR,True,0.9269141,0.9269141,0.018784067,0.053417597,0.00022282275,0.0006614694
007-5035-300.jpg,2,Moderate,2,Moderate,True,0.99872845,0.00044504472,0.0006700437,0.99872845,5.9003814e-05,9.746805e-05
20170331133825966.jpg,0,No DR,0,No DR,True,0.980792,0.980792,0.013091894,0.006106919,2.385513e-06,6.7246483e-06
20170120222905288.jpg,0,No DR,0,No DR,True,0.99946004,0.99946004,1.7810758e-06,0.00053807563,7.5722035e-08,4.5867857e-08
007-4483-200.jpg,2,Moderate,2,Moderate,True,0.80798197,0.18989082,0.0010539991,0.80798197,6.112145e-05,0.0010120682
20170428111534396.jpg,0,No DR,0,No DR,True,0.90975827,0.90975827,0.008810563,0.08119203,0.0001422133,9.691735e-05
20170429204745543.jpg,0,No DR,0,No DR,True,0.9985852,0.9985852,1.7880779e-05,0.0013405074,4.4690245e-05,1.1636621e-05
007-5945-300.jpg,2,Moderate,2,Moderate,True,0.9998273,7.1470877e-06,1.3029855e-05,0.9998273,3.0245956e-05,0.00012223811
007-3048-100.jpg,1,Mild,1,Mild,True,0.95590353,0.021033974,0.95590353,0.022699725,2.0321093e-05,0.0003424459
007-5795-300.jpg,2,Moderate,2,Moderate,True,0.99851495,3.2610935e-06,1.2064419e-07,0.99851495,0.0014607329,2.095913e-05
20170405090038424.jpg,0,No DR,0,No DR,True,0.9988682,0.9988682,1.2250245e-05,0.0011143896,1.0636007e-06,4.102528e-06
20170502095043169.jpg,2,Moderate,2,Moderate,True,0.5603756,0.30701655,0.1322859,0.5603756,0.00017570057,0.00014630436
20170214220426150.jpg,0,No DR,0,No DR,True,0.9551239,0.9551239,0.0006661582,0.041369803,0.0007181055,0.002122033
20170131090204290.jpg,0,No DR,0,No DR,True,0.9262513,0.9262513,0.036482863,0.037238736,6.514353e-06,2.0556317e-05
20170427181340648.jpg,0,No DR,0,No DR,True,0.9996,0.9996,1.0639219e-05,0.00038886798,4.4852627e-07,8.919503e-08
20170429231120977.jpg,0,No DR,0,No DR,True,0.9963319,0.9963319,0.00019230456,0.0032585303,5.1658164e-05,0.00016564841
20170324090524051.jpg,0,No DR,0,No DR,True,0.9707553,0.9707553,0.0010971271,0.028087202,2.3119019e-05,3.7222482e-05
20170425160813048.jpg,0,No DR,0,No DR,True,0.77480423,0.77480423,0.07843537,0.13684873,0.0062326537,0.0036790476
007-2386-100.jpg,1,Mild,0,No DR,False,0.9706351,0.9706351,0.0130934175,0.016198145,4.1897732e-05,3.1395037e-05
007-2724-100.jpg,2,Moderate,2,Moderate,True,0.5418687,0.39088288,0.026262145,0.5418687,0.00017031614,0.040816
20170427191132650.jpg,0,No DR,0,No DR,True,0.86010295,0.86010295,0.001925516,0.13677315,0.00050240674,0.0006960129
20170429203248590.jpg,0,No DR,0,No DR,True,0.9962405,0.9962405,0.00023109202,0.003033965,2.5658384e-05,0.00046878215
007-4155-200.jpg,2,Moderate,4,Proliferative,False,0.88112444,0.000102284175,0.00063076994,0.11677401,0.001368412,0.88112444
007-5212-300.jpg,2,Moderate,2,Moderate,True,0.97578645,0.0037757256,0.020153416,0.97578645,8.427377e-06,0.00027593347
20170430142545713.jpg,0,No DR,2,Moderate,False,0.9752117,0.022410052,0.001743851,0.9752117,0.00058941566,4.504607e-05
20170430195020637.jpg,0,No DR,0,No DR,True,0.71729183,0.71729183,0.00010896164,0.2825072,6.089376e-05,3.108654e-05
007-3591-200.jpg,2,Moderate,1,Mild,False,0.9592187,0.00075681944,0.9592187,0.039363135,1.4605504e-05,0.0006467921
007-6565-400.jpg,4,Proliferative,4,Proliferative,True,0.99544746,0.00012251956,0.00025086166,0.004177578,1.7135721e-06,0.99544746
20170506145433804.jpg,2,Moderate,2,Moderate,True,0.9444717,0.03533754,0.009767328,0.9444717,0.0052670836,0.005156316
20170430175727365.jpg,0,No DR,0,No DR,True,0.9985002,0.9985002,0.00012965508,0.0013536776,5.2701803e-06,1.1089124e-05
007-6527-400.jpg,4,Proliferative,4,Proliferative,True,0.99640864,0.0011805706,0.00033627026,0.0011473924,0.00092705013,0.99640864
20170429224704335.jpg,0,No DR,0,No DR,True,0.9993594,0.9993594,3.953888e-06,0.0006311157,2.5375111e-06,2.9970442e-06
007-4957-300.jpg,2,Moderate,2,Moderate,True,0.9936772,0.0002182129,0.0034165895,0.9936772,0.00032052316,0.0023674704
20170428120313013.jpg,0,No DR,0,No DR,True,0.99594986,0.99594986,0.000103118015,0.0039369147,6.7506235e-06,3.3194556e-06
007-1272-000.jpg,0,No DR,0,No DR,True,0.9979869,0.9979869,0.0009925343,0.0010201604,7.24175e-08,4.1501664e-07
007-3599-200.jpg,2,Moderate,2,Moderate,True,0.9065056,0.081202276,0.011910139,0.9065056,2.6623575e-05,0.00035539392
20170429214814322.jpg,0,No DR,0,No DR,True,0.9993831,0.9993831,3.1501102e-05,0.00057974795,4.1194894e-06,1.5032047e-06
20170206131408329.jpg,0,No DR,0,No DR,True,0.9953922,0.9953922,0.00041842376,0.004188752,2.5663567e-07,4.85163e-07
007-0498-000.jpg,0,No DR,0,No DR,True,0.83998007,0.83998007,0.0030497352,0.15669915,0.00018885298,8.2160324e-05
20170413085749781.jpg,0,No DR,0,No DR,True,0.9525651,0.9525651,0.027702909,0.019718068,3.850228e-06,1.013839e-05
007-4018-200.jpg,2,Moderate,2,Moderate,True,0.989865,0.00039881855,0.007056235,0.989865,0.0026181578,6.174563e-05
20170324091347852.jpg,0,No DR,0,No DR,True,0.9908461,0.9908461,0.0039735516,0.0047867075,3.7978894e-05,0.00035564342
20170626093610343.jpg,2,Moderate,2,Moderate,True,0.9993118,2.4570829e-05,0.0005718405,0.9993118,8.4489984e-05,7.3909655e-06
20170223174544090.jpg,0,No DR,0,No DR,True,0.99142414,0.99142414,0.0010142891,0.0075237704,1.01950845e-05,2.7672257e-05
007-7598-601.jpg,0,No DR,0,No DR,True,0.71085805,0.71085805,0.00070445036,0.28824058,4.0256214e-06,0.00019294929
20170207083818918.jpg,0,No DR,0,No DR,True,0.7645124,0.7645124,0.2125228,0.022896292,1.0071598e-05,5.8456524e-05
007-1488-000.jpg,0,No DR,0,No DR,True,0.9717349,0.9717349,0.0028722042,0.017983673,5.497034e-05,0.0073543084
20170612105012787.jpg,2,Moderate,2,Moderate,True,0.9206085,0.05198273,0.025270283,0.9206085,0.0015763121,0.0005621379
20170617103821616.jpg,1,Mild,2,Moderate,False,0.88529617,0.09066037,0.023795709,0.88529617,0.0001621331,8.558444e-05
20170427182705405.jpg,0,No DR,0,No DR,True,0.998439,0.998439,0.0001512647,0.001306717,2.531352e-06,0.000100442885
007-0689-000.jpg,0,No DR,0,No DR,True,0.98810005,0.98810005,0.0020085012,0.009879389,3.641538e-06,8.445812e-06
20170611090524022.jpg,2,Moderate,2,Moderate,True,0.9973901,0.0022835915,0.000104992934,0.9973901,8.141065e-05,0.00013986387
20170522100335384.jpg,2,Moderate,2,Moderate,True,0.99480706,0.0025638028,0.00010756366,0.99480706,0.00061094615,0.0019106368
007-3125-100.jpg,0,No DR,1,Mild,False,0.5144601,0.049373332,0.5144601,0.4313791,0.0014531286,0.0033343688
20170430200645200.jpg,0,No DR,0,No DR,True,0.99984324,0.99984324,2.1331325e-06,0.00014607633,2.9302118e-06,5.642246e-06
007-0129-000.jpg,0,No DR,0,No DR,True,0.8765751,0.8765751,0.008707821,0.11465546,6.5005697e-06,5.512006e-05
007-4828-300.jpg,2,Moderate,2,Moderate,True,0.9771424,0.0006720481,0.00068784226,0.9771424,0.0002819549,0.021215724
007-3758-200.jpg,2,Moderate,2,Moderate,True,0.9858957,1.6860797e-07,8.843901e-09,0.9858957,2.8633974e-06,0.014101342
007-4886-300.jpg,2,Moderate,3,Severe,False,0.9032392,0.00014012727,0.0001218462,0.09631195,0.9032392,0.00018688207
007-6042-300.jpg,2,Moderate,2,Moderate,True,0.9079991,0.015184292,0.034311548,0.9079991,0.0038995014,0.03860555
20170323085924938.jpg,0,No DR,0,No DR,True,0.9979888,0.9979888,3.651913e-05,0.0019668522,6.267685e-06,1.5887714e-06
007-3347-200.jpg,2,Moderate,2,Moderate,True,0.51139253,0.039194517,0.44390404,0.51139253,4.275347e-05,0.0054661506
007-0963-000.jpg,0,No DR,0,No DR,True,0.54645216,0.54645216,0.13677268,0.3162217,0.0004958524,5.7554586e-05
007-1745-000.jpg,0,No DR,0,No DR,True,0.65913165,0.65913165,0.027223382,0.31340626,0.00012237785,0.000116365656
20170429215929548.jpg,0,No DR,0,No DR,True,0.99701947,0.99701947,3.2847936e-05,0.0028124424,6.416953e-05,7.111371e-05
007-6274-300.jpg,2,Moderate,2,Moderate,True,0.98190606,0.0008956314,8.5659485e-06,0.98190606,0.016437277,0.0007524209
20170418102230027.jpg,0,No DR,0,No DR,True,0.99985635,0.99985635,1.1632532e-06,0.00013924601,2.2676259e-06,9.835937e-07
007-3750-200.jpg,2,Moderate,2,Moderate,True,0.8229758,0.0009766683,0.00015804441,0.8229758,0.0045640343,0.17132543
20170523085431841.jpg,2,Moderate,0,No DR,False,0.524459,0.524459,0.024082989,0.44411242,0.006906551,0.00043903492
007-4066-200.jpg,2,Moderate,4,Proliferative,False,0.9992279,9.5011217e-07,2.645524e-07,0.00070375093,6.716192e-05,0.9992279
007-4384-200.jpg,2,Moderate,2,Moderate,True,0.9979316,4.0319308e-05,4.511885e-05,0.9979316,8.351976e-06,0.0019746732
20170430200245076.jpg,0,No DR,0,No DR,True,0.9467989,0.9467989,0.00087159796,0.043338116,0.0002479311,0.008743532
20170329141551261.jpg,0,No DR,0,No DR,True,0.924932,0.924932,0.040958565,0.03385829,3.0066252e-05,0.0002210224
20170605164035106.jpg,2,Moderate,0,No DR,False,0.6196179,0.6196179,0.00062496454,0.3783058,0.0012908515,0.00016053679
007-5143-300.jpg,2,Moderate,2,Moderate,True,0.99954647,1.7267605e-07,1.4730007e-06,0.99954647,5.476404e-07,0.00045129223
007-5762-300.jpg,2,Moderate,2,Moderate,True,0.92773914,5.9789414e-05,4.9422066e-05,0.92773914,0.04508438,0.027067285
007-7842-601.jpg,0,No DR,2,Moderate,False,0.7776686,0.09595847,0.018714635,0.7776686,0.03311794,0.07454033
007-5754-300.jpg,3,Severe,2,Moderate,False,0.9764202,8.473529e-06,5.5061093e-05,0.9764202,0.023183191,0.00033307102
007-3167-100.jpg,0,No DR,0,No DR,True,0.4277354,0.4277354,0.42715833,0.12839682,0.00041362713,0.016295794
007-4847-300.jpg,3,Severe,2,Moderate,False,0.87655497,0.014499353,0.009068208,0.87655497,0.053113885,0.046763618
007-1436-000.jpg,0,No DR,0,No DR,True,0.88373363,0.88373363,0.04356543,0.07122439,0.00071481115,0.0007617558
007-0684-000.jpg,0,No DR,0,No DR,True,0.91767985,0.91767985,0.00019297359,0.08211488,3.8131816e-06,8.439091e-06
20170326091858070.jpg,0,No DR,0,No DR,True,0.99926823,0.99926823,0.00026032998,0.00047100146,1.8278119e-07,2.2467766e-07
007-0171-000.jpg,0,No DR,0,No DR,True,0.91905004,0.91905004,0.0032023403,0.07770744,1.0456829e-05,2.9741983e-05
007-4341-200.jpg,2,Moderate,2,Moderate,True,0.9991229,1.2364411e-06,3.5990738e-06,0.9991229,0.0003767826,0.00049546536
007-7446-601.jpg,0,No DR,0,No DR,True,0.8099251,0.8099251,0.016291741,0.17344481,8.985596e-05,0.00024847247
20170428154912997.jpg,0,No DR,2,Moderate,False,0.89275527,0.10554654,0.0012511068,0.89275527,0.0001659284,0.00028108203
007-0386-000.jpg,0,No DR,0,No DR,True,0.9997328,0.9997328,0.00013523866,0.00013185779,1.412422e-08,7.1692185e-08
007-6873-400.jpg,4,Proliferative,4,Proliferative,True,0.9989135,0.00029648666,0.00010686179,0.0006654842,1.7549264e-05,0.9989135
007-4283-200.jpg,2,Moderate,2,Moderate,True,0.53673786,0.0030347717,0.45785818,0.53673786,0.0009826885,0.0013865586
20170430173804702.jpg,0,No DR,0,No DR,True,0.9716807,0.9716807,0.0125676375,0.015547699,1.10016235e-05,0.0001928947
007-7338-601.jpg,0,No DR,0,No DR,True,0.9657639,0.9657639,5.6490186e-05,0.034160476,1.2309341e-07,1.8997369e-05
20170607110412679.jpg,2,Moderate,2,Moderate,True,0.99565953,0.0025164662,0.00019043048,0.99565953,0.0015725896,6.0985345e-05
007-1891-100.jpg,0,No DR,2,Moderate,False,0.8713403,0.10491427,0.017610246,0.8713403,4.0772193e-05,0.0060944324
007-0303-000.jpg,0,No DR,0,No DR,True,0.99724615,0.99724615,0.00025733848,0.002409926,4.6146215e-05,4.041364e-05
20170430201414723.jpg,0,No DR,0,No DR,True,0.98450804,0.98450804,0.00024201612,0.014085395,0.0010714673,9.303478e-05
20170106170829250.jpg,0,No DR,0,No DR,True,0.9996388,0.9996388,1.8204495e-05,0.000332512,3.855471e-06,6.702529e-06
007-6135-300.jpg,2,Moderate,2,Moderate,True,0.9982412,0.0002587594,2.213741e-05,0.9982412,7.764362e-06,0.0014701285
007-6809-400.jpg,4,Proliferative,4,Proliferative,True,0.9815019,0.0003593579,0.0022528816,0.008901343,0.0069846353,0.9815019
20170407112129731.jpg,0,No DR,0,No DR,True,0.9897237,0.9897237,0.005073228,0.0051788692,6.707053e-06,1.7515134e-05
007-0705-000.jpg,1,Mild,0,No DR,False,0.80490917,0.80490917,0.15820765,0.036465183,0.0002461129,0.00017186401
007-3812-200.jpg,2,Moderate,2,Moderate,True,0.96274114,6.749509e-05,7.999479e-05,0.96274114,0.025684701,0.011426674
007-4583-200.jpg,2,Moderate,2,Moderate,True,0.9725232,0.025366856,0.00042473408,0.9725232,3.4103043e-05,0.001651103
20170420184012218.jpg,0,No DR,0,No DR,True,0.99179053,0.99179053,5.1672974e-05,0.008153256,1.5448753e-06,2.985588e-06
20170429211817042.jpg,0,No DR,0,No DR,True,0.97354186,0.97354186,3.7354974e-05,0.026230117,0.00011640706,7.427705e-05
20170506144601373.jpg,2,Moderate,1,Mild,False,0.7558837,0.07672665,0.7558837,0.16421272,0.0021686305,0.0010082822
20170616085940941.jpg,2,Moderate,2,Moderate,True,0.996619,0.00216218,0.0010066713,0.996619,0.0001858452,2.6306172e-05
007-3723-200.jpg,3,Severe,2,Moderate,False,0.9921123,0.001918946,0.00398197,0.9921123,0.0018753983,0.00011136399
20170214091106462.jpg,0,No DR,1,Mild,False,0.6093895,0.36609694,0.6093895,0.024475574,1.9172163e-05,1.8868373e-05
007-2461-100.jpg,1,Mild,0,No DR,False,0.55667025,0.55667025,0.32394102,0.10692916,0.0014998445,0.010959726
007-4224-200.jpg,2,Moderate,2,Moderate,True,0.98911613,0.004355331,0.0012879147,0.98911613,0.004212793,0.0010277625
007-2595-100.jpg,1,Mild,2,Moderate,False,0.4873604,0.48591998,0.025932584,0.4873604,0.00056273607,0.00022425613
20170429223429622.jpg,0,No DR,0,No DR,True,0.9983633,0.9983633,2.1890424e-05,0.0015716287,3.9872742e-05,3.326221e-06
20170429231046998.jpg,0,No DR,0,No DR,True,0.9875092,0.9875092,0.0004583075,0.011816041,8.117128e-05,0.00013525946
20170223092417385.jpg,0,No DR,0,No DR,True,0.95458764,0.95458764,0.043572295,0.0018388692,7.722152e-07,5.119542e-07
20170408211833240.jpg,0,No DR,0,No DR,True,0.58223367,0.58223367,1.9986202e-05,0.41772422,1.4264179e-05,7.902839e-06
20170430201632652.jpg,0,No DR,1,Mild,False,0.83348846,0.1506529,0.83348846,0.015417468,0.00012060198,0.00032051772
007-5723-300.jpg,2,Moderate,2,Moderate,True,0.97597957,0.017721187,0.0048928177,0.97597957,0.0012978407,0.000108587614
007-3318-200.jpg,2,Moderate,4,Proliferative,False,0.9641561,6.138293e-05,9.874886e-06,0.03577207,5.605243e-07,0.9641561
20170208175254303.jpg,0,No DR,0,No DR,True,0.99514294,0.99514294,0.00019175623,0.004663278,1.8509053e-07,1.9449806e-06
20170418083234348.jpg,0,No DR,0,No DR,True,0.9997634,0.9997634,3.220857e-05,0.00020434108,1.7137772e-08,4.4954202e-08
007-5487-300.jpg,2,Moderate,2,Moderate,True,0.82551634,0.019316057,0.1525909,0.82551634,0.0021367904,0.00043988271
007-6959-400.jpg,4,Proliferative,4,Proliferative,True,0.5039142,0.17380282,0.006927234,0.31502572,0.00033000865,0.5039142
007-3851-200.jpg,2,Moderate,2,Moderate,True,0.99976736,6.5246466e-05,1.0315736e-05,0.99976736,4.7332836e-07,0.00015651635
20170509113000522.jpg,2,Moderate,0,No DR,False,0.991063,0.991063,8.420013e-05,0.008850344,1.0951845e-06,1.2959802e-06
007-3072-100.jpg,2,Moderate,2,Moderate,True,0.99644464,0.00021892102,0.0032794685,0.99644464,3.8047307e-05,1.886304e-05
20170422185554513.jpg,0,No DR,0,No DR,True,0.74270326,0.74270326,0.08170329,0.16851397,0.0067060026,0.0003735613
20170427201458706.jpg,0,No DR,0,No DR,True,0.961237,0.961237,0.004846337,0.033495158,0.0003766181,4.487941e-05
007-5244-300.jpg,2,Moderate,2,Moderate,True,0.9865094,0.0009844826,0.0016055879,0.9865094,0.0017266915,0.009173884
007-2356-100.jpg,2,Moderate,1,Mild,False,0.9395193,0.04426503,0.9395193,0.016133588,6.711355e-05,1.5010946e-05
20170428105022800.jpg,0,No DR,2,Moderate,False,0.5336617,0.4039044,0.044725493,0.5336617,0.010902033,0.006806354
20170523101901691.jpg,2,Moderate,2,Moderate,True,0.9983006,0.0015239237,5.3338492e-05,0.9983006,8.103248e-05,4.1113344e-05
007-0329-000.jpg,0,No DR,0,No DR,True,0.99987066,0.99987066,1.8149043e-05,0.00011101893,1.2506948e-07,1.225182e-07
007-4811-300.jpg,2,Moderate,2,Moderate,True,0.97139895,0.00037213415,0.00013505458,0.97139895,0.0011267655,0.026967019
007-5561-300.jpg,2,Moderate,2,Moderate,True,0.9961008,2.466504e-06,1.0881967e-07,0.9961008,4.594514e-05,0.003850724
20170427214203947.jpg,0,No DR,0,No DR,True,0.99015605,0.99015605,3.1418796e-05,0.009624857,0.00016951052,1.8163217e-05
20170427184535071.jpg,0,No DR,0,No DR,True,0.9936299,0.9936299,0.00058186473,0.005683018,7.283395e-05,3.2402422e-05
007-5412-300.jpg,2,Moderate,2,Moderate,True,0.9999943,2.0090426e-06,6.8659375e-08,0.9999943,1.6898148e-06,1.8753914e-06
20170324140648051.jpg,0,No DR,0,No DR,True,0.9936714,0.9936714,0.00010860104,0.006216001,1.4939309e-06,2.4922758e-06
20170223104629220.jpg,0,No DR,0,No DR,True,0.97004527,0.97004527,0.00034581183,0.029602354,3.061249e-06,3.4531581e-06
007-1722-000.jpg,0,No DR,2,Moderate,False,0.45347804,0.29369292,0.24655797,0.45347804,0.00083234184,0.0054386985
007-6547-400.jpg,4,Proliferative,2,Moderate,False,0.8297857,0.0002999047,0.0018038078,0.8297857,0.004139453,0.16397108
20170427100644556.jpg,0,No DR,1,Mild,False,0.47097525,0.32706636,0.47097525,0.19672981,0.0009121489,0.004316413
20170411113808410.jpg,0,No DR,0,No DR,True,0.8511813,0.8511813,0.045589488,0.10287927,4.5273024e-05,0.00030472552
007-6502-400.jpg,4,Proliferative,4,Proliferative,True,0.99867,1.7882126e-05,4.24679e-06,0.00052224455,0.0007856754,0.99867
20170622084331077.jpg,2,Moderate,2,Moderate,True,0.9581139,0.020954225,0.008631437,0.9581139,0.0074391887,0.0048612203
20170427092001417.jpg,0,No DR,0,No DR,True,0.9998442,0.9998442,2.8679785e-06,0.00013738552,2.1720373e-08,1.550203e-05
007-4681-200.jpg,2,Moderate,0,No DR,False,0.76683795,0.76683795,0.0018321382,0.23113823,3.937971e-06,0.00018777812
20170326095038980.jpg,0,No DR,0,No DR,True,0.964456,0.964456,0.034121808,0.001420751,4.718316e-07,1.0000532e-06
007-7182-400.jpg,4,Proliferative,4,Proliferative,True,0.99902654,1.1791082e-06,4.5279135e-06,0.00095463096,1.3064967e-05,0.99902654
007-1006-000.jpg,0,No DR,0,No DR,True,0.9475555,0.9475555,0.0032881862,0.04905938,1.1498231e-05,8.550487e-05
007-6046-300.jpg,2,Moderate,2,Moderate,True,0.9882565,1.2861346e-06,5.5127373e-07,0.9882565,0.01148055,0.00026105464
007-2839-100.jpg,1,Mild,0,No DR,False,0.72835684,0.72835684,0.025516551,0.2277027,0.0007102435,0.017713716
007-3954-200.jpg,2,Moderate,2,Moderate,True,0.9941155,0.005803263,2.0476244e-05,0.9941155,1.7540386e-05,4.3229807e-05
007-2449-100.jpg,2,Moderate,2,Moderate,True,0.85968345,0.0009412901,0.13872972,0.85968345,0.00036269036,0.00028282043
20170517095552898.jpg,1,Mild,2,Moderate,False,0.6701087,0.3030905,0.0264778,0.6701087,0.00020257039,0.000120461256
20170324092423588.jpg,0,No DR,0,No DR,True,0.9902486,0.9902486,2.0768457e-05,0.009693568,3.4446723e-05,2.624727e-06
007-5554-300.jpg,2,Moderate,2,Moderate,True,0.89621353,0.011292234,0.0002490237,0.89621353,0.010177778,0.0820675
20170313105829885.jpg,0,No DR,0,No DR,True,0.98723906,0.98723906,0.0009476739,0.011736518,3.894466e-05,3.781777e-05
20170413084028675.jpg,0,No DR,0,No DR,True,0.99826294,0.99826294,5.2231033e-05,0.0016837431,2.3866653e-07,8.828991e-07
007-6247-300.jpg,2,Moderate,2,Moderate,True,0.9998282,4.5281463e-06,8.530767e-06,0.9998282,8.472942e-06,0.00015016297
20170429213236557.jpg,0,No DR,0,No DR,True,0.9825759,0.9825759,0.0006210751,0.01634873,0.00020768344,0.00024673558
007-5011-300.jpg,2,Moderate,2,Moderate,True,0.9962753,0.00027121627,0.00013965052,0.9962753,0.0032760606,3.7771664e-05
20170221095742351.jpg,0,No DR,0,No DR,True,0.99622995,0.99622995,0.000191391,0.003554685,4.1693543e-06,1.9685898e-05
007-0475-000.jpg,0,No DR,0,No DR,True,0.9561497,0.9561497,0.017182495,0.026375035,5.682508e-05,0.0002359651
20170429200702514.jpg,0,No DR,0,No DR,True,0.98426753,0.98426753,0.010094611,0.0056151147,1.0382437e-05,1.2312527e-05
20170330085309517.jpg,0,No DR,0,No DR,True,0.99762625,0.99762625,2.4185003e-05,0.002288027,6.001441e-06,5.557065e-05
20170215165517404.jpg,0,No DR,0,No DR,True,0.91697353,0.91697353,0.007357929,0.075496085,8.8196335e-05,8.422618e-05
20170429221122514.jpg,0,No DR,0,No DR,True,0.9943873,0.9943873,0.00010868612,0.0054557347,1.9339739e-05,2.8912777e-05
20170427191346267.jpg,0,No DR,0,No DR,True,0.99975806,0.99975806,7.4162785e-06,0.00023248927,5.223383e-07,1.4542701e-06
20170612144724662.jpg,2,Moderate,1,Mild,False,0.7086801,0.011236073,0.7086801,0.2800356,9.508257e-06,3.865135e-05
007-8039-601.jpg,2,Moderate,2,Moderate,True,0.96697724,0.0020398959,0.00015006143,0.96697724,0.00018823518,0.030644545
007-6020-300.jpg,2,Moderate,2,Moderate,True,0.99286824,0.0068742298,0.0002280714,0.99286824,8.686629e-06,2.0807875e-05
007-5576-300.jpg,2,Moderate,2,Moderate,True,0.98347163,1.7043722e-05,3.4616332e-05,0.98347163,0.015802752,0.00067390455
007-4610-200.jpg,2,Moderate,2,Moderate,True,0.9972288,0.0016445215,9.053942e-06,0.9972288,4.8254547e-06,0.0011127979
20170216173745712.jpg,0,No DR,0,No DR,True,0.93645465,0.93645465,0.022309817,0.04075717,0.00037617824,0.00010224454
20170329083804001.jpg,0,No DR,0,No DR,True,0.99655366,0.99655366,5.149129e-05,0.0027898224,0.00038264497,0.00022238692
007-1807-100.jpg,2,Moderate,2,Moderate,True,0.51169026,0.20962152,0.27017656,0.51169026,5.1601583e-05,0.008460125
20170326080816565.jpg,0,No DR,0,No DR,True,0.991963,0.991963,0.0057270424,0.0023073014,5.605296e-07,1.9578852e-06
007-1904-100.jpg,1,Mild,1,Mild,True,0.95046216,0.009685264,0.95046216,0.039378695,0.0002511553,0.00022263182
20170418085617538.jpg,0,No DR,0,No DR,True,0.9448605,0.9448605,0.0021355448,0.05296939,7.692859e-06,2.6789841e-05
007-2152-100.jpg,2,Moderate,0,No DR,False,0.87515056,0.87515056,0.0319899,0.09281059,1.6081558e-05,3.290533e-05
007-1806-100.jpg,0,No DR,1,Mild,False,0.48054197,0.43079263,0.48054197,0.08668746,9.85851e-05,0.0018792953
007-1369-000.jpg,0,No DR,0,No DR,True,0.98558235,0.98558235,0.0031965591,0.011202624,1.1603398e-06,1.729791e-05
20170412090143066.jpg,0,No DR,0,No DR,True,0.99111736,0.99111736,0.0015937007,0.007279789,4.239208e-07,8.766634e-06
007-2104-100.jpg,1,Mild,0,No DR,False,0.92586255,0.92586255,0.038241845,0.03578681,4.5107183e-05,6.365696e-05
007-0993-000.jpg,2,Moderate,2,Moderate,True,0.98845553,0.010077381,0.0006534556,0.98845553,4.280155e-06,0.0008092829
20170323102532714.jpg,0,No DR,0,No DR,True,0.99915814,0.99915814,0.00015587476,0.0006341983,8.4790445e-06,4.3261913e-05
007-0248-000.jpg,0,No DR,0,No DR,True,0.9917869,0.9917869,2.2260597e-06,0.008208413,4.57666e-08,2.4251447e-06
20170421081130565.jpg,0,No DR,0,No DR,True,0.9976654,0.9976654,2.171816e-05,0.002208189,9.1270376e-05,1.3441803e-05
007-4564-200.jpg,3,Severe,2,Moderate,False,0.9878969,4.0617237e-05,0.00016218798,0.9878969,0.010541546,0.0013588162
007-5870-300.jpg,2,Moderate,1,Mild,False,0.93309885,0.0022016638,0.93309885,0.05737089,0.0013043911,0.006024203
20170412191552082.jpg,0,No DR,1,Mild,False,0.6790466,0.23334856,0.6790466,0.08660697,0.00068988703,0.0003079574
20170622165310431.jpg,2,Moderate,2,Moderate,True,0.9757165,0.019361861,0.0020647813,0.9757165,0.0028074086,4.952963e-05
007-0424-000.jpg,0,No DR,0,No DR,True,0.99599236,0.99599236,0.001185729,0.0026870642,8.565902e-07,0.00013408996
007-0447-000.jpg,0,No DR,0,No DR,True,0.99953914,0.99953914,7.666381e-06,0.00045227233,1.6334594e-08,9.1610167e-07
007-3361-200.jpg,2,Moderate,2,Moderate,True,0.9991165,0.00083142665,1.4837027e-06,0.9991165,1.2404789e-07,5.051444e-05
20170503090730660.jpg,2,Moderate,2,Moderate,True,0.9992273,2.3158268e-06,3.5703047e-06,0.9992273,0.00074418256,2.2702972e-05
007-2784-100.jpg,2,Moderate,2,Moderate,True,0.99715984,0.0020204072,0.0004757691,0.99715984,0.00033879152,5.324475e-06
007-1514-000.jpg,0,No DR,0,No DR,True,0.6638431,0.6638431,0.065825865,0.26995972,3.151007e-05,0.00033981126
007-2169-100.jpg,1,Mild,0,No DR,False,0.92947906,0.92947906,0.0033752802,0.067076944,1.443014e-06,6.730481e-05
20170207103824784.jpg,0,No DR,0,No DR,True,0.9903741,0.9903741,0.0011983075,0.0083284285,1.1990127e-05,8.720837e-05
007-4363-200.jpg,2,Moderate,1,Mild,False,0.9990859,0.00043103204,0.9990859,0.00038914717,4.5732403e-07,9.349362e-05
007-2572-100.jpg,0,No DR,0,No DR,True,0.9022435,0.9022435,0.00012065984,0.0959418,0.00017074641,0.0015232816
20170424153738041.jpg,0,No DR,0,No DR,True,0.92984563,0.92984563,0.027879557,0.042099264,2.0578465e-05,0.00015493133
007-0091-000.jpg,0,No DR,1,Mild,False,0.5893458,0.34978828,0.5893458,0.06077116,3.0343255e-05,6.439087e-05
20170429203302982.jpg,0,No DR,0,No DR,True,0.9947568,0.9947568,1.7903034e-05,0.0043875785,0.00080744794,3.0276859e-05
007-3043-100.jpg,1,Mild,0,No DR,False,0.72264606,0.72264606,0.23249464,0.042590972,0.00076376105,0.0015045638
007-3190-100.jpg,2,Moderate,2,Moderate,True,0.58403116,0.027447818,0.3826427,0.58403116,0.0053392127,0.00053915574
20170428085349919.jpg,0,No DR,0,No DR,True,0.7624849,0.7624849,0.017727874,0.21974616,8.201042e-06,3.2889653e-05
007-0635-000.jpg,0,No DR,0,No DR,True,0.9993362,0.9993362,3.5423493e-06,0.00065923674,7.297297e-07,1.9994974e-07
20170221145536662.jpg,0,No DR,0,No DR,True,0.98568475,0.98568475,0.0046533723,0.009645194,1.1278416e-06,1.5532623e-05
007-4600-200.jpg,2,Moderate,2,Moderate,True,0.9987294,1.2783362e-06,2.1436379e-06,0.9987294,0.00046544196,0.0008017473
007-4553-200.jpg,2,Moderate,2,Moderate,True,0.99954224,0.00029772765,7.828746e-05,0.99954224,2.6825552e-07,8.156095e-05
007-0644-000.jpg,0,No DR,2,Moderate,False,0.585579,0.4063654,0.0052451403,0.585579,0.0013992056,0.001411326
007-0278-000.jpg,0,No DR,0,No DR,True,0.9987092,0.9987092,4.0230996e-05,0.0011582472,7.490093e-05,1.7333889e-05
20170217105540766.jpg,0,No DR,0,No DR,True,0.8667194,0.8667194,0.012432765,0.11547671,0.0017744156,0.00359666
007-5515-300.jpg,2,Moderate,2,Moderate,True,0.529163,0.11790174,0.31227505,0.529163,0.025063192,0.015596983
20170417105107608.jpg,0,No DR,0,No DR,True,0.97937715,0.97937715,0.00010566932,0.020514939,1.1691591e-07,2.1028104e-06
20170326085552768.jpg,0,No DR,0,No DR,True,0.9947239,0.9947239,0.003973797,0.0013008178,4.3994513e-07,1.0288328e-06
007-5502-300.jpg,3,Severe,3,Severe,True,0.99901855,2.430149e-05,0.0004647937,0.00016306888,0.99901855,0.00032929322
20170409202147097.jpg,0,No DR,0,No DR,True,0.8567122,0.8567122,0.0014933106,0.14075017,0.000280545,0.0007638454
007-4832-300.jpg,2,Moderate,2,Moderate,True,0.93739814,7.3752e-05,0.00019849108,0.93739814,0.055185072,0.007144473
20170413114550593.jpg,0,No DR,0,No DR,True,0.9869005,0.9869005,0.0068596285,0.0062136278,1.7379726e-06,2.4482493e-05
20170606165241723.jpg,2,Moderate,2,Moderate,True,0.92956144,0.0055654054,0.048409685,0.92956144,0.0031511064,0.013312382
007-4098-200.jpg,2,Moderate,4,Proliferative,False,0.8361843,0.00049906375,0.000253365,0.1630214,4.1777945e-05,0.8361843
20170401095608158.jpg,0,No DR,0,No DR,True,0.99526876,0.99526876,9.703542e-05,0.0046290033,5.1312963e-07,4.751508e-06
20170301132539765.jpg,0,No DR,0,No DR,True,0.9805685,0.9805685,0.0009756252,0.01839642,1.6430446e-05,4.301763e-05
20170327111445864.jpg,0,No DR,0,No DR,True,0.8987746,0.8987746,0.0013379122,0.09907663,0.00055395055,0.00025693548
20170430141507700.jpg,0,No DR,0,No DR,True,0.9705695,0.9705695,0.018593917,0.010809379,1.763709e-05,9.578208e-06
007-0965-000.jpg,0,No DR,2,Moderate,False,0.96820104,0.030582726,0.00075107336,0.96820104,0.00022124287,0.00024398438
007-2207-100.jpg,0,No DR,0,No DR,True,0.9739671,0.9739671,0.00082575635,0.02499396,3.682414e-06,0.00020950491
20170502204843387.jpg,2,Moderate,2,Moderate,True,0.60686177,0.37979463,0.00016851194,0.60686177,0.011555704,0.001619458
007-6098-300.jpg,2,Moderate,2,Moderate,True,0.9944963,2.9272982e-05,9.142731e-06,0.9944963,0.004310335,0.0011549508
20170408215821373.jpg,0,No DR,0,No DR,True,0.99651754,0.99651754,0.0006967902,0.002748634,1.9340603e-05,1.767065e-05
20170619102743501.jpg,2,Moderate,2,Moderate,True,0.90547454,0.084500484,0.0064656627,0.90547454,0.0028472124,0.00071209884
007-6808-400.jpg,4,Proliferative,4,Proliferative,True,0.9994742,2.1871001e-05,0.00012560961,0.00036962228,8.718752e-06,0.9994742
20170429210408066.jpg,0,No DR,0,No DR,True,0.9994609,0.9994609,2.2218448e-05,0.00049928215,3.71013e-06,1.3768948e-05
007-7154-400.jpg,4,Proliferative,4,Proliferative,True,0.99999297,3.1034144e-06,4.908985e-07,3.2624932e-06,2.6185197e-07,0.99999297
20170505142933410.jpg,2,Moderate,2,Moderate,True,0.9990681,0.00012732146,1.2442604e-06,0.9990681,0.000796776,6.5798213e-06
20170223145813763.jpg,0,No DR,0,No DR,True,0.97856027,0.97856027,0.01508096,0.0063542244,1.9480386e-07,4.3417854e-06
20170429203606004.jpg,0,No DR,0,No DR,True,0.9687403,0.9687403,0.0020805893,0.028784499,0.00023973257,0.00015500381
20170406133140034.jpg,0,No DR,0,No DR,True,0.9649828,0.9649828,0.00021365222,0.03479121,9.566211e-06,2.8628708e-06
20170429200419712.jpg,0,No DR,0,No DR,True,0.9977374,0.9977374,8.222377e-05,0.0021677627,1.1087618e-05,1.4726768e-06
20170430193625923.jpg,0,No DR,0,No DR,True,0.9980817,0.9980817,8.356464e-05,0.0017952452,3.454637e-05,4.8458865e-06
007-6710-400.jpg,4,Proliferative,4,Proliferative,True,0.9993123,4.6369532e-05,1.4676594e-05,2.0182337e-05,0.00060656166,0.9993123
007-5881-300.jpg,2,Moderate,2,Moderate,True,0.9720391,0.018871712,0.0029606158,0.9720391,0.0060147387,0.000113840506
20170612083632767.jpg,2,Moderate,2,Moderate,True,0.65118897,0.34805742,0.00040890567,0.65118897,3.2133947e-05,0.00031263416
007-5040-300.jpg,2,Moderate,2,Moderate,True,0.98292404,0.0006854979,0.0011006299,0.98292404,0.0024257025,0.012864073
007-3594-200.jpg,2,Moderate,2,Moderate,True,0.97252876,0.0034150137,0.022278357,0.97252876,0.00029825603,0.0014796292
007-1719-000.jpg,0,No DR,0,No DR,True,0.6596952,0.6596952,0.0032800059,0.33632877,0.00031062737,0.0003853364
007-3845-200.jpg,2,Moderate,2,Moderate,True,0.9985989,8.448463e-07,4.6483237e-07,0.9985989,1.9324487e-05,0.0013805004
007-0609-000.jpg,0,No DR,0,No DR,True,0.9911814,0.9911814,0.00013791275,0.00863276,2.3084796e-05,2.479317e-05
007-2458-100.jpg,1,Mild,1,Mild,True,0.9944794,0.0013551139,0.9944794,0.0040645916,4.6635967e-05,5.4323817e-05
007-7190-400.jpg,4,Proliferative,4,Proliferative,True,0.74071974,0.06635972,0.0044520665,0.18760236,0.00086607784,0.74071974
007-2291-100.jpg,2,Moderate,2,Moderate,True,0.9337645,0.06032605,0.0051889955,0.9337645,0.00028063403,0.00043985105
007-2628-100.jpg,2,Moderate,2,Moderate,True,0.98519945,0.010617321,0.0041489364,0.98519945,3.0904295e-05,3.303347e-06
007-5370-300.jpg,2,Moderate,2,Moderate,True,0.9999522,5.016866e-09,5.464339e-09,0.9999522,8.190248e-06,3.9549905e-05
007-4032-200.jpg,2,Moderate,1,Mild,False,0.9963062,0.0016614281,0.9963062,0.0020113387,7.737274e-06,1.3382243e-05
007-1956-100.jpg,2,Moderate,2,Moderate,True,0.8161182,0.05868376,0.10179375,0.8161182,0.022025958,0.0013783214
007-2017-100.jpg,0,No DR,0,No DR,True,0.9593543,0.9593543,0.00026073473,0.040353607,1.0547e-06,3.0309498e-05
20170221195952465.jpg,0,No DR,0,No DR,True,0.97703063,0.97703063,0.013242232,0.009722645,1.1285873e-06,3.3354315e-06
007-5218-300.jpg,2,Moderate,2,Moderate,True,0.96114916,0.03230311,0.00034829456,0.96114916,2.4826046e-05,0.0061746906
007-6818-400.jpg,4,Proliferative,4,Proliferative,True,0.68948334,5.1354276e-05,1.3816018e-05,0.30020475,0.010246755,0.68948334
007-4655-200.jpg,2,Moderate,2,Moderate,True,0.9221903,0.010719995,0.038473636,0.9221903,4.2234795e-05,0.028573789
007-0042-000.jpg,0,No DR,0,No DR,True,0.71302325,0.71302325,0.18706955,0.09934725,0.00016354481,0.00039639664
007-6214-300.jpg,3,Severe,2,Moderate,False,0.80288583,0.038427386,0.06479464,0.80288583,0.02882448,0.06506765
20170427092355911.jpg,0,No DR,0,No DR,True,0.9883206,0.9883206,0.007406486,0.0040838076,8.304922e-05,0.000106177315
007-7000-400.jpg,4,Proliferative,4,Proliferative,True,0.95510894,0.0033659579,0.033295453,0.008169814,5.976331e-05,0.95510894
007-4465-200.jpg,2,Moderate,2,Moderate,True,0.9826821,0.009911102,0.0061912886,0.9826821,0.0006644427,0.00055098947
007-6043-300.jpg,2,Moderate,2,Moderate,True,0.9800125,0.0005127499,0.00013798423,0.9800125,4.44595e-05,0.019292282
007-3789-200.jpg,2,Moderate,2,Moderate,True,0.96803993,0.00062555046,0.00085907447,0.96803993,9.1933616e-05,0.030383509
007-2948-100.jpg,2,Moderate,1,Mild,False,0.50438017,0.13170841,0.50438017,0.35778072,5.9364906e-05,0.006071333
20170428082500827.jpg,0,No DR,0,No DR,True,0.57349414,0.57349414,0.0007588442,0.4249019,0.0005963631,0.00024871682
007-0059-000.jpg,0,No DR,0,No DR,True,0.62216747,0.62216747,0.21140493,0.16533759,0.00069233554,0.00039762794
20170323141914278.jpg,0,No DR,1,Mild,False,0.88812256,0.10643383,0.88812256,0.005388279,3.3694287e-05,2.1659213e-05
20170209151052217.jpg,0,No DR,0,No DR,True,0.9884056,0.9884056,0.003542431,0.008044689,2.1190344e-06,5.2127025e-06
20170417092512583.jpg,0,No DR,0,No DR,True,0.9973851,0.9973851,2.1268992e-05,0.0025786485,5.8151627e-06,9.127324e-06
20170409200748007.jpg,0,No DR,0,No DR,True,0.8461874,0.8461874,0.035355117,0.11620095,0.00013752958,0.0021190748
007-4979-300.jpg,2,Moderate,2,Moderate,True,0.96611995,0.000592495,0.0018234282,0.96611995,0.031380206,8.393538e-05
007-2924-100.jpg,2,Moderate,2,Moderate,True,0.39353582,0.28579026,0.084729016,0.39353582,0.00039566518,0.23554918
007-5153-300.jpg,2,Moderate,2,Moderate,True,0.99790776,0.00020712394,3.11357e-05,0.99790776,6.668292e-05,0.0017873166
007-6986-400.jpg,4,Proliferative,4,Proliferative,True,0.99997187,5.7336833e-06,1.0809761e-07,8.835949e-06,1.3500299e-05,0.99997187
007-4164-200.jpg,2,Moderate,2,Moderate,True,0.99941325,0.00011561453,0.00011898822,0.99941325,0.0002747253,7.736076e-05
007-6828-400.jpg,4,Proliferative,4,Proliferative,True,0.8224453,1.4172405e-05,0.001258352,0.17486235,0.0014197662,0.8224453
007-6992-400.jpg,4,Proliferative,4,Proliferative,True,0.9999523,1.562821e-07,2.3772802e-08,4.7166606e-05,2.9585857e-07,0.9999523
20170215224039102.jpg,0,No DR,0,No DR,True,0.76777345,0.76777345,0.2095269,0.02258363,3.6229158e-05,7.994658e-05
20170323142918454.jpg,0,No DR,0,No DR,True,0.9110092,0.9110092,0.025967058,0.06275792,0.00017041428,9.548577e-05
007-2168-100.jpg,1,Mild,2,Moderate,False,0.5920189,0.39404932,0.011310801,0.5920189,0.00033807463,0.0022828889
007-3719-200.jpg,2,Moderate,2,Moderate,True,0.7775584,0.18869188,0.007927794,0.7775584,0.00030511493,0.025516806
007-7575-601.jpg,0,No DR,0,No DR,True,0.9979024,0.9979024,0.00028872918,0.0017439238,1.14038315e-07,6.483796e-05
007-6229-300.jpg,2,Moderate,2,Moderate,True,0.9989526,0.0009813404,3.8240243e-05,0.9989526,1.6854929e-05,1.0817286e-05
007-5454-300.jpg,2,Moderate,2,Moderate,True,0.99998987,4.5386028e-06,1.1655274e-06,0.99998987,4.25149e-06,2.1601373e-07
007-2513-100.jpg,2,Moderate,1,Mild,False,0.99934834,0.0005957786,0.99934834,5.582926e-05,1.8369294e-08,3.683333e-08
007-3572-200.jpg,2,Moderate,0,No DR,False,0.7546596,0.7546596,0.0056591723,0.23960654,5.092334e-05,2.3733961e-05
20170214220241697.jpg,0,No DR,0,No DR,True,0.9736887,0.9736887,0.0133138755,0.012979959,1.2138159e-05,5.3413373e-06
007-0419-000.jpg,0,No DR,0,No DR,True,0.99247545,0.99247545,0.00476739,0.0027410898,3.779233e-06,1.2269029e-05
007-2047-100.jpg,1,Mild,0,No DR,False,0.8310406,0.8310406,0.01975686,0.14916085,1.3434218e-05,2.8276723e-05
007-6119-300.jpg,2,Moderate,2,Moderate,True,0.6086315,0.39051503,0.0008083895,0.6086315,2.0813873e-06,4.3006414e-05
20170429200631121.jpg,0,No DR,0,No DR,True,0.99983406,0.99983406,2.7766268e-05,0.00013736304,8.935454e-08,7.0809915e-07
20170324083949673.jpg,0,No DR,0,No DR,True,0.9973646,0.9973646,0.00011411962,0.001853843,8.37105e-06,0.00065920415
20170605153408818.jpg,2,Moderate,2,Moderate,True,0.9872147,0.012083408,0.0005153018,0.9872147,0.00017853708,7.98122e-06
007-5921-300.jpg,2,Moderate,2,Moderate,True,0.9565328,0.003339525,0.0023717878,0.9565328,0.0345946,0.003161318
20170208144423443.jpg,0,No DR,0,No DR,True,0.9885201,0.9885201,0.0009798427,0.010481231,5.524158e-06,1.32635e-05
007-5059-300.jpg,2,Moderate,2,Moderate,True,0.99948823,0.0003306315,4.8573478e-05,0.99948823,6.0999035e-05,7.154077e-05
20170417105010250.jpg,0,No DR,0,No DR,True,0.9798799,0.9798799,0.0009619184,0.019154813,8.033527e-07,2.5056709e-06
007-6278-300.jpg,2,Moderate,2,Moderate,True,0.9438753,0.047650877,0.0050773993,0.9438753,0.0013989613,0.001997398
007-4278-200.jpg,2,Moderate,2,Moderate,True,0.9944054,0.0018843486,0.00022392735,0.9944054,0.0016865927,0.0017997564
007-3484-200.jpg,2,Moderate,2,Moderate,True,0.9905867,0.0039809304,0.0008371505,0.9905867,3.7995975e-05,0.0045572347
007-5622-300.jpg,2,Moderate,2,Moderate,True,0.9999455,3.248952e-05,1.8167583e-07,0.9999455,6.3165166e-06,1.5447311e-05
007-3731-200.jpg,2,Moderate,2,Moderate,True,0.97834593,0.0124916,0.009082868,0.97834593,3.4718978e-05,4.4874923e-05
007-5910-300.jpg,2,Moderate,2,Moderate,True,0.9875715,0.0033577813,0.0019568743,0.9875715,0.0017078739,0.0054059513
20170412105203855.jpg,0,No DR,0,No DR,True,0.9233877,0.9233877,0.07162175,0.004955763,6.2001436e-06,2.857293e-05
20170222183911260.jpg,0,No DR,0,No DR,True,0.99675936,0.99675936,0.0009547103,0.0022753673,1.917423e-06,8.68727e-06
007-4581-200.jpg,2,Moderate,2,Moderate,True,0.95849586,0.032984834,3.2346825e-06,0.95849586,1.2910238e-06,0.008514747
20170417084222767.jpg,0,No DR,0,No DR,True,0.9559506,0.9559506,0.027800068,0.01615664,3.2740896e-05,5.9931033e-05
20170401171141317.jpg,0,No DR,0,No DR,True,0.9869326,0.9869326,0.0013023347,0.0117542315,2.5333532e-06,8.373986e-06
20170418084844664.jpg,0,No DR,0,No DR,True,0.9899211,0.9899211,0.0015187359,0.008449488,7.382796e-05,3.6973892e-05
007-1290-000.jpg,0,No DR,0,No DR,True,0.87701005,0.87701005,0.10624092,0.016435824,0.00013433519,0.00017890404
007-2264-100.jpg,1,Mild,2,Moderate,False,0.52302194,0.16445693,0.30967402,0.52302194,0.0011542916,0.0016928199
20170206163611382.jpg,0,No DR,0,No DR,True,0.9992736,0.9992736,2.4588924e-05,0.0006866495,9.224276e-06,5.97218e-06
007-6230-300.jpg,3,Severe,2,Moderate,False,0.99986005,1.5761433e-06,3.5438377e-06,0.99986005,7.513435e-05,5.9691098e-05
20170429200338006.jpg,0,No DR,0,No DR,True,0.998862,0.998862,0.00012778197,0.0010069674,2.4736687e-06,7.213817e-07
007-6151-300.jpg,2,Moderate,2,Moderate,True,0.99988127,1.4068421e-05,2.9090155e-05,0.99988127,1.8012224e-05,5.751886e-05
20170323092202683.jpg,0,No DR,0,No DR,True,0.93751943,0.93751943,0.00370765,0.058246292,0.00012446888,0.00040213353
20170217172030131.jpg,0,No DR,0,No DR,True,0.9953318,0.9953318,0.00024546825,0.004404555,8.235226e-06,9.977289e-06
20170508165808866.jpg,2,Moderate,2,Moderate,True,0.5903968,0.2548564,0.09678578,0.5903968,0.053150423,0.00481059
007-5063-300.jpg,2,Moderate,2,Moderate,True,0.9987104,7.726489e-06,0.00029322586,0.9987104,3.4915538e-06,0.0009852011
007-4523-200.jpg,2,Moderate,2,Moderate,True,0.9756881,0.023609603,0.0006010715,0.9756881,7.255878e-05,2.8591468e-05
20170615155127636.jpg,2,Moderate,1,Mild,False,0.8681494,0.096158646,0.8681494,0.03363821,0.00016242459,0.0018914362
007-3331-200.jpg,2,Moderate,2,Moderate,True,0.9946502,0.0029528108,0.00041656697,0.9946502,0.00012305021,0.001857428
007-0951-000.jpg,0,No DR,0,No DR,True,0.9783524,0.9783524,0.005582828,0.016061703,1.2088125e-06,1.7180542e-06
20170611091117657.jpg,2,Moderate,2,Moderate,True,0.9345485,0.003215367,0.0006873683,0.9345485,0.060807806,0.0007410276
007-4376-200.jpg,2,Moderate,2,Moderate,True,0.99988306,2.6777592e-05,1.6631388e-07,0.99988306,2.005784e-07,8.984416e-05
007-8852-605.jpg,2,Moderate,2,Moderate,True,0.84823567,0.12326164,0.0010554686,0.84823567,0.0001779341,0.02726924
007-4697-200.jpg,2,Moderate,2,Moderate,True,0.5974676,0.40166253,0.00071612187,0.5974676,6.053453e-06,0.00014768718
007-4701-200.jpg,2,Moderate,2,Moderate,True,0.99595106,0.0004930197,3.5928093e-07,0.99595106,1.2547747e-06,0.0035542627
007-5991-300.jpg,2,Moderate,2,Moderate,True,0.88932455,0.0006701955,2.3275383e-05,0.88932455,0.09402411,0.015957808
007-4197-200.jpg,2,Moderate,2,Moderate,True,0.99053663,0.0019162098,0.00016166556,0.99053663,0.0040596044,0.0033258318
20170408212938554.jpg,0,No DR,0,No DR,True,0.9354245,0.9354245,0.00054771494,0.06381359,8.615248e-05,0.00012818137
007-0139-000.jpg,2,Moderate,2,Moderate,True,0.73437846,0.21362606,0.051613905,0.73437846,1.4827376e-05,0.0003667881
20170618204640005.jpg,2,Moderate,0,No DR,False,0.45590672,0.45590672,0.14834078,0.3938493,0.0015010053,0.00040217166
007-2128-100.jpg,1,Mild,2,Moderate,False,0.6527935,0.2709498,0.0020529914,0.6527935,0.07372886,0.00047480306
20170630160336716.jpg,2,Moderate,2,Moderate,True,0.6820885,0.1786276,0.13538575,0.6820885,0.0028168126,0.0010813358
20170427185626846.jpg,0,No DR,0,No DR,True,0.99889463,0.99889463,0.00015780987,0.00094324286,1.0974278e-06,3.359676e-06
007-1478-000.jpg,0,No DR,2,Moderate,False,0.5413606,0.3920904,0.06333897,0.5413606,0.0015669292,0.0016430285
20170221162616970.jpg,0,No DR,0,No DR,True,0.8313958,0.8313958,0.003717654,0.16455358,0.00015157419,0.00018135936
007-6632-400.jpg,4,Proliferative,4,Proliferative,True,0.9806526,0.0031161848,0.013302069,0.0026574961,0.0002716734,0.9806526
20170221160520948.jpg,0,No DR,0,No DR,True,0.9686034,0.9686034,0.002508565,0.028873296,5.3004746e-06,9.502416e-06
20170428163613368.jpg,0,No DR,0,No DR,True,0.99831676,0.99831676,5.4481916e-05,0.0016239226,1.7209222e-06,3.243253e-06
007-4619-200.jpg,2,Moderate,2,Moderate,True,0.98914856,0.009347973,0.00013570643,0.98914856,6.175342e-06,0.0013616399
007-7621-601.jpg,0,No DR,2,Moderate,False,0.9457078,0.05378774,0.00040674984,0.9457078,7.9613e-06,8.969404e-05
007-2202-100.jpg,0,No DR,0,No DR,True,0.96577984,0.96577984,0.023298133,0.010553271,2.3715484e-05,0.00034499262
007-0215-000.jpg,0,No DR,0,No DR,True,0.9966719,0.9966719,3.855911e-05,0.0032246483,5.916291e-05,5.6497024e-06
007-6475-400.jpg,4,Proliferative,4,Proliferative,True,0.98808575,0.0003134104,0.00079175486,0.004132095,0.006676996,0.98808575
20170418094314732.jpg,0,No DR,0,No DR,True,0.98362696,0.98362696,0.0012512833,0.015096389,1.7389952e-05,7.836876e-06
007-6863-400.jpg,4,Proliferative,4,Proliferative,True,0.9999074,5.123529e-07,2.891493e-06,8.86353e-05,5.4922333e-07,0.9999074
007-2730-100.jpg,0,No DR,0,No DR,True,0.9532995,0.9532995,0.022141859,0.024493277,3.4712407e-06,6.177851e-05
007-5664-300.jpg,2,Moderate,2,Moderate,True,0.9311342,1.689389e-05,0.0009962169,0.9311342,0.06784335,9.273921e-06
007-2629-100.jpg,1,Mild,0,No DR,False,0.90371794,0.90371794,0.00072484487,0.09540117,0.0001381828,1.7858707e-05
007-4338-200.jpg,2,Moderate,2,Moderate,True,0.6786237,0.06730838,0.25293046,0.6786237,0.0007719671,0.0003655285
20170215104620399.jpg,0,No DR,0,No DR,True,0.93288654,0.93288654,0.027795753,0.03906742,3.1441425e-05,0.00021885033
20170407112130686.jpg,0,No DR,0,No DR,True,0.88964826,0.88964826,0.0049164575,0.10537482,2.4155357e-05,3.6302623e-05
007-8426-603.jpg,2,Moderate,4,Proliferative,False,0.9989538,0.0007524135,5.533692e-05,0.00023648943,1.9132858e-06,0.9989538
20170323085836351.jpg,0,No DR,1,Mild,False,0.42361286,0.4135305,0.42361286,0.16209544,0.000160462,0.00060068927
007-1895-100.jpg,1,Mild,2,Moderate,False,0.9643066,0.005145622,0.011846149,0.9643066,0.017850181,0.0008513831
007-5140-300.jpg,3,Severe,2,Moderate,False,0.52614295,0.0018720162,0.0017472956,0.52614295,0.40547094,0.064766794
20170220100624432.jpg,0,No DR,0,No DR,True,0.8790032,0.8790032,0.0028890627,0.11800206,6.3097155e-05,4.2640284e-05
20170417103919386.jpg,0,No DR,0,No DR,True,0.43572575,0.43572575,0.4320188,0.12933688,0.0008174662,0.0021010935
20170424162218960.jpg,0,No DR,0,No DR,True,0.6621326,0.6621326,0.0051924363,0.33259973,1.4126389e-05,6.106405e-05
007-2473-100.jpg,2,Moderate,0,No DR,False,0.9447639,0.9447639,0.043612164,0.011597113,8.189215e-06,1.8669352e-05
007-0804-000.jpg,0,No DR,0,No DR,True,0.9483169,0.9483169,0.002940529,0.04871505,3.1639693e-06,2.4422612e-05
20170625205421758.jpg,2,Moderate,0,No DR,False,0.7341723,0.7341723,0.0023642448,0.26317668,0.00021594249,7.07713e-05
007-1509-000.jpg,0,No DR,0,No DR,True,0.93033653,0.93033653,0.014245602,0.05407101,6.486228e-05,0.0012819073
007-4988-300.jpg,2,Moderate,2,Moderate,True,0.9670611,0.0027811467,0.0006396874,0.9670611,0.001274203,0.028243842
20170427191213157.jpg,0,No DR,0,No DR,True,0.9975079,0.9975079,0.00063846004,0.001841825,5.8342835e-06,5.8898527e-06
007-7050-400.jpg,4,Proliferative,2,Moderate,False,0.9047718,0.07015848,0.0008662162,0.9047718,0.00023658348,0.023966841
20170428095433963.jpg,0,No DR,0,No DR,True,0.9929472,0.9929472,0.00015810515,0.0068816906,3.294575e-06,9.584201e-06
007-4647-200.jpg,2,Moderate,2,Moderate,True,0.92405885,0.073018,0.0008648824,0.92405885,0.00025015773,0.0018081749
007-0178-000.jpg,0,No DR,0,No DR,True,0.79548573,0.79548573,0.026439855,0.17663644,0.00034306088,0.0010948674
007-3451-200.jpg,2,Moderate,2,Moderate,True,0.909853,0.044109844,0.036146287,0.909853,0.00095924415,0.008931683
007-7031-400.jpg,4,Proliferative,2,Moderate,False,0.4302687,0.14881182,0.36524624,0.4302687,0.00046032498,0.05521286
007-4332-200.jpg,2,Moderate,2,Moderate,True,0.9980515,0.0015766863,0.00023663594,0.9980515,1.8598468e-05,0.00011654891
20170414102854581.jpg,0,No DR,0,No DR,True,0.9525651,0.9525651,0.027702909,0.019718068,3.850228e-06,1.013839e-05
007-5467-300.jpg,2,Moderate,2,Moderate,True,0.95243174,8.908646e-05,0.00014312015,0.95243174,0.0472595,7.660495e-05
20170327112501066.jpg,0,No DR,0,No DR,True,0.96777844,0.96777844,3.222853e-06,0.032134872,1.2071328e-05,7.125213e-05
20170324093012821.jpg,0,No DR,0,No DR,True,0.99072284,0.99072284,0.0019728465,0.0072968495,5.7144975e-06,1.6872428e-06
20170525152509382.jpg,2,Moderate,1,Mild,False,0.5356582,0.31340015,0.5356582,0.14338721,0.004212004,0.0033424257
007-5122-300.jpg,3,Severe,3,Severe,True,0.6210288,0.00021888812,4.5568195e-06,0.37860072,0.6210288,0.00014705378
007-4470-200.jpg,2,Moderate,2,Moderate,True,0.9924158,0.00016541626,4.164086e-07,0.9924158,3.0948802e-06,0.007415189
007-2664-100.jpg,2,Moderate,2,Moderate,True,0.92259306,0.0331412,0.0010699057,0.92259306,0.0007829116,0.04241285
20170429222819822.jpg,0,No DR,0,No DR,True,0.9999192,0.9999192,1.3121238e-05,6.6898116e-05,6.208715e-07,2.5716685e-07
007-3238-100.jpg,1,Mild,1,Mild,True,0.6664793,0.27754125,0.6664793,0.055283256,0.00022130986,0.00047492006
007-4880-300.jpg,2,Moderate,2,Moderate,True,0.9908262,0.007385668,0.0010869977,0.9908262,2.6602695e-05,0.0006745975
007-1315-000.jpg,0,No DR,0,No DR,True,0.963541,0.963541,0.006438844,0.02994922,3.5409386e-05,3.545257e-05
20170429224516433.jpg,0,No DR,0,No DR,True,0.9988207,0.9988207,4.3449003e-05,0.0011263588,4.8074608e-06,4.6199307e-06
20170428093035789.jpg,0,No DR,0,No DR,True,0.9942625,0.9942625,3.0240119e-05,0.0056599746,3.893205e-05,8.2858005e-06
20170221080104334.jpg,0,No DR,0,No DR,True,0.99802786,0.99802786,0.0005651328,0.0014057297,6.123619e-07,7.500882e-07
20170602115729351.jpg,2,Moderate,2,Moderate,True,0.9660718,0.023678146,0.0044745468,0.9660718,0.005714669,6.091224e-05
007-3708-200.jpg,2,Moderate,2,Moderate,True,0.975964,0.023547262,0.00016632875,0.975964,1.3638301e-05,0.00030877208
20170120224018218.jpg,0,No DR,0,No DR,True,0.98518556,0.98518556,4.304248e-05,0.014753942,1.5045332e-05,2.3845798e-06
20170330153216510.jpg,0,No DR,0,No DR,True,0.9344124,0.9344124,0.014443871,0.05090417,0.00017958973,5.9979786e-05
007-4698-200.jpg,2,Moderate,2,Moderate,True,0.89663625,0.079800874,0.003089011,0.89663625,0.00042980455,0.020044057
007-4968-300.jpg,2,Moderate,2,Moderate,True,0.80640095,0.15993455,0.022776885,0.80640095,0.00075600593,0.010131554
007-1028-000.jpg,0,No DR,0,No DR,True,0.92138016,0.92138016,0.010533691,0.067171395,3.094108e-05,0.00088375964
007-1289-000.jpg,0,No DR,0,No DR,True,0.9149415,0.9149415,0.025314327,0.05958855,4.8720893e-05,0.00010684891
007-1629-000.jpg,0,No DR,2,Moderate,False,0.47668678,0.44665822,0.0688348,0.47668678,0.005358371,0.0024618446
20170222154243162.jpg,0,No DR,0,No DR,True,0.5721217,0.5721217,0.15902737,0.26810187,0.00046958527,0.0002795154
20170524105439342.jpg,2,Moderate,0,No DR,False,0.54031515,0.54031515,0.015030358,0.4303113,0.011522489,0.0028206464
007-1487-000.jpg,0,No DR,0,No DR,True,0.9471344,0.9471344,0.03655798,0.014961665,4.3011238e-05,0.00130298
007-4269-200.jpg,2,Moderate,2,Moderate,True,0.999938,2.0178863e-05,4.1839835e-06,0.999938,6.4298442e-06,3.1150765e-05
007-2081-100.jpg,2,Moderate,2,Moderate,True,0.9816876,0.018138332,1.9523624e-05,0.9816876,2.4216115e-05,0.00013032786
007-6159-300.jpg,2,Moderate,2,Moderate,True,0.99034697,5.4276054e-05,5.2614283e-05,0.99034697,0.009515638,3.0476142e-05
20170602120015765.jpg,2,Moderate,2,Moderate,True,0.93937075,0.05393969,0.0060313167,0.93937075,0.00041812626,0.00024005405
007-3210-100.jpg,1,Mild,0,No DR,False,0.6117792,0.6117792,0.013750344,0.33365467,0.00015413838,0.040661626
007-2381-100.jpg,1,Mild,1,Mild,True,0.9102313,0.009947832,0.9102313,0.06256442,4.416442e-05,0.01721227
007-7215-400.jpg,4,Proliferative,2,Moderate,False,0.6259404,0.0006984211,0.00021645828,0.6259404,0.00010436932,0.37304035
007-0407-000.jpg,0,No DR,0,No DR,True,0.9798766,0.9798766,0.01639987,0.0037163463,4.808172e-06,2.383782e-06
007-3217-100.jpg,1,Mild,2,Moderate,False,0.539134,0.43395826,0.025992384,0.539134,0.00085360266,6.176163e-05
007-3683-200.jpg,2,Moderate,2,Moderate,True,0.99312276,0.0002629056,0.003349653,0.99312276,0.00014089297,0.0031237074
007-2731-100.jpg,1,Mild,1,Mild,True,0.5525948,0.40763316,0.5525948,0.039658554,1.6424834e-05,9.7141135e-05
007-0372-000.jpg,0,No DR,0,No DR,True,0.99715364,0.99715364,0.0018222411,0.0010202875,2.8256252e-06,1.0474513e-06
007-4152-200.jpg,2,Moderate,2,Moderate,True,0.45089817,0.06802028,0.10693477,0.45089817,0.003852088,0.37029475
20170427190312316.jpg,0,No DR,0,No DR,True,0.99581367,0.99581367,3.2284166e-05,0.004063185,4.9506565e-05,4.130846e-05
007-6143-300.jpg,2,Moderate,2,Moderate,True,0.99496174,0.003549972,6.088703e-06,0.99496174,6.33839e-06,0.001475798
007-1091-000.jpg,0,No DR,0,No DR,True,0.99507636,0.99507636,0.0012103184,0.0036595936,4.217878e-06,4.949048e-05
20170412102256852.jpg,0,No DR,0,No DR,True,0.9764149,0.9764149,0.0014068743,0.022053314,2.742993e-05,9.757911e-05
20170429205621477.jpg,0,No DR,0,No DR,True,0.77804816,0.77804816,0.042143587,0.17712498,0.0012862432,0.0013970069
007-0726-000.jpg,0,No DR,2,Moderate,False,0.51552534,0.48310894,0.0006714077,0.51552534,0.0002566167,0.000437689
20170418100817701.jpg,0,No DR,0,No DR,True,0.61097103,0.61097103,0.0054943543,0.38243976,0.000728102,0.00036675725
20170411135935799.jpg,0,No DR,0,No DR,True,0.95306075,0.95306075,0.00882451,0.038074337,2.5730367e-05,1.4602534e-05
007-2218-100.jpg,2,Moderate,0,No DR,False,0.7874642,0.7874642,0.06997762,0.14236124,9.2293674e-05,0.00010457556
20170429230556168.jpg,0,No DR,0,No DR,True,0.99226767,0.99226767,0.0011185657,0.006390799,0.00019841803,2.4507981e-05
007-7124-400.jpg,4,Proliferative,4,Proliferative,True,0.99993753,1.7814365e-05,9.513416e-06,3.4234337e-05,1.0352535e-06,0.99993753
007-2821-100.jpg,2,Moderate,2,Moderate,True,0.9997707,3.050812e-07,8.288571e-05,0.9997707,0.00011625202,2.9842497e-05
007-3957-200.jpg,2,Moderate,2,Moderate,True,0.86266357,0.13596842,0.0001570072,0.86266357,9.579054e-06,0.0012013933
20170329084151044.jpg,0,No DR,0,No DR,True,0.9912918,0.9912918,0.0015319707,0.0071429317,9.390684e-06,2.3844288e-05
20170428110010416.jpg,0,No DR,0,No DR,True,0.9705695,0.9705695,0.018593917,0.010809379,1.763709e-05,9.578208e-06
007-5618-300.jpg,2,Moderate,2,Moderate,True,0.99926084,0.00023766585,8.2173196e-05,0.99926084,0.000390512,2.8803364e-05
20170427175714216.jpg,0,No DR,0,No DR,True,0.99809736,0.99809736,6.080254e-05,0.0018156086,1.6638096e-05,9.626425e-06
20170427185530761.jpg,0,No DR,0,No DR,True,0.99874747,0.99874747,0.0008085609,0.00044168578,1.8355607e-06,3.1828466e-07
20170224110411568.jpg,0,No DR,0,No DR,True,0.98625076,0.98625076,0.0024960507,0.011172227,3.7755503e-06,7.723561e-05
007-2111-100.jpg,2,Moderate,1,Mild,False,0.75197154,0.041546956,0.75197154,0.20414077,0.0002787923,0.0020619715
20170613152259694.jpg,2,Moderate,2,Moderate,True,0.7999884,0.019528942,0.00085936993,0.7999884,0.018452022,0.16117123
20170126114743588.jpg,0,No DR,1,Mild,False,0.58898914,0.2654495,0.58898914,0.13403562,0.0013919093,0.010133848
20170612142737909.jpg,2,Moderate,2,Moderate,True,0.98229814,0.0006070335,0.01571142,0.98229814,0.001306775,7.6548735e-05
007-1002-000.jpg,0,No DR,0,No DR,True,0.9380988,0.9380988,0.0007038834,0.051738676,1.04038045e-05,0.0094483355
007-6179-300.jpg,2,Moderate,0,No DR,False,0.761417,0.761417,0.0016421771,0.23559104,1.1161969e-06,0.0013487572
007-3890-200.jpg,2,Moderate,2,Moderate,True,0.9466876,3.29058e-05,0.0074905646,0.9466876,3.372223e-05,0.045755208
20170629164127116.jpg,2,Moderate,2,Moderate,True,0.70308846,0.26416564,0.030120019,0.70308846,0.0019172229,0.0007086383
20170224104635817.jpg,0,No DR,0,No DR,True,0.87440455,0.87440455,0.0011226002,0.1222142,0.0020747983,0.00018385437
20170428091458070.jpg,0,No DR,0,No DR,True,0.99850106,0.99850106,3.35865e-06,0.0012726304,0.00020443059,1.8395383e-05
20170228225708650.jpg,0,No DR,0,No DR,True,0.86651236,0.86651236,0.08580769,0.047390133,8.563811e-05,0.00020415959
20170408231438226.jpg,0,No DR,0,No DR,True,0.9939015,0.9939015,0.0015733867,0.0045043346,1.1332446e-05,9.526763e-06
007-1365-000.jpg,0,No DR,0,No DR,True,0.9520011,0.9520011,0.001007402,0.04676868,3.909889e-05,0.00018373695
20170406093306267.jpg,0,No DR,0,No DR,True,0.9983329,0.9983329,0.00021979991,0.001434881,3.5291873e-06,8.85199e-06
007-0496-000.jpg,0,No DR,0,No DR,True,0.9889465,0.9889465,0.0018277599,0.009209492,8.055408e-06,8.246585e-06
007-2402-100.jpg,2,Moderate,2,Moderate,True,0.46090057,0.36762127,0.15757993,0.46090057,0.011657937,0.002240357
20170515164700647.jpg,2,Moderate,2,Moderate,True,0.8688734,0.035535906,0.00033816285,0.8688734,0.09414967,0.0011028328
20170410110440627.jpg,0,No DR,0,No DR,True,0.99615365,0.99615365,0.0005060014,0.0032899932,4.4782046e-05,5.5621945e-06
007-6310-400.jpg,4,Proliferative,4,Proliferative,True,0.724262,0.0046165045,0.0004135409,0.2704696,0.00023833032,0.724262
20170214091449944.jpg,0,No DR,0,No DR,True,0.86165875,0.86165875,0.007523258,0.13039947,0.00024988886,0.00016863733
20170531140735053.jpg,2,Moderate,0,No DR,False,0.6516265,0.6516265,0.0003207213,0.3469015,0.0009979887,0.00015322637
20170430190716742.jpg,0,No DR,0,No DR,True,0.99981207,0.99981207,3.7326106e-06,0.00017728387,5.7564016e-06,1.1955858e-06
007-0325-000.jpg,0,No DR,0,No DR,True,0.9957776,0.9957776,0.00346053,0.0007497962,5.6104786e-06,6.49391e-06
007-5175-300.jpg,2,Moderate,2,Moderate,True,0.99996006,6.531436e-06,1.6348606e-05,0.99996006,1.6909815e-05,1.5404169e-07
007-2295-100.jpg,2,Moderate,2,Moderate,True,0.94433933,0.0017935327,0.052956495,0.94433933,0.00036169612,0.00054896047
007-5687-300.jpg,3,Severe,3,Severe,True,0.98307747,8.744897e-05,0.00054682296,0.01322389,0.98307747,0.0030643512
20170327134214648.jpg,0,No DR,0,No DR,True,0.99539375,0.99539375,0.00043308537,0.00416548,5.3433328e-06,2.4108278e-06
007-6063-300.jpg,2,Moderate,2,Moderate,True,0.6545843,0.26943323,0.0232714,0.6545843,0.041249976,0.011461113
007-6929-400.jpg,4,Proliferative,2,Moderate,False,0.9854301,0.00036527423,0.0013987838,0.9854301,6.5135675e-05,0.012740694
20170615112339862.jpg,2,Moderate,1,Mild,False,0.5304646,0.06950242,0.5304646,0.398459,0.0014374218,0.0001365778
007-1317-000.jpg,0,No DR,0,No DR,True,0.86385125,0.86385125,0.081125595,0.054637574,7.5871365e-05,0.000309669
20170512225813757.jpg,2,Moderate,2,Moderate,True,0.775911,0.0048480704,0.21884598,0.775911,1.1720682e-05,0.0003832437
20170226084101981.jpg,0,No DR,0,No DR,True,0.9303297,0.9303297,0.00019730288,0.069371946,7.946898e-05,2.1510376e-05
20170208133103727.jpg,0,No DR,0,No DR,True,0.74789625,0.74789625,0.0007632944,0.25112155,0.00016052797,5.826777e-05
007-8131-601.jpg,0,No DR,2,Moderate,False,0.81495106,0.16876358,0.0017772525,0.81495106,0.00011508224,0.014393
007-4411-200.jpg,2,Moderate,2,Moderate,True,0.9791332,2.1021975e-05,5.0814197e-05,0.9791332,0.0045310245,0.016263956
20170429203344819.jpg,0,No DR,0,No DR,True,0.9526688,0.9526688,0.0002832469,0.047004234,3.6272024e-05,7.4852696e-06
007-6225-300.jpg,2,Moderate,2,Moderate,True,0.9905725,0.0017717237,1.970801e-05,0.9905725,0.00034507932,0.007290954
007-7596-601.jpg,2,Moderate,2,Moderate,True,0.85538983,0.14437042,0.00014733874,0.85538983,1.7121888e-06,9.06081e-05
20170427190812183.jpg,0,No DR,0,No DR,True,0.9997788,0.9997788,8.23274e-06,0.00021043426,1.5398005e-06,9.477954e-07
20170429212859624.jpg,0,No DR,0,No DR,True,0.99606603,0.99606603,0.0013878446,0.0024928916,2.07273e-05,3.2512176e-05
20170430200908093.jpg,0,No DR,0,No DR,True,0.99994123,0.99994123,2.5331246e-07,5.812936e-05,2.5320134e-07,8.3259344e-08
20170412103630403.jpg,0,No DR,0,No DR,True,0.9945259,0.9945259,0.0008384365,0.0046059336,4.777795e-06,2.5041045e-05
20170327082614262.jpg,0,No DR,0,No DR,True,0.9726582,0.9726582,5.6586963e-05,0.027277697,3.626274e-06,3.9763413e-06
007-6522-400.jpg,4,Proliferative,4,Proliferative,True,0.9999504,1.3942462e-05,1.5952437e-06,3.1677155e-05,2.31067e-06,0.9999504
007-0202-000.jpg,0,No DR,0,No DR,True,0.7826302,0.7826302,0.014142709,0.20295061,0.00013861626,0.00013790977
007-2838-100.jpg,2,Moderate,2,Moderate,True,0.85563326,0.007372977,0.0025171337,0.85563326,0.011057996,0.12341867
007-5621-300.jpg,2,Moderate,2,Moderate,True,0.99999726,2.1420433e-07,1.956182e-06,0.99999726,3.1281846e-07,2.8683885e-07
20170607082814304.jpg,2,Moderate,2,Moderate,True,0.7082454,0.057134114,0.08073115,0.7082454,0.13544685,0.018442478
007-1910-100.jpg,1,Mild,2,Moderate,False,0.9987576,0.0007568113,0.00041887283,0.9987576,3.4703746e-05,3.195492e-05
007-3870-200.jpg,2,Moderate,2,Moderate,True,0.9890267,9.35491e-05,0.00011058355,0.9890267,2.0749241e-05,0.010748459
007-5463-300.jpg,2,Moderate,2,Moderate,True,0.9064165,0.058276556,0.016061643,0.9064165,0.017724149,0.0015212182
007-6768-400.jpg,4,Proliferative,4,Proliferative,True,0.99980587,7.973024e-05,6.27827e-06,5.9560436e-05,4.8592574e-05,0.99980587
20170511205922006.jpg,2,Moderate,2,Moderate,True,0.682531,0.20860432,0.10339662,0.682531,0.0006294031,0.0048386324
20170227234628176.jpg,0,No DR,0,No DR,True,0.99863005,0.99863005,3.7454192e-05,0.0013317923,2.585334e-07,4.8944514e-07
20170514222515286.jpg,2,Moderate,2,Moderate,True,0.93936694,0.00043692137,0.0019138692,0.93936694,0.058090135,0.00019204612
20170601160745959.jpg,3,Severe,3,Severe,True,0.5840218,3.6623976e-05,2.8578665e-06,0.41572684,0.5840218,0.00021189489
20170626103616982.jpg,2,Moderate,2,Moderate,True,0.9998357,3.082474e-05,1.5181615e-06,0.9998357,0.0001313456,5.269904e-07
007-2618-100.jpg,2,Moderate,1,Mild,False,0.5630716,0.38837492,0.5630716,0.047670245,6.783647e-05,0.0008154188
007-7038-400.jpg,4,Proliferative,4,Proliferative,True,0.9999068,6.2908252e-06,1.2096262e-06,6.598752e-05,1.9637517e-05,0.9999068
20170429205542770.jpg,0,No DR,0,No DR,True,0.9988398,0.9988398,0.00049202837,0.0006669838,9.007952e-07,1.920173e-07
007-6239-300.jpg,3,Severe,2,Moderate,False,0.9697889,0.001185172,0.00045066973,0.9697889,0.01791137,0.010663966
007-5660-300.jpg,2,Moderate,3,Severe,False,0.9779203,5.000647e-05,8.408824e-05,0.021645233,0.9779203,0.0003004265
20170228222045497.jpg,0,No DR,0,No DR,True,0.97430044,0.97430044,1.865337e-05,0.025677525,1.8285509e-06,1.5871278e-06
20170430201405963.jpg,0,No DR,0,No DR,True,0.99620605,0.99620605,0.0019796593,0.0018088107,1.511736e-06,3.9450224e-06
007-0203-000.jpg,0,No DR,0,No DR,True,0.99433064,0.99433064,0.0003535453,0.005276531,8.294638e-06,3.0974013e-05
20170209151248467.jpg,0,No DR,2,Moderate,False,0.6535114,0.34580547,0.00050249754,0.6535114,0.0001355112,4.5068315e-05
20170213170102397.jpg,0,No DR,0,No DR,True,0.97677803,0.97677803,0.0079261195,0.015229022,8.254854e-06,5.8615926e-05
007-1185-000.jpg,1,Mild,0,No DR,False,0.53628755,0.53628755,0.21529719,0.24452645,0.0016818908,0.0022068783
007-5065-300.jpg,2,Moderate,2,Moderate,True,0.9466815,0.0012369398,0.001953882,0.9466815,0.000359445,0.049768176
20170427190805533.jpg,0,No DR,0,No DR,True,0.9992545,0.9992545,1.9343463e-05,0.00070648675,1.0346406e-05,9.336518e-06
20170120215348972.jpg,0,No DR,0,No DR,True,0.9865823,0.9865823,0.00045622443,0.01279382,2.269814e-05,0.00014501944
007-2239-100.jpg,2,Moderate,2,Moderate,True,0.5435857,0.14221044,0.28404388,0.5435857,0.029599499,0.0005604781
007-6630-400.jpg,4,Proliferative,4,Proliferative,True,0.9995788,0.00022370963,1.2896444e-05,5.459685e-05,0.00013012196,0.9995788
20170123085823477.jpg,0,No DR,0,No DR,True,0.9973252,0.9973252,8.667898e-06,0.0026625167,3.7697083e-07,3.222873e-06
007-1603-000.jpg,0,No DR,0,No DR,True,0.6223464,0.6223464,0.039762344,0.3375755,0.0003022813,1.3515638e-05
007-3751-200.jpg,3,Severe,2,Moderate,False,0.8078815,0.000910485,0.021399505,0.8078815,0.050773785,0.11903477
007-2499-100.jpg,2,Moderate,0,No DR,False,0.7720923,0.7720923,0.11801545,0.10937649,0.00042364636,9.214676e-05
007-7104-400.jpg,4,Proliferative,4,Proliferative,True,0.9998598,3.271731e-05,6.801004e-06,6.874747e-05,3.1965603e-05,0.9998598
007-4148-200.jpg,2,Moderate,2,Moderate,True,0.99558324,2.3911958e-05,2.3984836e-07,0.99558324,0.0005233634,0.0038692015
007-2901-100.jpg,2,Moderate,2,Moderate,True,0.998752,0.0007729421,6.6197395e-06,0.998752,5.5610994e-06,0.00046291924
007-6050-300.jpg,2,Moderate,2,Moderate,True,0.9641757,0.00084895897,0.00032689513,0.9641757,0.008099869,0.026548643
20170430194922807.jpg,0,No DR,0,No DR,True,0.5556875,0.5556875,0.0016280551,0.43977338,0.0019146897,0.0009963369
007-1103-000.jpg,0,No DR,0,No DR,True,0.99346477,0.99346477,0.0057793423,0.0007328696,8.6874843e-07,2.211544e-05
007-4120-200.jpg,2,Moderate,2,Moderate,True,0.92266476,0.055478524,0.020392789,0.92266476,0.00047646166,0.0009875189
20170427211751211.jpg,0,No DR,0,No DR,True,0.94060224,0.94060224,0.0031887435,0.056111395,5.9319522e-05,3.8338774e-05
007-3108-100.jpg,2,Moderate,2,Moderate,True,0.97440886,0.011200295,0.013839544,0.97440886,0.00011050314,0.0004407786
20170407223435565.jpg,0,No DR,0,No DR,True,0.98793167,0.98793167,0.00208996,0.009905761,1.8335995e-05,5.419767e-05
007-6816-400.jpg,4,Proliferative,4,Proliferative,True,0.9999721,4.7694346e-08,7.0035505e-08,2.7612916e-05,1.8892933e-07,0.9999721
20170227235708188.jpg,0,No DR,0,No DR,True,0.99868256,0.99868256,4.8279773e-05,0.0011879944,3.6003177e-05,4.511703e-05
007-0244-000.jpg,0,No DR,0,No DR,True,0.99130636,0.99130636,7.3073286e-05,0.008587084,1.9684185e-05,1.3825641e-05
007-3049-100.jpg,2,Moderate,2,Moderate,True,0.94270283,0.057028897,8.490974e-05,0.94270283,0.00015050531,3.2894535e-05
20170429221751727.jpg,0,No DR,0,No DR,True,0.9995384,0.9995384,4.3584798e-05,0.00040308927,2.9471985e-06,1.1935437e-05
20170609102229501.jpg,2,Moderate,0,No DR,False,0.5388426,0.5388426,0.07237337,0.38858518,2.2763043e-05,0.00017606876
007-6900-400.jpg,4,Proliferative,4,Proliferative,True,0.9999808,2.2869667e-06,4.126957e-06,9.524385e-06,3.321661e-06,0.9999808
007-3791-200.jpg,2,Moderate,2,Moderate,True,0.89944285,0.08205816,0.01797695,0.89944285,0.0003504206,0.00017164029
20170429200334930.jpg,0,No DR,0,No DR,True,0.9990947,0.9990947,1.0941344e-05,0.00088587805,4.9080872e-06,3.5781716e-06
007-2487-100.jpg,2,Moderate,2,Moderate,True,0.79377425,0.19842291,0.0073461137,0.79377425,0.00040204445,5.4642413e-05
007-3733-200.jpg,2,Moderate,2,Moderate,True,0.9818049,0.0018381396,0.01590091,0.9818049,0.00013488633,0.00032113274
007-3151-100.jpg,2,Moderate,2,Moderate,True,0.68619025,0.30981317,0.0006953174,0.68619025,0.0022236388,0.0010775996
20170407131109468.jpg,0,No DR,0,No DR,True,0.96122724,0.96122724,0.0043800888,0.034252092,3.8084636e-05,0.00010254581
007-6922-400.jpg,4,Proliferative,1,Mild,False,0.9273166,0.0072254622,0.9273166,0.027023021,0.0009601274,0.037474785
007-3110-100.jpg,2,Moderate,2,Moderate,True,0.79217386,0.006850582,0.00029893048,0.79217386,0.0013184878,0.19935817
20170216090134393.jpg,0,No DR,0,No DR,True,0.7445842,0.7445842,0.20952556,0.045689415,0.00012015827,8.065752e-05
007-0517-000.jpg,0,No DR,0,No DR,True,0.83214784,0.83214784,0.049828265,0.117719404,0.00020924484,9.511033e-05
007-2919-100.jpg,2,Moderate,0,No DR,False,0.99134576,0.99134576,0.0010560637,0.007124363,4.089334e-06,0.0004697521
007-1501-000.jpg,1,Mild,0,No DR,False,0.96891654,0.96891654,0.022629252,0.008420737,1.0445184e-05,2.3143286e-05
20170430200115232.jpg,0,No DR,0,No DR,True,0.999318,0.999318,3.9446386e-05,0.00063696917,4.245451e-06,1.3526432e-06
007-1173-000.jpg,0,No DR,0,No DR,True,0.9816078,0.9816078,0.002195394,0.01619056,2.8404868e-06,3.420457e-06
20170331095158526.jpg,0,No DR,0,No DR,True,0.99794203,0.99794203,8.63959e-05,0.0019169468,5.6130784e-06,4.901988e-05
007-2960-100.jpg,1,Mild,0,No DR,False,0.4938076,0.4938076,0.10985928,0.3947297,0.00039841465,0.0012049705
007-6765-400.jpg,4,Proliferative,2,Moderate,False,0.99970347,1.326497e-05,1.45243675e-05,0.99970347,8.4801984e-05,0.00018402516
007-6525-400.jpg,4,Proliferative,4,Proliferative,True,0.97490895,0.0045085456,3.096247e-05,0.020470819,8.077516e-05,0.97490895
20170616090736049.jpg,2,Moderate,2,Moderate,True,0.93172747,0.0066209016,0.06101248,0.93172747,0.00047577568,0.00016338873
007-0131-000.jpg,0,No DR,0,No DR,True,0.7849373,0.7849373,0.003433008,0.2113194,7.094516e-05,0.00023924092
20170429204331636.jpg,0,No DR,0,No DR,True,0.99959034,0.99959034,1.0156873e-05,0.0003975301,1.0699202e-06,9.242538e-07
007-6996-400.jpg,2,Moderate,2,Moderate,True,0.9948015,0.00015468414,0.00014001921,0.9948015,0.0010716747,0.0038321184
20170324081733358.jpg,0,No DR,0,No DR,True,0.8191347,0.8191347,0.1471067,0.03298505,0.0003467862,0.00042668334
007-4568-200.jpg,2,Moderate,2,Moderate,True,0.9998568,5.0190924e-05,3.139957e-05,0.9998568,5.1103398e-05,1.0425684e-05
20170214100611376.jpg,0,No DR,0,No DR,True,0.6545757,0.6545757,0.34319332,0.0022241748,2.946606e-06,3.848372e-06
20170106171110532.jpg,0,No DR,0,No DR,True,0.9996388,0.9996388,1.8204495e-05,0.000332512,3.855471e-06,6.702529e-06
007-5512-300.jpg,2,Moderate,2,Moderate,True,0.995142,0.00038266982,0.0022708985,0.995142,0.0019361856,0.0002682106
007-1844-100.jpg,2,Moderate,0,No DR,False,0.5726467,0.5726467,0.00961522,0.41442785,4.0417643e-05,0.0032698992
20170621140503365.jpg,2,Moderate,2,Moderate,True,0.99720347,0.0023562983,0.0003764533,0.99720347,4.4198754e-05,1.9606832e-05
20170429200158774.jpg,0,No DR,0,No DR,True,0.9966376,0.9966376,0.0008601071,0.0024651906,1.8830311e-05,1.827554e-05
20170427182611210.jpg,0,No DR,0,No DR,True,0.99978393,0.99978393,7.99565e-06,0.0002042642,2.0324464e-06,1.7599206e-06
20170627112932912.jpg,2,Moderate,2,Moderate,True,0.99978334,0.00012869574,1.6559417e-05,0.99978334,6.603313e-05,5.382571e-06
20170414102752964.jpg,0,No DR,0,No DR,True,0.93348014,0.93348014,0.032704063,0.03377855,1.3146206e-05,2.4116842e-05
20170316103544609.jpg,0,No DR,2,Moderate,False,0.68427867,0.27720046,0.025866592,0.68427867,0.011143782,0.0015104592
007-4220-200.jpg,2,Moderate,2,Moderate,True,0.93342286,5.1986008e-05,0.06590355,0.93342286,0.00026163762,0.00035991563
20170323130757983.jpg,0,No DR,0,No DR,True,0.73223966,0.73223966,0.0062758652,0.26075765,0.00037798853,0.00034881363
20170326095045439.jpg,0,No DR,0,No DR,True,0.5817775,0.5817775,0.40700033,0.01116082,3.928794e-06,5.7423287e-05
007-1511-000.jpg,0,No DR,0,No DR,True,0.7338801,0.7338801,0.0023344525,0.26184583,0.00013119272,0.0018082828
007-3261-100.jpg,1,Mild,2,Moderate,False,0.9038724,0.045654316,0.017773986,0.9038724,0.0015479758,0.031151433
007-0969-000.jpg,0,No DR,0,No DR,True,0.9088395,0.9088395,0.028997645,0.062062047,5.7085213e-05,4.3659773e-05
007-1219-000.jpg,0,No DR,0,No DR,True,0.93769526,0.93769526,0.0021417192,0.06015914,1.846927e-06,2.0606121e-06
007-3036-100.jpg,1,Mild,1,Mild,True,0.69311833,0.06106869,0.69311833,0.24502638,0.00018264666,0.00060391205
007-6567-400.jpg,4,Proliferative,4,Proliferative,True,0.9990639,7.821106e-05,8.14662e-05,7.807521e-05,0.0006982839,0.9990639
007-2555-100.jpg,2,Moderate,1,Mild,False,0.6946847,0.003837346,0.6946847,0.30121636,3.261674e-05,0.00022892666
20170215225711779.jpg,0,No DR,0,No DR,True,0.9964616,0.9964616,0.0015116545,0.0019901386,1.5642914e-05,2.1001097e-05
007-2506-100.jpg,2,Moderate,2,Moderate,True,0.8688605,0.075167544,0.0015577733,0.8688605,0.0016646741,0.052749533
007-0226-000.jpg,0,No DR,0,No DR,True,0.94110465,0.94110465,0.015911302,0.042290434,8.891287e-05,0.00060465187
20170430201528262.jpg,0,No DR,0,No DR,True,0.9774369,0.9774369,0.004104046,0.018088365,0.00016439574,0.00020626136
007-7192-400.jpg,4,Proliferative,4,Proliferative,True,0.99997973,6.4291003e-06,3.899415e-07,2.7753433e-06,1.0647808e-05,0.99997973
007-4178-200.jpg,2,Moderate,2,Moderate,True,0.9998983,6.5052575e-07,5.5981843e-07,0.9998983,4.9262377e-05,5.1198156e-05
007-2462-100.jpg,2,Moderate,1,Mild,False,0.9948112,0.0011513743,0.9948112,0.0037702117,1.0222455e-05,0.00025703915
007-7729-601.jpg,2,Moderate,2,Moderate,True,0.805334,0.1433309,0.019880753,0.805334,0.0019960767,0.029458266
007-6548-400.jpg,4,Proliferative,4,Proliferative,True,0.9797937,0.0003960255,0.0009624032,0.0015563539,0.017291432,0.9797937
007-2367-100.jpg,1,Mild,1,Mild,True,0.57075787,0.35230058,0.57075787,0.07653914,0.00019475464,0.00020771322
20170215223446750.jpg,0,No DR,0,No DR,True,0.97987616,0.97987616,0.0075507234,0.012269022,0.00021201826,9.205259e-05
20170222152702689.jpg,0,No DR,0,No DR,True,0.96715266,0.96715266,0.017810777,0.014978682,4.579956e-05,1.2118455e-05
007-6605-400.jpg,4,Proliferative,4,Proliferative,True,0.9993284,1.4784318e-06,6.238131e-07,0.00066956435,1.07508825e-07,0.9993284
20170404145601593.jpg,0,No DR,0,No DR,True,0.76133054,0.76133054,0.17369218,0.06420975,0.00046501312,0.00030245015
007-4630-200.jpg,2,Moderate,2,Moderate,True,0.9855865,1.4166629e-06,1.3963304e-07,0.9855865,8.221068e-06,0.014403692
20170429202319993.jpg,0,No DR,2,Moderate,False,0.61180884,0.37685782,0.010718897,0.61180884,0.00042241608,0.00019202653
007-2267-100.jpg,1,Mild,1,Mild,True,0.79503995,0.0046997583,0.79503995,0.19957484,0.00025521638,0.0004302308
20170410095228806.jpg,0,No DR,0,No DR,True,0.96844125,0.96844125,0.006399763,0.025002092,1.8579161e-05,0.00013839349
007-6235-300.jpg,2,Moderate,2,Moderate,True,0.8224834,0.017300876,0.1601992,0.8224834,5.060489e-07,1.5962885e-05
20170516092409004.jpg,2,Moderate,2,Moderate,True,0.9873275,1.2028648e-05,6.2998174e-06,0.9873275,1.2193371e-05,0.012642017
20170424155625870.jpg,0,No DR,0,No DR,True,0.7844411,0.7844411,0.0698029,0.14557096,0.000106561754,7.8403944e-05
007-6261-300.jpg,2,Moderate,2,Moderate,True,0.96800286,0.030590756,0.00016030262,0.96800286,0.0011994896,4.663044e-05
007-7146-400.jpg,4,Proliferative,4,Proliferative,True,0.998538,0.00046123206,5.302143e-05,0.0003767088,0.0005709522,0.998538
007-0620-000.jpg,0,No DR,0,No DR,True,0.9860066,0.9860066,0.0010899692,0.012703776,7.767248e-05,0.00012199521
20170226094501379.jpg,0,No DR,0,No DR,True,0.9993543,0.9993543,0.00011224474,0.0005329375,3.3163727e-07,2.3649365e-07
20170327112955216.jpg,0,No DR,0,No DR,True,0.9569933,0.9569933,0.00014977268,0.042819127,3.2247535e-05,5.477558e-06
007-2785-100.jpg,1,Mild,2,Moderate,False,0.9469821,0.020542102,0.030694451,0.9469821,0.0013826506,0.0003986905
20170209143329557.jpg,0,No DR,0,No DR,True,0.8908731,0.8908731,0.0068775844,0.09604723,0.0037906033,0.0024114472
20170616090841491.jpg,2,Moderate,2,Moderate,True,0.95818084,0.01744051,0.009130107,0.95818084,0.014975545,0.00027304594
007-4004-200.jpg,2,Moderate,0,No DR,False,0.92054963,0.92054963,0.047479346,0.031944603,9.603303e-06,1.6820182e-05
20170408215230674.jpg,0,No DR,0,No DR,True,0.9798498,0.9798498,0.00010293513,0.020024016,1.8617122e-05,4.5451816e-06
007-8268-602.jpg,2,Moderate,4,Proliferative,False,0.9970335,0.00013931727,0.0009393523,0.0018799896,7.976453e-06,0.9970335
20170412084611885.jpg,0,No DR,0,No DR,True,0.73110497,0.73110497,0.26007807,0.008769374,2.488859e-05,2.2661881e-05
007-6864-400.jpg,4,Proliferative,4,Proliferative,True,0.9101921,0.041434526,0.01020497,0.038153715,1.4751749e-05,0.9101921
007-3352-200.jpg,2,Moderate,1,Mild,False,0.5199022,0.027284626,0.5199022,0.45275813,2.8059569e-05,2.6926038e-05
007-4807-300.jpg,2,Moderate,4,Proliferative,False,0.98770845,0.002704969,0.0016526236,0.007857245,7.667144e-05,0.98770845
20170428090609601.jpg,0,No DR,0,No DR,True,0.97778803,0.97778803,0.0028886274,0.019312976,8.740122e-06,1.6342807e-06
007-6832-400.jpg,4,Proliferative,4,Proliferative,True,0.99920136,0.000105662366,0.00043363706,0.00014900994,0.000110348316,0.99920136
20170609165633187.jpg,2,Moderate,2,Moderate,True,0.573169,0.042834524,0.37990275,0.573169,0.003330469,0.00076324196
007-2450-100.jpg,2,Moderate,2,Moderate,True,0.98387593,0.014925234,0.00061882875,0.98387593,7.19342e-05,0.00050795317
007-6815-400.jpg,4,Proliferative,4,Proliferative,True,0.99992275,4.938353e-07,6.9616935e-06,6.975634e-05,1.1752537e-07,0.99992275
20170207174536612.jpg,0,No DR,0,No DR,True,0.9976665,0.9976665,0.0016154028,0.000686056,1.8392728e-06,3.0177538e-05
20170503192804965.jpg,2,Moderate,2,Moderate,True,0.7344458,0.25147948,0.011246642,0.7344458,0.0025348987,0.00029319443
007-2452-100.jpg,2,Moderate,1,Mild,False,0.8073978,0.003829067,0.8073978,0.094461426,0.00046013374,0.09385152
20170429211807328.jpg,0,No DR,0,No DR,True,0.8613758,0.8613758,0.0017546752,0.13313118,0.0005974507,0.0031410414
007-1700-000.jpg,0,No DR,2,Moderate,False,0.82457936,0.11669854,0.056867626,0.82457936,0.0016156237,0.00023881209
007-5787-300.jpg,2,Moderate,2,Moderate,True,0.53152,0.007612823,0.0013053513,0.53152,0.43752146,0.022040349
007-1068-000.jpg,0,No DR,0,No DR,True,0.80090994,0.80090994,0.084816344,0.11400913,0.00019021035,7.435473e-05
007-2856-100.jpg,1,Mild,0,No DR,False,0.59425396,0.59425396,0.19285953,0.21161398,0.00027349917,0.0009989645
007-5849-300.jpg,2,Moderate,2,Moderate,True,0.93093646,0.012671818,0.04472592,0.93093646,0.010745189,0.0009205808
007-4889-300.jpg,2,Moderate,0,No DR,False,0.882986,0.882986,0.0009372219,0.115953825,8.781362e-05,3.5171688e-05
20170525100049684.jpg,2,Moderate,2,Moderate,True,0.99999523,7.647329e-07,4.3512122e-07,0.99999523,3.0052786e-06,5.9598705e-07
007-1174-000.jpg,0,No DR,0,No DR,True,0.5226006,0.5226006,0.05083339,0.42632923,0.0001107741,0.00012602139
007-2348-100.jpg,1,Mild,1,Mild,True,0.64515656,0.31005806,0.64515656,0.044475943,0.00023203583,7.74232e-05
007-8236-602.jpg,0,No DR,2,Moderate,False,0.9707727,0.026893297,0.0015285561,0.9707727,0.00022184955,0.0005835583
007-2584-100.jpg,2,Moderate,2,Moderate,True,0.79782915,0.1802575,0.020113377,0.79782915,0.0016935503,0.00010646657
20170401095655999.jpg,0,No DR,0,No DR,True,0.9645393,0.9645393,0.01130097,0.02414202,7.278776e-06,1.0519249e-05
007-5662-300.jpg,2,Moderate,2,Moderate,True,0.9952734,8.314836e-05,0.00019980659,0.9952734,4.596051e-05,0.0043977615
007-0998-000.jpg,0,No DR,0,No DR,True,0.9612746,0.9612746,0.0020450046,0.036127575,5.6257253e-05,0.0004964979
007-4803-300.jpg,2,Moderate,2,Moderate,True,0.99846846,0.0014098008,8.506415e-05,0.99846846,3.2650638e-05,3.949994e-06
007-0514-000.jpg,0,No DR,0,No DR,True,0.9744119,0.9744119,0.0005184722,0.024843818,0.00017818184,4.766645e-05
20170324091735788.jpg,0,No DR,0,No DR,True,0.9996075,0.9996075,2.1507135e-06,0.00031048883,4.9914943e-05,2.9860714e-05
20170428082715541.jpg,0,No DR,0,No DR,True,0.9919704,0.9919704,0.0049305647,0.0030517636,3.6744827e-05,1.0577293e-05
007-6890-400.jpg,4,Proliferative,4,Proliferative,True,0.9988801,1.7452745e-05,5.2329424e-06,0.0008739015,0.00022329586,0.9988801
007-8237-602.jpg,0,No DR,2,Moderate,False,0.92842835,0.009227339,1.3332308e-05,0.92842835,0.00022408123,0.062106904
20170429213412314.jpg,0,No DR,0,No DR,True,0.99292314,0.99292314,0.00021794687,0.0068236194,2.488793e-05,1.0298406e-05
20170329085831428.jpg,0,No DR,0,No DR,True,0.8759817,0.8759817,0.0006473442,0.123274416,7.532258e-05,2.131152e-05
007-2698-100.jpg,2,Moderate,1,Mild,False,0.95620906,0.00058237603,0.95620906,0.040511418,0.001653118,0.0010440074
20170424094834530.jpg,0,No DR,0,No DR,True,0.96140593,0.96140593,0.016361771,0.022227965,5.6838337e-07,3.8124658e-06
007-1457-000.jpg,0,No DR,0,No DR,True,0.9163274,0.9163274,0.014908956,0.06748277,0.0003655202,0.0009152753
007-4620-200.jpg,2,Moderate,0,No DR,False,0.46414506,0.46414506,0.00486987,0.4084151,0.007891112,0.1146789
20170430193321931.jpg,0,No DR,0,No DR,True,0.99194795,0.99194795,0.0008001145,0.0058303988,0.0010314208,0.00039010477
007-0660-000.jpg,0,No DR,0,No DR,True,0.97297084,0.97297084,0.008026009,0.018931177,7.998033e-06,6.403331e-05
007-2273-100.jpg,1,Mild,1,Mild,True,0.96681076,0.015611288,0.96681076,0.015753202,0.00071324705,0.0011113991
007-6949-400.jpg,4,Proliferative,4,Proliferative,True,0.9852688,0.00965289,0.0011207853,0.003946777,1.07706255e-05,0.9852688
007-0414-000.jpg,0,No DR,0,No DR,True,0.96229726,0.96229726,0.0032761097,0.030678928,2.7587817e-05,0.0037200518
007-6696-400.jpg,4,Proliferative,4,Proliferative,True,0.9975872,5.128394e-05,4.135544e-05,0.0022279897,9.2151444e-05,0.9975872
20170407231958802.jpg,0,No DR,0,No DR,True,0.99492896,0.99492896,5.430128e-05,0.0049458994,1.698304e-05,5.3850083e-05
20170409201706285.jpg,0,No DR,0,No DR,True,0.9884029,0.9884029,0.00062961096,0.010618972,4.1568943e-05,0.00030696258
007-6422-400.jpg,4,Proliferative,2,Moderate,False,0.8093255,0.16329218,0.01747195,0.8093255,0.005504827,0.0044054724
007-3109-100.jpg,2,Moderate,0,No DR,False,0.7247244,0.7247244,0.0043468885,0.26867625,3.156318e-05,0.0022209422
20170522095812915.jpg,2,Moderate,0,No DR,False,0.95238805,0.95238805,0.0053147273,0.041482776,0.000716997,9.751015e-05
20170605153241003.jpg,1,Mild,2,Moderate,False,0.72748244,0.26316416,0.006766528,0.72748244,0.00019212614,0.00239479
20170323110340307.jpg,0,No DR,0,No DR,True,0.9731365,0.9731365,0.0020829535,0.024736924,3.2697142e-05,1.0945832e-05
007-0156-000.jpg,2,Moderate,0,No DR,False,0.8702245,0.8702245,0.0036746417,0.1250664,6.20503e-05,0.0009724043
007-5837-300.jpg,2,Moderate,2,Moderate,True,0.99481446,2.0147306e-06,1.4996672e-06,0.99481446,0.0051561734,2.585361e-05
20170530104857438.jpg,2,Moderate,2,Moderate,True,0.9934691,0.0027720653,0.0027287775,0.9934691,0.00093859714,9.152187e-05
007-6149-300.jpg,2,Moderate,2,Moderate,True,0.72889864,0.1637006,0.028678812,0.72889864,0.00027571956,0.078446254
20170226230728104.jpg,0,No DR,0,No DR,True,0.9975922,0.9975922,4.4797987e-05,0.0023551965,6.0373377e-06,1.7771945e-06
20170327114657010.jpg,0,No DR,0,No DR,True,0.99540097,0.99540097,0.00010235652,0.0044396883,4.5637575e-05,1.133666e-05
007-6586-400.jpg,4,Proliferative,4,Proliferative,True,0.9995384,1.2606339e-06,2.6131693e-07,9.773785e-06,0.00045023643,0.9995384
007-3093-100.jpg,2,Moderate,2,Moderate,True,0.7510087,0.20393124,0.04401511,0.7510087,0.00043583818,0.00060902204
20170629195200847.jpg,2,Moderate,0,No DR,False,0.91301167,0.91301167,0.051706668,0.035236858,2.9667277e-05,1.5123718e-05
20170428100642582.jpg,0,No DR,0,No DR,True,0.97451496,0.97451496,0.0006952101,0.024631819,9.928629e-05,5.878643e-05
007-2833-100.jpg,2,Moderate,2,Moderate,True,0.97026527,0.02782722,0.00090072205,0.97026527,0.00093704445,6.970174e-05
007-0869-000.jpg,0,No DR,0,No DR,True,0.9985045,0.9985045,0.00012809892,0.0011535854,7.16261e-06,0.00020675921
20170324091221882.jpg,0,No DR,0,No DR,True,0.9326405,0.9326405,0.05509413,0.011805809,7.0529923e-06,0.00045249923
007-2309-100.jpg,0,No DR,2,Moderate,False,0.9059523,0.09253664,0.0006913859,0.9059523,4.0931114e-05,0.00077880075
007-2819-100.jpg,2,Moderate,2,Moderate,True,0.8871332,0.08675874,0.009842748,0.8871332,1.9806323e-05,0.016245482
007-5590-300.jpg,2,Moderate,2,Moderate,True,0.9987458,0.00026159466,8.318675e-05,0.9987458,4.0601008e-06,0.00090528635
20170323082951101.jpg,0,No DR,0,No DR,True,0.81997406,0.81997406,0.0041364143,0.17518573,0.0003907172,0.000313123
20170321103950081.jpg,0,No DR,0,No DR,True,0.577179,0.577179,0.23407494,0.18760802,0.000740549,0.0003974893
007-4277-200.jpg,2,Moderate,2,Moderate,True,0.99931777,9.921226e-05,1.3061748e-05,0.99931777,0.0005525845,1.7379187e-05
007-2518-100.jpg,1,Mild,0,No DR,False,0.58255064,0.58255064,0.0069639776,0.40997547,0.0001219495,0.00038792708
007-6016-300.jpg,2,Moderate,2,Moderate,True,0.9994815,0.00041493183,5.3145926e-05,0.9994815,4.887901e-05,1.5575175e-06
007-0853-000.jpg,0,No DR,0,No DR,True,0.9649221,0.9649221,0.0005369071,0.034502707,5.239857e-06,3.3173437e-05
20170427190551011.jpg,0,No DR,0,No DR,True,0.9999527,0.9999527,2.168233e-06,4.5056953e-05,1.16932654e-07,4.3019583e-08
007-5524-300.jpg,3,Severe,3,Severe,True,0.99819034,1.2087637e-05,6.463845e-05,0.0002373456,0.99819034,0.0014955901
007-2321-100.jpg,2,Moderate,2,Moderate,True,0.55099547,0.21020113,0.23688318,0.55099547,0.00014679288,0.0017734698
20170612142011722.jpg,2,Moderate,2,Moderate,True,0.6360374,0.0073367157,0.3556136,0.6360374,0.00030431728,0.0007080144
007-0685-000.jpg,0,No DR,0,No DR,True,0.630695,0.630695,0.015665578,0.32125413,0.021077065,0.011308304
007-0328-000.jpg,0,No DR,0,No DR,True,0.999729,0.999729,0.00024489168,2.5950229e-05,1.14111645e-08,1.2949752e-07
20170123102700555.jpg,0,No DR,0,No DR,True,0.99810505,0.99810505,2.0839872e-05,0.001847865,1.9479176e-05,6.7753626e-06
007-4699-200.jpg,2,Moderate,2,Moderate,True,0.97736824,0.018338354,0.00027755668,0.97736824,0.00012406807,0.0038918122
20170612233619184.jpg,2,Moderate,1,Mild,False,0.5060357,0.06826044,0.5060357,0.42417684,0.00054600276,0.000981038
007-2492-100.jpg,1,Mild,1,Mild,True,0.5106225,0.19810903,0.5106225,0.28570688,0.004238546,0.001323043
20170520101042385.jpg,2,Moderate,0,No DR,False,0.8224556,0.8224556,5.8197315e-05,0.1750502,0.0020193525,0.0004167304
007-5661-300.jpg,3,Severe,3,Severe,True,0.99669987,1.8257848e-05,0.00015983486,0.002705638,0.99669987,0.0004163619
007-4108-200.jpg,2,Moderate,2,Moderate,True,0.99934965,0.000116066396,4.2990137e-05,0.99934965,1.170565e-06,0.0004901086
007-1752-000.jpg,0,No DR,2,Moderate,False,0.92751354,0.06689711,0.0050618257,0.92751354,0.00037709484,0.00015039589
20170612085457865.jpg,2,Moderate,2,Moderate,True,0.9990175,0.00050497084,1.4376243e-05,0.9990175,0.00028870415,0.00017448912
007-0188-000.jpg,0,No DR,1,Mild,False,0.9486943,0.027174229,0.9486943,0.023922611,2.996882e-05,0.0001789161
007-4816-300.jpg,2,Moderate,1,Mild,False,0.84344524,0.02014908,0.84344524,0.13376974,8.312862e-05,0.002552802
007-4007-200.jpg,2,Moderate,2,Moderate,True,0.9945094,0.0052783648,5.943517e-05,0.9945094,0.000101800695,5.0998566e-05
007-4328-200.jpg,2,Moderate,2,Moderate,True,0.99889755,5.918396e-05,0.000113366645,0.99889755,1.6255299e-05,0.00091354176
007-7707-601.jpg,2,Moderate,4,Proliferative,False,0.9946538,0.0029195726,4.1790052e-05,0.0023335286,5.1295297e-05,0.9946538
20170430145041016.jpg,0,No DR,0,No DR,True,0.99594986,0.99594986,0.000103118015,0.0039369147,6.7506235e-06,3.3194556e-06
20170408215951874.jpg,0,No DR,0,No DR,True,0.9953269,0.9953269,0.00023839014,0.0044298023,5.5081506e-07,4.3670175e-06
20170430200912409.jpg,0,No DR,0,No DR,True,0.99929464,0.99929464,5.6456425e-05,0.00063928263,1.6313525e-06,7.932857e-06
007-4863-300.jpg,2,Moderate,2,Moderate,True,0.9794064,0.0004337545,0.0068238606,0.9794064,0.012966337,0.00036963023
20170221145429884.jpg,0,No DR,0,No DR,True,0.96865743,0.96865743,0.009010257,0.022183502,3.333585e-05,0.000115416384
007-6339-400.jpg,4,Proliferative,3,Severe,False,0.45236486,0.003665539,0.0020891947,0.3469348,0.45236486,0.19494557
007-5758-300.jpg,2,Moderate,2,Moderate,True,0.9986761,0.00108597,7.261789e-05,0.9986761,0.00016023214,4.9933938e-06
007-5471-300.jpg,2,Moderate,2,Moderate,True,0.5877476,0.33304316,0.0689906,0.5877476,0.008321815,0.0018968371
007-7255-400.jpg,4,Proliferative,4,Proliferative,True,0.9895812,0.005399391,0.0008313974,0.0041848673,3.0672506e-06,0.9895812
007-8149-601.jpg,2,Moderate,2,Moderate,True,0.8747814,0.011850661,0.0030666655,0.8747814,0.00013134252,0.11016992
007-1625-000.jpg,0,No DR,0,No DR,True,0.63535446,0.63535446,0.105728455,0.258281,0.0003915414,0.00024457197
007-3923-200.jpg,2,Moderate,0,No DR,False,0.6831426,0.6831426,0.21774755,0.09832711,0.00044248262,0.00034027174
007-2642-100.jpg,2,Moderate,2,Moderate,True,0.51897043,0.46865234,0.011256846,0.51897043,0.00081178924,0.00030857444
007-7685-601.jpg,0,No DR,0,No DR,True,0.9360729,0.9360729,0.0003693536,0.062304128,6.479162e-06,0.0012470905
007-4370-200.jpg,2,Moderate,2,Moderate,True,0.9967636,0.00027465177,5.2343275e-05,0.9967636,0.00280374,0.000105750645
007-0436-000.jpg,0,No DR,0,No DR,True,0.93616486,0.93616486,0.00073698576,0.063065104,2.3396597e-05,9.737177e-06
20170327104857725.jpg,0,No DR,0,No DR,True,0.99859947,0.99859947,1.8214761e-05,0.00091816875,0.0003555809,0.000108557804
007-6087-300.jpg,2,Moderate,2,Moderate,True,0.9683354,0.00023704712,0.000126388,0.9683354,0.031281773,1.9488765e-05
20170417141233374.jpg,0,No DR,0,No DR,True,0.9822541,0.9822541,0.007659748,0.01006336,3.4905618e-06,1.9323623e-05
20170518092011904.jpg,2,Moderate,2,Moderate,True,0.9465123,0.0016104431,0.018082049,0.9465123,0.010251864,0.023543293
007-0759-000.jpg,0,No DR,0,No DR,True,0.99644923,0.99644923,8.987486e-06,0.0033862458,0.00014941819,6.1009123e-06
007-7240-400.jpg,4,Proliferative,2,Moderate,False,0.7729711,0.0011808706,0.00021135852,0.7729711,0.0076620937,0.21797454
20170430192959163.jpg,0,No DR,0,No DR,True,0.99115074,0.99115074,0.00028726016,0.008546233,1.072386e-05,5.06088e-06
20170608153659715.jpg,2,Moderate,2,Moderate,True,0.6363699,0.34044063,0.0098837605,0.6363699,0.012793863,0.0005118271
007-2108-100.jpg,2,Moderate,2,Moderate,True,0.93497723,1.7269658e-05,0.001800168,0.93497723,1.7373894e-05,0.06318799
007-0698-000.jpg,0,No DR,0,No DR,True,0.86568373,0.86568373,0.0369622,0.0967263,0.00042832387,0.00019935414
007-0552-000.jpg,0,No DR,0,No DR,True,0.98798335,0.98798335,0.0006053557,0.011363861,9.464701e-08,4.734621e-05
20170210165822208.jpg,0,No DR,0,No DR,True,0.864967,0.864967,0.031072354,0.10358846,0.00024101282,0.00013120846
007-5214-300.jpg,2,Moderate,2,Moderate,True,0.98904747,0.0104986215,0.0001707386,0.98904747,5.4088236e-05,0.00022902455
007-6257-300.jpg,2,Moderate,2,Moderate,True,0.9998522,0.000103359576,4.0370583e-06,0.9998522,3.5107016e-05,5.4003262e-06
20170602155247616.jpg,2,Moderate,2,Moderate,True,0.9957274,6.365796e-05,3.2984368e-05,0.9957274,0.003138602,0.0010374213
007-3004-100.jpg,2,Moderate,0,No DR,False,0.71001285,0.71001285,0.0008843482,0.28902495,8.665817e-06,6.91758e-05
20170504211026647.jpg,2,Moderate,0,No DR,False,0.9900283,0.9900283,0.00021140733,0.00961768,7.416673e-05,6.827954e-05
20170420184440359.jpg,0,No DR,0,No DR,True,0.9866545,0.9866545,0.0008941888,0.012404435,3.870034e-05,8.257595e-06
20170524083940499.jpg,2,Moderate,2,Moderate,True,0.99924445,1.5378617e-05,5.027025e-06,0.99924445,0.00055205205,0.00018303527
007-5107-300.jpg,2,Moderate,2,Moderate,True,0.999881,4.8307567e-07,2.641884e-07,0.999881,0.00011421416,4.0445043e-06
007-5223-300.jpg,3,Severe,2,Moderate,False,0.9748257,8.648389e-06,9.915484e-06,0.9748257,0.02510888,4.6936544e-05
007-2683-100.jpg,1,Mild,0,No DR,False,0.73092026,0.73092026,0.0022623986,0.26640967,0.0002877228,0.00012001302
20170329091959859.jpg,0,No DR,0,No DR,True,0.70019376,0.70019376,0.06760988,0.22627093,0.00021710101,0.0057083443
007-3341-200.jpg,2,Moderate,0,No DR,False,0.58739746,0.58739746,0.024220882,0.38822752,1.7257187e-05,0.0001369069
20170209164906911.jpg,0,No DR,0,No DR,True,0.78729814,0.78729814,0.011584823,0.20107172,1.5442996e-05,2.9961906e-05
007-4157-200.jpg,2,Moderate,2,Moderate,True,0.8252057,8.6670705e-05,8.8167995e-05,0.8252057,6.513052e-05,0.17455432
007-0398-000.jpg,0,No DR,0,No DR,True,0.9922482,0.9922482,0.002485962,0.0051809256,1.1363422e-05,7.3588686e-05
007-3566-200.jpg,2,Moderate,2,Moderate,True,0.84751093,0.025598686,0.118161716,0.84751093,0.0011821225,0.00754647
007-7332-601.jpg,0,No DR,4,Proliferative,False,0.6616781,0.027715188,0.30536386,0.0052038534,3.9059523e-05,0.6616781
007-4489-200.jpg,2,Moderate,2,Moderate,True,0.8730951,0.12661634,0.000121025616,0.8730951,4.179712e-06,0.00016333262
007-6170-300.jpg,2,Moderate,2,Moderate,True,0.7677759,0.22257172,0.003064357,0.7677759,0.00027155026,0.0063164528
20170328081016390.jpg,0,No DR,0,No DR,True,0.9974516,0.9974516,0.00016158706,0.002383681,6.2718397e-07,2.4832639e-06
007-2050-100.jpg,2,Moderate,2,Moderate,True,0.92084855,0.003976114,0.0749515,0.92084855,9.369031e-05,0.00013014485
007-4457-200.jpg,2,Moderate,2,Moderate,True,0.9986469,0.00012910368,3.0743402e-05,0.9986469,2.8795828e-05,0.0011644713
007-3091-100.jpg,2,Moderate,2,Moderate,True,0.5834275,0.39983815,0.00536393,0.5834275,0.0016068832,0.009763567
007-3377-200.jpg,2,Moderate,2,Moderate,True,0.999969,6.382043e-06,1.9685767e-07,0.999969,8.7225067e-07,2.3559836e-05
007-3796-200.jpg,2,Moderate,2,Moderate,True,0.9991179,0.00018909868,0.00048636933,0.9991179,9.87449e-06,0.00019683677
20170324112557007.jpg,0,No DR,0,No DR,True,0.9386288,0.9386288,0.004808298,0.056412145,0.00011091298,3.9969895e-05
20170418105730020.jpg,0,No DR,0,No DR,True,0.9892848,0.9892848,8.922075e-06,0.010666886,3.77866e-05,1.4881447e-06
20170405133534347.jpg,0,No DR,0,No DR,True,0.94347,0.94347,0.0019322954,0.054492787,7.32868e-05,3.1606985e-05
007-3634-200.jpg,3,Severe,2,Moderate,False,0.9615382,6.474303e-05,1.7781951e-05,0.9615382,0.0077724094,0.030606907
007-0341-000.jpg,0,No DR,0,No DR,True,0.98469675,0.98469675,0.00070293644,0.014569127,1.5956848e-05,1.5250369e-05
007-4840-300.jpg,2,Moderate,2,Moderate,True,0.99738425,0.00011556306,5.3420727e-06,0.99738425,0.0018632256,0.0006315862
20170302092821598.jpg,0,No DR,0,No DR,True,0.95449173,0.95449173,0.005733593,0.039527632,0.00018363897,6.340894e-05
007-0065-000.jpg,0,No DR,0,No DR,True,0.5143487,0.5143487,0.11580538,0.36940336,0.0001979449,0.00024456362
20170323110609014.jpg,0,No DR,0,No DR,True,0.89197934,0.89197934,0.0001501743,0.107645914,0.00017978121,4.4763037e-05
20170327104159249.jpg,0,No DR,0,No DR,True,0.9304404,0.9304404,0.006450198,0.063038066,2.3978755e-05,4.7342117e-05
007-3413-200.jpg,2,Moderate,2,Moderate,True,0.9999845,7.854717e-09,5.2928485e-08,0.9999845,2.4201156e-06,1.301747e-05
007-3961-200.jpg,2,Moderate,2,Moderate,True,0.9555305,0.042981703,0.0005609567,0.9555305,2.2730212e-05,0.00090410316
007-2634-100.jpg,0,No DR,1,Mild,False,0.68659276,0.032552622,0.68659276,0.2800082,3.146975e-05,0.00081502757
20170422183243272.jpg,0,No DR,0,No DR,True,0.9329017,0.9329017,0.059001178,0.008076782,1.6278962e-05,4.134508e-06
20170427212809393.jpg,0,No DR,0,No DR,True,0.9212511,0.9212511,0.053286638,0.02535481,7.046179e-05,3.6873822e-05
20170215223846997.jpg,0,No DR,0,No DR,True,0.5545452,0.5545452,0.03707891,0.40609932,0.0017792946,0.00049727765
007-2977-100.jpg,2,Moderate,2,Moderate,True,0.7210854,0.27782384,0.0006303644,0.7210854,3.6952923e-05,0.0004234751
20170622165648655.jpg,2,Moderate,2,Moderate,True,0.9996105,4.416637e-06,6.7829575e-07,0.9996105,9.0570065e-05,0.00029379284
007-0572-000.jpg,0,No DR,0,No DR,True,0.9795384,0.9795384,0.008808139,0.011635323,7.886616e-06,1.0325341e-05
20170618220954488.jpg,2,Moderate,2,Moderate,True,0.988128,2.9727664e-05,0.00026979117,0.988128,0.00079205347,0.0107804965
20170428090532281.jpg,0,No DR,0,No DR,True,0.7483409,0.7483409,0.010633741,0.23685953,0.003080755,0.0010851738
007-2606-100.jpg,0,No DR,2,Moderate,False,0.89848644,0.09570592,0.00025580463,0.89848644,3.0893305e-05,0.005520924
007-4585-200.jpg,2,Moderate,2,Moderate,True,0.9997992,1.7606744e-06,3.9304356e-07,0.9997992,1.5102944e-05,0.00018361413
007-1829-100.jpg,2,Moderate,2,Moderate,True,0.91408604,0.07334229,0.010121128,0.91408604,0.00021885642,0.002231731
007-1112-000.jpg,0,No DR,0,No DR,True,0.99235934,0.99235934,0.0014124964,0.006174125,1.3930054e-05,4.010756e-05
007-4747-200.jpg,2,Moderate,2,Moderate,True,0.9996879,3.2254038e-06,5.978788e-06,0.9996879,0.00027622437,2.66567e-05
007-3836-200.jpg,2,Moderate,2,Moderate,True,0.8870373,0.0015074211,0.01968714,0.8870373,0.09113187,0.0006362564
20170408233819816.jpg,0,No DR,0,No DR,True,0.96821946,0.96821946,0.00054572226,0.014060358,7.007323e-05,0.017104397
20170323084320632.jpg,0,No DR,0,No DR,True,0.9957646,0.9957646,1.6441847e-05,0.0015590512,1.9477919e-05,0.0026403586
007-6365-400.jpg,4,Proliferative,4,Proliferative,True,0.99569714,0.0002661479,7.223038e-05,0.0016562538,0.0023082553,0.99569714
007-2466-100.jpg,2,Moderate,2,Moderate,True,0.7009575,0.052885544,0.21985485,0.7009575,0.0033665474,0.02293558
007-5740-300.jpg,2,Moderate,2,Moderate,True,0.99839944,0.0010401338,0.000250569,0.99839944,4.8043818e-05,0.00026179064
20170408231532801.jpg,0,No DR,0,No DR,True,0.994705,0.994705,0.0028343494,0.0024328174,8.813433e-06,1.8918343e-05
007-6798-400.jpg,4,Proliferative,4,Proliferative,True,0.9993962,0.0002805491,0.00025779472,6.4745e-05,7.4605646e-07,0.9993962
007-5606-300.jpg,2,Moderate,2,Moderate,True,0.9991787,2.7083037e-05,9.612265e-06,0.9991787,0.0007122553,7.238305e-05
007-3051-100.jpg,1,Mild,0,No DR,False,0.9223668,0.9223668,0.0036527412,0.07328066,0.00053471274,0.0001651576
007-4015-200.jpg,2,Moderate,2,Moderate,True,0.99642414,0.0031964334,0.00013048325,0.99642414,3.393518e-06,0.0002455636
007-6898-400.jpg,4,Proliferative,4,Proliferative,True,0.9966342,1.2546614e-05,8.839213e-06,8.189759e-05,0.003262502,0.9966342
007-5335-300.jpg,2,Moderate,2,Moderate,True,0.98934597,7.531321e-07,2.504574e-06,0.98934597,0.008806275,0.0018445115
20170509100157978.jpg,2,Moderate,2,Moderate,True,0.99991643,4.7069832e-05,7.1128893e-06,0.99991643,1.9905301e-05,9.424476e-06
007-1243-000.jpg,0,No DR,0,No DR,True,0.98827934,0.98827934,0.0022559222,0.009407367,4.026947e-06,5.3233594e-05
20170408222505701.jpg,0,No DR,0,No DR,True,0.9974189,0.9974189,3.1613537e-05,0.0025398002,1.6065445e-06,8.108675e-06
20170329095907382.jpg,0,No DR,0,No DR,True,0.9925281,0.9925281,0.0008980307,0.0061702146,1.8125127e-05,0.00038562523
007-8028-601.jpg,2,Moderate,0,No DR,False,0.64111775,0.64111775,0.0008012447,0.3367644,4.267402e-05,0.021273972
007-7181-400.jpg,4,Proliferative,4,Proliferative,True,0.9800702,0.006560083,0.00014018173,0.013124053,0.00010552046,0.9800702
007-2297-100.jpg,2,Moderate,2,Moderate,True,0.99514127,0.00087400514,0.0012380829,0.99514127,0.0026471177,9.947806e-05
007-6901-400.jpg,4,Proliferative,4,Proliferative,True,0.99905723,2.0042421e-07,3.0209417e-08,3.0125253e-07,0.0009420919,0.99905723
007-6870-400.jpg,4,Proliferative,2,Moderate,False,0.7016305,0.00024630048,0.0014591981,0.7016305,0.29053032,0.0061337757
007-6184-300.jpg,2,Moderate,2,Moderate,True,0.9897098,0.00050822797,0.0071732257,0.9897098,0.0022440373,0.00036477766
007-3912-200.jpg,2,Moderate,2,Moderate,True,0.975274,0.0018233996,0.0010431216,0.975274,0.00031762934,0.0215418
20170427185156957.jpg,0,No DR,0,No DR,True,0.93739957,0.93739957,0.014760732,0.046453264,0.0010461431,0.00034025314
007-0030-000.jpg,0,No DR,0,No DR,True,0.97883177,0.97883177,0.0131628,0.007994735,3.1880838e-06,7.51771e-06
20170609083431717.jpg,2,Moderate,2,Moderate,True,0.9996074,1.1692037e-05,4.3765226e-06,0.9996074,0.00035066818,2.5853062e-05
007-6343-400.jpg,4,Proliferative,2,Moderate,False,0.74649024,0.003992709,0.004369203,0.74649024,0.10570334,0.13944447
20170430201256556.jpg,0,No DR,0,No DR,True,0.9370265,0.9370265,0.0037247783,0.056558155,0.0011734617,0.001517058
007-6883-400.jpg,4,Proliferative,4,Proliferative,True,0.9999994,9.318373e-08,4.2573046e-08,4.0655593e-07,3.5266837e-08,0.9999994
20170406102954330.jpg,0,No DR,0,No DR,True,0.99616075,0.99616075,2.9337918e-05,0.003744077,5.7241694e-05,8.598508e-06
20170428100042138.jpg,0,No DR,0,No DR,True,0.99979395,0.99979395,8.841554e-05,0.00011676173,6.744464e-07,2.3371281e-07
007-7412-601.jpg,0,No DR,2,Moderate,False,0.77938277,0.21759592,0.002504346,0.77938277,0.000219471,0.00029752153
20170413112758639.jpg,0,No DR,0,No DR,True,0.94385344,0.94385344,0.010552698,0.045331154,9.7513315e-05,0.00016516558
20170616130013868.jpg,2,Moderate,2,Moderate,True,0.99841094,0.0011160849,0.000393452,0.99841094,1.8957957e-05,6.053127e-05
007-2045-100.jpg,1,Mild,0,No DR,False,0.52730286,0.52730286,0.0044273324,0.46788108,8.272281e-06,0.00038044018
20170331142808935.jpg,0,No DR,0,No DR,True,0.9021059,0.9021059,0.002867048,0.09467887,0.0002587379,8.942187e-05
20170313172619640.jpg,0,No DR,0,No DR,True,0.9576992,0.9576992,0.03579087,0.0065014292,1.975633e-06,6.545478e-06
007-3124-100.jpg,0,No DR,0,No DR,True,0.733262,0.733262,0.04268882,0.11568673,0.0005553142,0.107807264
007-7160-400.jpg,4,Proliferative,0,No DR,False,0.9863093,0.9863093,0.0070774416,0.006210444,2.8755578e-06,0.00040000075
20170616125215801.jpg,2,Moderate,2,Moderate,True,0.36843506,0.09348244,0.2915817,0.36843506,0.00089444034,0.2456064
20170223114531468.jpg,0,No DR,0,No DR,True,0.99878114,0.99878114,2.6923724e-05,0.0011904924,1.2522199e-07,1.3424758e-06
007-1131-000.jpg,0,No DR,0,No DR,True,0.9629612,0.9629612,0.007904507,0.02867985,0.00010100372,0.00035342548
20170214135751487.jpg,0,No DR,0,No DR,True,0.98752815,0.98752815,0.0012401843,0.008567953,0.0020048602,0.00065893115
20170122165423738.jpg,0,No DR,0,No DR,True,0.95894104,0.95894104,0.006884715,0.033993762,8.6974076e-05,9.3560215e-05
007-1462-000.jpg,2,Moderate,0,No DR,False,0.5786016,0.5786016,0.0019030436,0.41925585,0.00010468211,0.00013485053
007-5085-300.jpg,3,Severe,2,Moderate,False,0.5169228,0.0006635065,0.00032524488,0.5169228,0.063477166,0.41861126
007-5226-300.jpg,2,Moderate,4,Proliferative,False,0.7136998,0.022544596,0.00084327004,0.26278463,0.00012768194,0.7136998
20170120223854648.jpg,0,No DR,0,No DR,True,0.9973538,0.9973538,1.5028379e-05,0.002615318,9.189765e-06,6.682095e-06
20170330083717316.jpg,0,No DR,0,No DR,True,0.9881235,0.9881235,7.972892e-05,0.011724077,3.1931875e-05,4.0746643e-05
007-3421-200.jpg,2,Moderate,2,Moderate,True,0.96713847,0.02447387,0.008155846,0.96713847,0.00019534999,3.647699e-05
007-0450-000.jpg,0,No DR,0,No DR,True,0.7932532,0.7932532,0.037783425,0.16856086,0.000102503625,0.00029995528
20170413133512678.jpg,0,No DR,0,No DR,True,0.9202471,0.9202471,0.0022329418,0.077480145,3.279405e-05,7.0031497e-06
20170429222810408.jpg,0,No DR,0,No DR,True,0.98665744,0.98665744,5.006057e-05,0.013219389,3.218223e-05,4.0972263e-05
007-3598-200.jpg,2,Moderate,2,Moderate,True,0.9998074,1.6865602e-05,9.498572e-06,0.9998074,1.9388497e-06,0.00016434089
20170223115353186.jpg,0,No DR,0,No DR,True,0.9314534,0.9314534,0.0023744346,0.06551169,0.0005608737,9.957704e-05
007-6985-400.jpg,4,Proliferative,4,Proliferative,True,0.9993907,0.0005143782,5.7657744e-06,7.393605e-05,1.513639e-05,0.9993907
007-3231-100.jpg,1,Mild,0,No DR,False,0.65513533,0.65513533,0.046195563,0.28596202,0.009608014,0.0030991244
007-1524-000.jpg,0,No DR,0,No DR,True,0.9937662,0.9937662,0.0002973233,0.0059312196,1.2390212e-06,4.002468e-06
20170408231430698.jpg,0,No DR,0,No DR,True,0.991376,0.991376,0.0007425714,0.007862937,2.13341e-06,1.6453838e-05
20170327140646337.jpg,0,No DR,0,No DR,True,0.9989863,0.9989863,2.2269573e-05,0.00092629815,1.4785686e-06,6.3660475e-05
007-1051-000.jpg,0,No DR,0,No DR,True,0.59634775,0.59634775,0.32218522,0.080921054,0.0003381239,0.00020785618
20170417114049699.jpg,0,No DR,0,No DR,True,0.99056983,0.99056983,0.00025773133,0.009171278,6.691101e-08,1.1010943e-06
007-5415-300.jpg,2,Moderate,2,Moderate,True,0.9999565,2.5274514e-05,5.414951e-07,0.9999565,3.8275443e-06,1.38827745e-05
20170407231656714.jpg,0,No DR,0,No DR,True,0.9883686,0.9883686,0.003346086,0.0076457066,9.334813e-05,0.00054628216
20170427184911862.jpg,0,No DR,0,No DR,True,0.9935933,0.9935933,0.0007512828,0.00552569,2.4080686e-05,0.00010565806
007-2255-100.jpg,2,Moderate,2,Moderate,True,0.99911803,0.00011024046,2.072987e-05,0.99911803,0.00069758424,5.3390973e-05
20170412093126547.jpg,0,No DR,0,No DR,True,0.99030733,0.99030733,0.00024411849,0.009445032,5.9967573e-07,3.0074516e-06
20170525110437479.jpg,2,Moderate,2,Moderate,True,0.9995722,6.0861494e-05,2.9881252e-05,0.9995722,0.00019920198,0.00013779696
007-4034-200.jpg,2,Moderate,2,Moderate,True,0.7794759,0.0010609635,0.002310578,0.7794759,0.21506093,0.0020916
007-1129-000.jpg,0,No DR,0,No DR,True,0.8696098,0.8696098,0.06971873,0.05431522,0.0029160045,0.003440234
007-5544-300.jpg,2,Moderate,2,Moderate,True,0.9803309,0.017206179,0.001850787,0.9803309,0.0005493289,6.279696e-05
20170408092517109.jpg,0,No DR,0,No DR,True,0.9992694,0.9992694,2.3081498e-06,0.00072006905,3.642818e-06,4.5398288e-06
007-0725-000.jpg,1,Mild,0,No DR,False,0.96422464,0.96422464,0.01342025,0.022275943,2.5859477e-05,5.3378375e-05
007-4986-300.jpg,2,Moderate,1,Mild,False,0.97984916,0.0021200464,0.97984916,0.01692602,0.00079674955,0.00030811434
007-6061-300.jpg,2,Moderate,2,Moderate,True,0.98981106,0.009977308,0.00012799923,0.98981106,6.838445e-05,1.5274327e-05
007-6371-400.jpg,4,Proliferative,4,Proliferative,True,0.84083694,4.2764117e-05,2.2803484e-05,0.12286548,0.036232036,0.84083694
20170214165305181.jpg,0,No DR,0,No DR,True,0.9244603,0.9244603,0.01392062,0.06139612,0.00014402352,7.8999554e-05
20170417094353146.jpg,0,No DR,0,No DR,True,0.8539398,0.8539398,0.0051326393,0.13467807,0.0012630024,0.004986566
20170415090800978.jpg,0,No DR,0,No DR,True,0.9620772,0.9620772,0.026781177,0.011055666,1.1845769e-05,7.411038e-05
20170430175855104.jpg,0,No DR,0,No DR,True,0.9990233,0.9990233,2.9854877e-05,0.00091103,1.4989641e-05,2.0720989e-05
007-4481-200.jpg,2,Moderate,2,Moderate,True,0.99944955,8.683806e-05,9.1219645e-06,0.99944955,2.5449854e-05,0.0004290627
007-4629-200.jpg,2,Moderate,2,Moderate,True,0.9509372,4.6634043e-05,7.232271e-05,0.9509372,9.602558e-06,0.048934203
20170221143959074.jpg,0,No DR,0,No DR,True,0.9593864,0.9593864,0.0072775558,0.033272736,2.2921706e-05,4.0327293e-05
007-3204-100.jpg,2,Moderate,2,Moderate,True,0.9697874,0.014794905,0.00030216522,0.9697874,0.0020362579,0.013079314
20170217100112164.jpg,0,No DR,0,No DR,True,0.98847055,0.98847055,0.010060378,0.0014649824,1.985551e-07,3.7569719e-06
20170324095528097.jpg,0,No DR,0,No DR,True,0.9997012,0.9997012,2.2067243e-06,0.00021952092,3.4867968e-05,4.2213782e-05
007-3744-200.jpg,2,Moderate,2,Moderate,True,0.97873634,0.000106356376,0.0017742383,0.97873634,0.00063653546,0.018746596
007-2775-100.jpg,2,Moderate,0,No DR,False,0.8610004,0.8610004,0.05583836,0.0830681,4.4090655e-05,4.9097212e-05
20170428115910093.jpg,0,No DR,0,No DR,True,0.70826757,0.70826757,0.11864693,0.17197761,0.0005309176,0.00057704916
007-3073-100.jpg,2,Moderate,2,Moderate,True,0.9996432,3.9197163e-05,0.00029291675,0.9996432,5.492351e-06,1.9197338e-05
20170429204652538.jpg,0,No DR,0,No DR,True,0.99990404,0.99990404,7.0590344e-05,2.5306957e-05,3.879774e-08,3.7484895e-08
20170427184052074.jpg,0,No DR,0,No DR,True,0.9988612,0.9988612,5.825983e-05,0.0010765891,1.1145107e-06,2.8392124e-06
007-3046-100.jpg,2,Moderate,2,Moderate,True,0.96824014,0.022334374,0.004845757,0.96824014,0.0044353236,0.00014440692
20170427203229867.jpg,0,No DR,0,No DR,True,0.99696773,0.99696773,0.0006061935,0.0023766086,3.79276e-06,4.577576e-05
20170427180931834.jpg,0,No DR,0,No DR,True,0.9947161,0.9947161,0.00072671816,0.0044879727,5.7067446e-05,1.2150743e-05
007-5378-300.jpg,2,Moderate,2,Moderate,True,0.9813402,0.0009331559,0.009282741,0.9813402,0.0076334886,0.0008104307
007-2419-100.jpg,2,Moderate,2,Moderate,True,0.54087925,0.0013769937,0.45701072,0.54087925,0.0003123878,0.00042064802
20170616085451671.jpg,2,Moderate,0,No DR,False,0.87222224,0.87222224,0.001707777,0.12605812,4.5369834e-06,7.335981e-06
20170427185627251.jpg,0,No DR,0,No DR,True,0.9997402,0.9997402,1.3681941e-05,0.00024556913,1.1643338e-07,4.135913e-07
20170206083729696.jpg,0,No DR,0,No DR,True,0.99691737,0.99691737,0.0015440146,0.001536841,3.777111e-07,1.3701313e-06
20170609174510289.jpg,2,Moderate,2,Moderate,True,0.6050054,0.15191208,0.23261799,0.6050054,0.008876332,0.0015881661
20170511173940961.jpg,2,Moderate,2,Moderate,True,0.53243804,0.35210395,0.109856084,0.53243804,0.0051584602,0.00044353778
007-4493-200.jpg,2,Moderate,2,Moderate,True,0.9999614,6.103894e-06,1.6409882e-06,0.9999614,2.7679243e-05,3.2266462e-06
007-1917-100.jpg,0,No DR,0,No DR,True,0.75197196,0.75197196,0.05327923,0.19312781,0.001292665,0.00032833507
007-3713-200.jpg,2,Moderate,0,No DR,False,0.78785634,0.78785634,0.01186002,0.19949414,0.00029215348,0.000497426
007-6879-400.jpg,4,Proliferative,4,Proliferative,True,0.9999826,9.395161e-06,4.714975e-06,2.8081413e-06,3.9926294e-07,0.9999826
20170429213519463.jpg,0,No DR,0,No DR,True,0.9998795,0.9998795,2.7072153e-06,0.00011397765,2.3466384e-06,1.5667981e-06
007-1147-000.jpg,0,No DR,0,No DR,True,0.8521445,0.8521445,0.0061981226,0.14120822,8.96658e-05,0.00035948644
20170512123420362.jpg,2,Moderate,2,Moderate,True,0.92798537,0.00048400875,8.656408e-05,0.92798537,0.07141875,2.5308374e-05
007-4087-200.jpg,2,Moderate,2,Moderate,True,0.9987734,4.7798338e-05,4.00436e-05,0.9987734,3.2568025e-06,0.001135478
20170430193616817.jpg,0,No DR,0,No DR,True,0.9977551,0.9977551,0.0013051651,0.0009361245,1.5725611e-06,2.1501783e-06
007-6165-300.jpg,2,Moderate,2,Moderate,True,0.9290414,0.048913497,0.013593562,0.9290414,0.00036343755,0.00808816
007-4312-200.jpg,2,Moderate,2,Moderate,True,0.9695523,0.027294258,0.00095033844,0.9695523,0.0021070812,9.599523e-05
007-2113-100.jpg,2,Moderate,1,Mild,False,0.3775353,0.0018576364,0.3775353,0.34543753,0.0002446348,0.2749249
20170327101529137.jpg,0,No DR,0,No DR,True,0.99877447,0.99877447,3.924599e-05,0.0011629779,2.0410412e-06,2.121332e-05
20170206143044048.jpg,0,No DR,0,No DR,True,0.98377234,0.98377234,0.0022570651,0.01395097,8.382799e-06,1.1208421e-05
007-7900-601.jpg,0,No DR,0,No DR,True,0.9802178,0.9802178,0.00042944637,0.017975911,2.5808529e-06,0.0013742396
007-2406-100.jpg,1,Mild,2,Moderate,False,0.773287,0.1756012,0.0059430245,0.773287,0.045082625,8.612853e-05
20170429214037193.jpg,0,No DR,0,No DR,True,0.9925122,0.9925122,0.00054899947,0.0069286567,9.30709e-06,8.582523e-07
007-3666-200.jpg,2,Moderate,4,Proliferative,False,0.9400983,9.6028336e-05,0.00023193126,0.058074303,0.0014994437,0.9400983
20170629163635747.jpg,3,Severe,3,Severe,True,0.77442265,0.00047833272,0.00019276176,0.21513325,0.77442265,0.009773071
007-0894-000.jpg,0,No DR,0,No DR,True,0.74224055,0.74224055,0.07140059,0.12653564,0.0013891424,0.05843404
20170204145953613.jpg,0,No DR,0,No DR,True,0.9921584,0.9921584,4.419831e-05,0.007794428,4.103874e-07,2.6586195e-06
20170429210854778.jpg,0,No DR,0,No DR,True,0.98685735,0.98685735,0.00020023416,0.012827434,7.682523e-05,3.8285063e-05
20170429212303368.jpg,0,No DR,0,No DR,True,0.9974421,0.9974421,0.0014223664,0.0011219886,1.8327282e-06,1.165508e-05
007-5146-300.jpg,2,Moderate,2,Moderate,True,0.9331532,0.00606048,0.037048195,0.9331532,0.020060655,0.0036774138
007-5526-300.jpg,2,Moderate,2,Moderate,True,0.6741923,0.001808381,0.061759707,0.6741923,0.26044318,0.0017964636
007-4446-200.jpg,2,Moderate,2,Moderate,True,0.9984072,4.9207897e-06,7.383081e-07,0.9984072,5.19937e-05,0.0015352413
007-2587-100.jpg,1,Mild,0,No DR,False,0.61935616,0.61935616,0.27789187,0.10215904,7.920098e-05,0.00051369786
007-1868-100.jpg,0,No DR,0,No DR,True,0.6263691,0.6263691,0.18451253,0.18885386,0.00014745661,0.00011699157
007-5721-300.jpg,2,Moderate,2,Moderate,True,0.99994075,1.3502635e-05,4.161243e-05,0.99994075,5.255776e-07,3.515232e-06
20170328180141830.jpg,0,No DR,0,No DR,True,0.96539223,0.96539223,0.0017043906,0.032839864,9.988026e-06,5.348574e-05
007-6400-400.jpg,2,Moderate,2,Moderate,True,0.7250765,0.06563456,0.15502504,0.7250765,6.4199136e-05,0.05419965
007-4249-200.jpg,3,Severe,3,Severe,True,0.76032466,0.00012826116,6.888522e-05,0.22545686,0.76032466,0.014021341
007-5584-300.jpg,2,Moderate,2,Moderate,True,0.9919686,0.0029105125,0.0039990493,0.9919686,0.00031925237,0.00080259965
20170419160330690.jpg,0,No DR,0,No DR,True,0.6968313,0.6968313,0.078739695,0.22366141,0.00064523006,0.00012247018
007-0063-000.jpg,0,No DR,0,No DR,True,0.9816004,0.9816004,0.0013514761,0.017044088,1.3336553e-06,2.7020524e-06
20170120215632028.jpg,0,No DR,0,No DR,True,0.9734431,0.9734431,0.0070187496,0.019377267,5.111284e-05,0.00010979998
20170228182851681.jpg,0,No DR,0,No DR,True,0.99787617,0.99787617,0.0002551429,0.001814083,4.7341055e-06,4.9784696e-05
007-2714-100.jpg,2,Moderate,2,Moderate,True,0.8961598,0.018320829,0.07333032,0.8961598,0.00029607292,0.011892949
20170408224556563.jpg,0,No DR,0,No DR,True,0.99754214,0.99754214,0.0005048126,0.0019376078,1.0937185e-05,4.460277e-06
20170224212717668.jpg,0,No DR,0,No DR,True,0.954388,0.954388,0.0005357362,0.04478624,0.00020133992,8.859349e-05
007-6379-400.jpg,4,Proliferative,4,Proliferative,True,0.999584,1.2547584e-05,1.0125952e-06,0.00038007993,2.2391325e-05,0.999584
007-2887-100.jpg,2,Moderate,1,Mild,False,0.46693787,0.10951218,0.46693787,0.42241627,0.00075375114,0.00037992216
007-3514-200.jpg,2,Moderate,2,Moderate,True,0.84638023,0.14655806,0.005327866,0.84638023,7.720414e-05,0.0016565986
20170628114825603.jpg,2,Moderate,2,Moderate,True,0.99571383,0.0033360918,0.00033578748,0.99571383,3.8332482e-06,0.00061052653
20170331082942953.jpg,0,No DR,0,No DR,True,0.9467608,0.9467608,0.0056777424,0.047388405,5.6937784e-05,0.00011613569
20170508100004333.jpg,2,Moderate,0,No DR,False,0.5881699,0.5881699,0.0059725014,0.39553198,0.008127161,0.0021985176
007-4230-200.jpg,2,Moderate,2,Moderate,True,0.5043142,0.040242244,0.2469316,0.5043142,0.20731129,0.0012006778
20170504152807089.jpg,2,Moderate,2,Moderate,True,0.9972127,3.4702975e-05,1.12334155e-05,0.9972127,0.0026901576,5.1223302e-05
20170429222818277.jpg,0,No DR,0,No DR,True,0.99988234,0.99988234,3.875728e-05,7.869796e-05,8.093775e-08,6.5983784e-08
20170324144241048.jpg,0,No DR,0,No DR,True,0.95010334,0.95010334,0.0069210073,0.04291263,4.2419826e-05,2.0667858e-05
20170120223247141.jpg,0,No DR,0,No DR,True,0.9989287,0.9989287,4.74901e-05,0.0010126666,4.570461e-06,6.5715426e-06
007-1300-000.jpg,0,No DR,0,No DR,True,0.7673688,0.7673688,0.00021910851,0.23233503,2.3412833e-06,7.4752665e-05
007-2235-100.jpg,2,Moderate,1,Mild,False,0.80804,0.07474986,0.80804,0.116297595,0.0007122694,0.00020027811
007-6501-400.jpg,4,Proliferative,4,Proliferative,True,0.9996958,8.8591855e-07,2.4887502e-05,0.00027098614,7.5018506e-06,0.9996958
20170429221253283.jpg,0,No DR,0,No DR,True,0.99938834,0.99938834,0.0003546494,0.0002565507,2.2116504e-07,2.702913e-07
20170429232324229.jpg,0,No DR,0,No DR,True,0.9752647,0.9752647,0.0038765646,0.02077019,7.081148e-05,1.7658742e-05
007-5036-300.jpg,2,Moderate,2,Moderate,True,0.98607475,0.0025568781,0.0048639607,0.98607475,0.0004308092,0.0060735876
007-3653-200.jpg,2,Moderate,2,Moderate,True,0.9705129,0.013978738,0.01275422,0.9705129,0.000102928,0.002651226
20170509110625480.jpg,2,Moderate,2,Moderate,True,0.932403,0.06591624,0.001387303,0.932403,0.00025621662,3.7263282e-05
007-2435-100.jpg,1,Mild,2,Moderate,False,0.4647949,0.34697,0.18584244,0.4647949,0.0017947212,0.0005979601
007-4673-200.jpg,2,Moderate,2,Moderate,True,0.7900823,0.004850551,0.2049701,0.7900823,5.900334e-05,3.80026e-05
007-3651-200.jpg,2,Moderate,2,Moderate,True,0.9992254,0.000694456,2.2983497e-05,0.9992254,3.2789882e-07,5.6761088e-05
007-4351-200.jpg,2,Moderate,2,Moderate,True,0.9198175,2.7181404e-05,0.078857064,0.9198175,3.4230732e-05,0.0012640081
007-2049-100.jpg,1,Mild,2,Moderate,False,0.99953115,3.801368e-05,0.00012961392,0.99953115,3.2529777e-05,0.0002687351
20170221145944716.jpg,0,No DR,0,No DR,True,0.91103053,0.91103053,0.024833204,0.06407324,7.77931e-06,5.5269757e-05
007-1733-000.jpg,0,No DR,0,No DR,True,0.54795533,0.54795533,0.04548235,0.40588358,0.00012094947,0.0005576957
007-4254-200.jpg,3,Severe,2,Moderate,False,0.9332724,0.01837533,0.0032810874,0.9332724,0.009503046,0.035568085
007-3215-100.jpg,2,Moderate,0,No DR,False,0.8490041,0.8490041,0.13450977,0.01614295,6.655195e-05,0.00027660228
007-0427-000.jpg,0,No DR,0,No DR,True,0.90255547,0.90255547,0.095328994,0.0021143781,6.6408495e-07,4.825942e-07
20170407215253772.jpg,0,No DR,0,No DR,True,0.96657145,0.96657145,0.0014543565,0.031670343,0.00023103009,7.2863426e-05
20170221140104225.jpg,0,No DR,0,No DR,True,0.9853838,0.9853838,0.0009949208,0.0135369,2.5177296e-06,8.190118e-05
007-2824-100.jpg,1,Mild,2,Moderate,False,0.5984871,0.1926212,0.20666222,0.5984871,0.00032354874,0.0019059898
007-4922-300.jpg,2,Moderate,2,Moderate,True,0.5908777,4.037663e-05,0.00010393017,0.5908777,0.1681023,0.24087574
007-6303-400.jpg,4,Proliferative,4,Proliferative,True,0.742113,0.000116392555,0.0020609375,0.25556174,0.00014793118,0.742113
20170120154404132.jpg,0,No DR,0,No DR,True,0.4988124,0.4988124,0.32189202,0.17397283,0.0034716541,0.0018510172
20170324103349937.jpg,0,No DR,0,No DR,True,0.9625945,0.9625945,0.03381086,0.0035718465,1.15374305e-05,1.1301013e-05
20170412091847055.jpg,0,No DR,0,No DR,True,0.961698,0.961698,5.8865113e-05,0.038230933,8.921359e-07,1.1391657e-05
20170414124917250.jpg,0,No DR,0,No DR,True,0.98447335,0.98447335,0.009823584,0.0057025324,2.2086132e-07,2.2160525e-07
007-3270-100.jpg,0,No DR,2,Moderate,False,0.96067923,0.037704173,0.0012462923,0.96067923,0.00012699675,0.00024330958
20170425101622817.jpg,0,No DR,0,No DR,True,0.9362714,0.9362714,0.0038303288,0.05986035,1.692479e-05,2.0960526e-05
007-5120-300.jpg,2,Moderate,2,Moderate,True,0.7175509,0.0017917288,0.00046200896,0.7175509,0.0006936158,0.27950177
007-3644-200.jpg,2,Moderate,2,Moderate,True,0.9997075,0.00018682408,1.2901043e-07,0.9997075,9.851629e-08,0.000105428146
007-8391-603.jpg,0,No DR,1,Mild,False,0.7376087,0.050484937,0.7376087,0.17968239,0.0003196237,0.03190443
20170215092126197.jpg,0,No DR,0,No DR,True,0.99965894,0.99965894,1.3093451e-05,0.00031997135,2.2557713e-06,5.7627253e-06
20170429202216087.jpg,0,No DR,0,No DR,True,0.9985424,0.9985424,3.3872755e-05,0.0014118461,7.418473e-06,4.4126505e-06
007-4383-200.jpg,2,Moderate,2,Moderate,True,0.9998524,7.89507e-06,2.0950997e-06,0.9998524,1.35406435e-05,0.00012402015
007-1158-000.jpg,0,No DR,0,No DR,True,0.9829081,0.9829081,0.00053604116,0.01654878,2.3857335e-06,4.718831e-06
007-6139-300.jpg,2,Moderate,4,Proliferative,False,0.52793825,8.424946e-05,0.0002096552,0.2856809,0.18608692,0.52793825
007-5957-300.jpg,2,Moderate,2,Moderate,True,0.94177336,0.033347514,0.022653198,0.94177336,0.0008741017,0.0013519096
007-4535-200.jpg,2,Moderate,2,Moderate,True,0.9906123,0.00011028673,0.0068210643,0.9906123,0.0021052358,0.0003511476
20170225201956347.jpg,0,No DR,0,No DR,True,0.99539304,0.99539304,0.001133737,0.0031323445,0.00023763649,0.00010325288
007-3396-200.jpg,2,Moderate,2,Moderate,True,0.9980756,6.2559186e-05,0.00015994547,0.9980756,0.001243981,0.000457869
007-6701-400.jpg,4,Proliferative,4,Proliferative,True,0.99770606,0.0006438981,5.4598135e-05,0.0015901948,5.2243704e-06,0.99770606
007-4528-200.jpg,2,Moderate,2,Moderate,True,0.7253977,0.27358112,0.00086175353,0.7253977,1.0392005e-05,0.00014901847
20170222150514778.jpg,0,No DR,0,No DR,True,0.98082733,0.98082733,0.0010870936,0.017808732,4.795759e-05,0.0002288195
20170429210422443.jpg,0,No DR,0,No DR,True,0.9689696,0.9689696,0.0034534996,0.02746294,6.713923e-05,4.6894478e-05
007-1031-000.jpg,0,No DR,0,No DR,True,0.96267384,0.96267384,0.017584749,0.019472921,6.7771325e-05,0.00020069776
20170408212307947.jpg,0,No DR,0,No DR,True,0.954126,0.954126,0.0035999375,0.041072447,0.00010108177,0.001100559
20170214100035162.jpg,0,No DR,0,No DR,True,0.98392254,0.98392254,0.0020893095,0.013986359,1.3567256e-06,5.1189375e-07
20170323085656295.jpg,0,No DR,0,No DR,True,0.98006654,0.98006654,0.00026594792,0.019627241,3.9198953e-06,3.633789e-05
007-0058-000.jpg,0,No DR,0,No DR,True,0.89008445,0.89008445,0.09145468,0.01803441,7.656012e-05,0.00034989475
007-8407-603.jpg,2,Moderate,4,Proliferative,False,0.78109676,0.0049334564,0.06646202,0.14731951,0.00018831584,0.78109676
20170615112223659.jpg,2,Moderate,2,Moderate,True,0.9939167,0.00024039813,0.00036742227,0.9939167,0.0048896912,0.000585756
007-1633-000.jpg,0,No DR,0,No DR,True,0.47955856,0.47955856,0.47599474,0.044404205,1.9097233e-05,2.3382046e-05
20170430191201662.jpg,0,No DR,0,No DR,True,0.9985868,0.9985868,8.127484e-05,0.0013126895,1.6777738e-05,2.4801175e-06
20170429220826018.jpg,0,No DR,0,No DR,True,0.9995963,0.9995963,5.7841676e-06,0.0003932373,2.4425694e-06,2.2794604e-06
007-4429-200.jpg,2,Moderate,2,Moderate,True,0.99879515,0.0003090827,1.3424429e-05,0.99879515,2.5283714e-05,0.00085708196
007-1055-000.jpg,0,No DR,2,Moderate,False,0.39588398,0.33529553,0.262523,0.39588398,0.001948021,0.004349494
20170329143545705.jpg,0,No DR,0,No DR,True,0.9745594,0.9745594,0.02502793,0.00041220384,2.3144433e-07,1.9538473e-07
20170429224554063.jpg,0,No DR,0,No DR,True,0.9962758,0.9962758,0.0034546736,0.000267902,2.9382326e-07,1.3011467e-06
20170405131912101.jpg,0,No DR,0,No DR,True,0.89460737,0.89460737,0.0010901972,0.10412916,1.6582664e-05,0.00015669358
007-4371-200.jpg,2,Moderate,2,Moderate,True,0.99602437,0.0023806244,0.00031237022,0.99602437,0.0006012951,0.0006812705
20170221143301021.jpg,0,No DR,0,No DR,True,0.9177326,0.9177326,0.004630168,0.077446684,6.43787e-05,0.00012619159
007-0201-000.jpg,0,No DR,0,No DR,True,0.9983359,0.9983359,0.00015785974,0.0014075072,6.396719e-05,3.4806068e-05
007-3203-100.jpg,2,Moderate,2,Moderate,True,0.990897,0.00073779584,0.0006270968,0.990897,0.0076647624,7.3323616e-05
007-8545-604.jpg,2,Moderate,4,Proliferative,False,0.9902406,0.000838732,1.0552595e-05,0.008904832,5.4373086e-06,0.9902406
007-8240-602.jpg,0,No DR,0,No DR,True,0.9909945,0.9909945,2.4696e-05,0.008979388,2.2670891e-08,1.3708104e-06
007-7752-601.jpg,2,Moderate,2,Moderate,True,0.98949707,0.0006711154,0.00019314451,0.98949707,0.0038816296,0.005756947
007-5435-300.jpg,2,Moderate,2,Moderate,True,0.9996264,2.26763e-06,4.1803204e-07,0.9996264,0.0003318717,3.9086353e-05
007-3281-200.jpg,2,Moderate,2,Moderate,True,0.9852036,0.0034137869,0.010494711,0.9852036,0.00073539536,0.00015249907
007-5898-300.jpg,2,Moderate,2,Moderate,True,0.97142833,0.00024756894,0.0018426788,0.97142833,0.015692275,0.010789155
20170407211924407.jpg,0,No DR,0,No DR,True,0.9995448,0.9995448,3.4745424e-06,0.00043693456,9.545289e-06,5.260571e-06
20170612085653906.jpg,2,Moderate,2,Moderate,True,0.96244776,0.007466157,0.029333396,0.96244776,0.00062708434,0.00012557281
007-0729-000.jpg,0,No DR,0,No DR,True,0.5453128,0.5453128,0.09830511,0.35552582,0.0003359102,0.0005203309
007-0245-000.jpg,0,No DR,0,No DR,True,0.9997377,0.9997377,1.214318e-05,0.00021861156,1.1390498e-06,3.0451625e-05
20170601100334694.jpg,3,Severe,2,Moderate,False,0.9629407,0.0038668488,0.00020636177,0.9629407,0.021593083,0.0113930125
007-1350-000.jpg,2,Moderate,0,No DR,False,0.56624323,0.56624323,0.2160213,0.21666639,0.00038995582,0.00067910796
007-6058-300.jpg,2,Moderate,2,Moderate,True,0.9990742,0.0003188974,9.003143e-05,0.9990742,0.0004953406,2.1482272e-05
007-0859-000.jpg,0,No DR,0,No DR,True,0.9822795,0.9822795,0.0071529374,0.010485704,2.9094777e-05,5.2790358e-05
007-7283-601.jpg,4,Proliferative,0,No DR,False,0.4278765,0.4278765,0.001527443,0.2859329,0.0017230946,0.28293997
20170427183436009.jpg,0,No DR,0,No DR,True,0.9994468,0.9994468,3.6680854e-06,0.0005227159,2.1024796e-05,5.7812235e-06
007-4031-200.jpg,2,Moderate,2,Moderate,True,0.969466,0.024122633,0.00048240088,0.969466,0.004154193,0.0017746841
20170613170118036.jpg,2,Moderate,2,Moderate,True,0.9505433,0.037202373,0.011898005,0.9505433,0.00029160833,6.473721e-05
20170429203004863.jpg,0,No DR,0,No DR,True,0.990897,0.990897,0.0008388799,0.008207315,3.531656e-05,2.149453e-05
007-4319-200.jpg,2,Moderate,2,Moderate,True,0.98786306,0.0010195287,0.00052909256,0.98786306,0.009719171,0.00086913665
20170221093314325.jpg,0,No DR,0,No DR,True,0.99322766,0.99322766,0.00020372786,0.006564442,4.507243e-07,3.7827429e-06
20170630124252705.jpg,2,Moderate,2,Moderate,True,0.953231,0.03249458,0.002496291,0.953231,0.011614309,0.0001638172
007-6093-300.jpg,3,Severe,3,Severe,True,0.5909136,0.00091062696,0.00046127074,0.40315554,0.5909136,0.0045589632
007-6131-300.jpg,2,Moderate,2,Moderate,True,0.99955696,0.00033042254,4.305447e-06,0.99955696,2.9801893e-06,0.000105332685
007-5670-300.jpg,2,Moderate,2,Moderate,True,0.9984785,0.00023800555,0.0005706402,0.9984785,0.00063464395,7.8299665e-05
20170324135324545.jpg,0,No DR,0,No DR,True,0.98266727,0.98266727,0.002690261,0.014556081,5.826676e-05,2.8085182e-05
007-2055-100.jpg,2,Moderate,0,No DR,False,0.5351155,0.5351155,0.0006125023,0.46415794,2.5417446e-06,0.00011151996
007-5180-300.jpg,2,Moderate,2,Moderate,True,0.98811394,2.7107775e-05,3.3877627e-06,0.98811394,0.011579366,0.00027618173
007-5700-300.jpg,2,Moderate,2,Moderate,True,0.9924043,1.1783647e-05,2.9173763e-05,0.9924043,0.0059009334,0.0016538524
007-2710-100.jpg,1,Mild,1,Mild,True,0.97774655,0.00017219363,0.97774655,0.021999324,2.4077346e-05,5.7761634e-05
007-5187-300.jpg,2,Moderate,2,Moderate,True,0.59461397,1.0072709e-05,1.4073557e-05,0.59461397,0.31078368,0.09457822
20170424161425425.jpg,0,No DR,0,No DR,True,0.92669284,0.92669284,0.003054552,0.070240974,5.0858903e-06,6.61295e-06
20170527112129224.jpg,2,Moderate,1,Mild,False,0.83401304,0.016775187,0.83401304,0.14859173,0.00042753798,0.00019255583
007-2677-100.jpg,1,Mild,0,No DR,False,0.6444377,0.6444377,0.2307961,0.12402191,0.00019989055,0.0005443936
007-4357-200.jpg,2,Moderate,2,Moderate,True,0.9931479,0.0066893785,1.0338293e-05,0.9931479,1.2972663e-05,0.00013943312
007-5304-300.jpg,2,Moderate,2,Moderate,True,0.99545234,0.0040853256,0.00019920885,0.99545234,0.0002546487,8.45514e-06
20170327103522951.jpg,0,No DR,0,No DR,True,0.9987602,0.9987602,2.7493763e-05,0.0011753045,8.198197e-06,2.8779601e-05
20170502144544291.jpg,2,Moderate,2,Moderate,True,0.44636667,0.34618053,0.20584707,0.44636667,0.00040488347,0.001200927
20170430203018290.jpg,0,No DR,0,No DR,True,0.94977,0.94977,0.00020621109,0.049944974,6.894866e-05,9.890828e-06
007-1555-000.jpg,0,No DR,0,No DR,True,0.8147508,0.8147508,0.0006301056,0.18434268,1.5155763e-05,0.00026126308
007-5008-300.jpg,2,Moderate,2,Moderate,True,0.99909425,0.00063388963,9.837392e-06,0.99909425,8.772751e-06,0.00025330688
007-0295-000.jpg,0,No DR,0,No DR,True,0.96047795,0.96047795,0.0005739677,0.03786923,0.00084910943,0.00022971904
20170220140108640.jpg,0,No DR,0,No DR,True,0.97886527,0.97886527,0.00016805468,0.020901954,3.3652213e-05,3.1057683e-05
20170410142137901.jpg,0,No DR,0,No DR,True,0.93431187,0.93431187,0.023356955,0.04226762,2.3270104e-05,4.017191e-05
20170601084241159.jpg,2,Moderate,2,Moderate,True,0.93804574,0.0013986861,0.018158365,0.93804574,0.042333145,6.405681e-05
007-2801-100.jpg,0,No DR,1,Mild,False,0.6372519,0.28283697,0.6372519,0.078796946,0.0008633096,0.0002508694
007-3746-200.jpg,2,Moderate,2,Moderate,True,0.99796766,4.132949e-05,1.4459808e-05,0.99796766,7.9588135e-05,0.0018969295
007-1901-100.jpg,1,Mild,2,Moderate,False,0.47764805,0.058112785,0.46386874,0.47764805,0.0002150383,0.0001553927
20170607102121722.jpg,2,Moderate,0,No DR,False,0.5175685,0.5175685,0.02141574,0.455732,0.004456444,0.00082738884
007-3092-100.jpg,2,Moderate,2,Moderate,True,0.9448496,0.031447176,0.023497177,0.9448496,6.004557e-05,0.00014601187
007-1178-000.jpg,0,No DR,0,No DR,True,0.70445466,0.70445466,0.0040433756,0.29130453,1.4665532e-05,0.00018272267
20170203082355150.jpg,0,No DR,0,No DR,True,0.99975306,0.99975306,1.8657156e-06,0.00021272301,7.662956e-06,2.4626495e-05
007-1115-000.jpg,0,No DR,0,No DR,True,0.98652726,0.98652726,0.007128134,0.0062902295,1.8138944e-05,3.6211542e-05
007-4035-200.jpg,1,Mild,2,Moderate,False,0.65855813,0.3109421,0.029753359,0.65855813,0.00035441926,0.0003919918
20170410135518663.jpg,0,No DR,0,No DR,True,0.99004596,0.99004596,0.000236902,0.0096790185,1.540195e-05,2.2714077e-05
20170429213324820.jpg,0,No DR,0,No DR,True,0.999943,0.999943,5.0305202e-06,5.105718e-05,5.34609e-07,3.2172414e-07
007-7503-601.jpg,0,No DR,0,No DR,True,0.98124266,0.98124266,0.0052542193,0.013395666,2.6013013e-05,8.13609e-05
007-5697-300.jpg,2,Moderate,2,Moderate,True,0.90855753,2.5245254e-05,5.023223e-07,0.90855753,0.09141273,4.005934e-06
20170323091218564.jpg,0,No DR,0,No DR,True,0.9923316,0.9923316,0.0013691452,0.006132465,4.148339e-05,0.00012530496
007-6717-400.jpg,4,Proliferative,2,Moderate,False,0.9781091,1.366537e-07,4.884029e-08,0.9781091,3.798788e-06,0.021886926
007-0710-000.jpg,0,No DR,0,No DR,True,0.9384907,0.9384907,0.04144428,0.019856287,3.121842e-05,0.00017743408
20170418085549252.jpg,0,No DR,0,No DR,True,0.9926254,0.9926254,3.5739522e-05,0.007333043,7.597338e-08,5.6486847e-06
20170327103504990.jpg,0,No DR,0,No DR,True,0.9993869,0.9993869,0.00011222957,0.0005001511,2.7922908e-07,4.2481633e-07
007-5001-300.jpg,2,Moderate,2,Moderate,True,0.99753785,0.001761239,0.00056303345,0.99753785,4.0218543e-05,9.7645876e-05
007-6302-400.jpg,4,Proliferative,4,Proliferative,True,0.9960032,0.0014531985,0.0005252912,0.0012223186,0.00079597044,0.9960032
007-3351-200.jpg,2,Moderate,1,Mild,False,0.56578475,0.043267913,0.56578475,0.38969415,0.00025070237,0.0010024586
20170323081646616.jpg,0,No DR,0,No DR,True,0.8408929,0.8408929,0.032641653,0.12520728,0.00054893264,0.0007092446
20170224093943642.jpg,0,No DR,0,No DR,True,0.91139936,0.91139936,0.0084649455,0.079447925,9.664008e-05,0.00059111044
20170331091709152.jpg,0,No DR,0,No DR,True,0.9997775,0.9997775,1.3992336e-06,0.00021008549,5.596411e-06,5.3996446e-06
20170417105537128.jpg,0,No DR,1,Mild,False,0.48198086,0.4655293,0.48198086,0.052184504,0.00013961161,0.00016569665
007-5215-300.jpg,2,Moderate,4,Proliferative,False,0.98835725,0.000190769,0.00020557466,0.011243468,2.9631221e-06,0.98835725
20170412113135134.jpg,0,No DR,0,No DR,True,0.9955584,0.9955584,0.00034165822,0.0040504276,7.88504e-06,4.1673487e-05
20170602114824224.jpg,2,Moderate,2,Moderate,True,0.9988588,0.0005267917,0.0004087723,0.9988588,0.00012942844,7.617382e-05
007-2434-100.jpg,1,Mild,0,No DR,False,0.7699274,0.7699274,0.007955558,0.22138277,0.00040542515,0.0003288352
20170213133348442.jpg,0,No DR,0,No DR,True,0.9548691,0.9548691,0.014833372,0.030263018,3.3694945e-05,9.3178835e-07
20170628195849871.jpg,2,Moderate,2,Moderate,True,0.9085953,0.05449985,0.0071712295,0.9085953,0.02927531,0.00045832008
20170330080003070.jpg,0,No DR,0,No DR,True,0.99706787,0.99706787,1.8068463e-06,0.00291341,7.9886495e-06,9.032527e-06
007-2233-100.jpg,0,No DR,0,No DR,True,0.9216862,0.9216862,0.00034126773,0.077936165,1.6178046e-05,2.0218124e-05
007-0376-000.jpg,0,No DR,0,No DR,True,0.9904081,0.9904081,0.003066981,0.006504819,7.516623e-06,1.2530016e-05
007-4571-200.jpg,2,Moderate,2,Moderate,True,0.98833734,0.0007202883,0.001100543,0.98833734,0.0019407239,0.0079010865
20170429222925742.jpg,0,No DR,0,No DR,True,0.9870215,0.9870215,0.0010167852,0.0118577415,5.2844553e-05,5.1064475e-05
007-5099-300.jpg,2,Moderate,2,Moderate,True,0.835212,0.16437279,0.00035902718,0.835212,3.473211e-05,2.1433412e-05
007-5016-300.jpg,2,Moderate,2,Moderate,True,0.9894164,0.008441208,0.00015933755,0.9894164,2.4564812e-05,0.0019584605
007-5041-300.jpg,2,Moderate,4,Proliferative,False,0.9791509,0.0016239119,0.012366949,0.0068551525,3.135886e-06,0.9791509
007-6204-300.jpg,2,Moderate,2,Moderate,True,0.9960568,0.001027693,0.0008155253,0.9960568,0.00019112646,0.0019088784
20170525153631578.jpg,2,Moderate,2,Moderate,True,0.99801683,0.00027660758,1.2746866e-05,0.99801683,0.0015184798,0.00017535914
007-6676-400.jpg,4,Proliferative,2,Moderate,False,0.9820533,5.2661355e-05,1.6165113e-05,0.9820533,0.004033118,0.0138447005
007-4914-300.jpg,2,Moderate,2,Moderate,True,0.9994361,5.106027e-05,0.00010280743,0.9994361,0.00033396285,7.609699e-05
20170220135657675.jpg,0,No DR,0,No DR,True,0.92749816,0.92749816,0.06154749,0.010920484,7.1767413e-06,2.6675236e-05
20170327112847938.jpg,0,No DR,0,No DR,True,0.9564272,0.9564272,0.001306069,0.042192817,3.803359e-05,3.5747456e-05
007-4522-200.jpg,2,Moderate,4,Proliferative,False,0.97551346,0.0005120155,3.7149395e-05,0.023933541,3.7605212e-06,0.97551346
007-1982-100.jpg,0,No DR,1,Mild,False,0.6000888,0.036900476,0.6000888,0.36013678,0.0010502472,0.0018237816
007-5647-300.jpg,2,Moderate,2,Moderate,True,0.94713223,0.05271782,4.740376e-05,0.94713223,7.130463e-06,9.5389805e-05
007-6382-400.jpg,4,Proliferative,4,Proliferative,True,0.9040998,0.012996707,0.05871329,0.024083434,0.00010669755,0.9040998
007-3474-200.jpg,2,Moderate,2,Moderate,True,0.75701207,0.026223378,0.21585403,0.75701207,8.165058e-05,0.00082887756
007-8316-602.jpg,2,Moderate,1,Mild,False,0.44390747,0.010634626,0.44390747,0.2540577,0.13091606,0.16048415
20170617204317559.jpg,2,Moderate,2,Moderate,True,0.9971739,0.0006077627,4.8266596e-05,0.9971739,0.0021367841,3.326781e-05
007-2335-100.jpg,2,Moderate,1,Mild,False,0.99713326,0.00029660616,0.99713326,0.0025578353,5.210149e-06,7.0806755e-06
20170412093127006.jpg,0,No DR,0,No DR,True,0.8644226,0.8644226,0.116444945,0.019114077,5.666619e-06,1.2540856e-05
007-0384-000.jpg,0,No DR,0,No DR,True,0.9831042,0.9831042,0.011291744,0.0055607427,1.3865873e-05,2.9409424e-05
20170324083758293.jpg,0,No DR,0,No DR,True,0.99785537,0.99785537,0.0001887533,0.0019535632,4.242462e-07,1.8889087e-06
20170427084825460.jpg,0,No DR,0,No DR,True,0.99491066,0.99491066,0.0015785022,0.003504479,2.0613206e-07,6.2155286e-06
007-6481-400.jpg,4,Proliferative,4,Proliferative,True,0.9900035,1.2171926e-05,7.0566233e-07,0.00016499514,0.009818572,0.9900035
007-0956-000.jpg,0,No DR,0,No DR,True,0.97861105,0.97861105,0.014046608,0.007339772,6.501625e-07,2.0063349e-06
007-6763-400.jpg,4,Proliferative,4,Proliferative,True,0.48058003,0.17265537,0.016297614,0.32885703,0.0016098281,0.48058003
007-0181-000.jpg,0,No DR,0,No DR,True,0.82826906,0.82826906,0.0008097649,0.17076613,1.1533736e-05,0.00014346899
20170112164115590.jpg,0,No DR,0,No DR,True,0.9959044,0.9959044,0.0026195878,0.0014739567,3.870194e-07,1.791756e-06
007-1225-000.jpg,0,No DR,0,No DR,True,0.94721246,0.94721246,0.016876107,0.03572548,9.722221e-05,8.8766064e-05
20170426084806698.jpg,0,No DR,0,No DR,True,0.9399651,0.9399651,0.0012147956,0.017370265,0.0007927965,0.0406569
007-4256-200.jpg,2,Moderate,2,Moderate,True,0.98278826,0.013907326,0.0028479947,0.98278826,0.00019449541,0.00026187746
20170607084253263.jpg,2,Moderate,2,Moderate,True,0.9999049,2.0896362e-06,1.5494671e-06,0.9999049,9.083526e-05,6.9038015e-07
20170329094415243.jpg,0,No DR,0,No DR,True,0.9483797,0.9483797,0.012536963,0.039071325,3.7721613e-06,8.219866e-06
007-1191-000.jpg,0,No DR,0,No DR,True,0.9975641,0.9975641,5.739722e-05,0.0023149694,2.4238261e-05,3.936375e-05
007-2199-100.jpg,0,No DR,0,No DR,True,0.9942926,0.9942926,0.0005354042,0.005145687,4.907731e-06,2.1483856e-05
007-2935-100.jpg,2,Moderate,2,Moderate,True,0.99802303,0.0016064596,3.6366244e-05,0.99802303,1.016594e-05,0.00032397863
007-2393-100.jpg,2,Moderate,2,Moderate,True,0.96814907,0.0027607274,0.0011369402,0.96814907,0.02613206,0.0018211621
007-0313-000.jpg,2,Moderate,0,No DR,False,0.99728405,0.99728405,0.00021059655,0.0024915617,4.978831e-06,8.814889e-06
20170413085016334.jpg,0,No DR,0,No DR,True,0.9687209,0.9687209,0.0012271106,0.030004453,1.998144e-05,2.7497024e-05
007-2780-100.jpg,2,Moderate,0,No DR,False,0.5311666,0.5311666,0.22832386,0.23674628,0.0027488866,0.0010143013
007-4771-200.jpg,2,Moderate,3,Severe,False,0.71488446,0.0016258642,0.00059077714,0.28095317,0.71488446,0.0019457709
007-1118-000.jpg,0,No DR,0,No DR,True,0.99725974,0.99725974,0.0011722082,0.0015663083,2.763164e-07,1.420416e-06
20170608194347632.jpg,2,Moderate,2,Moderate,True,0.5499453,0.08720337,0.36184692,0.5499453,0.00025009862,0.0007543643
20170427181448498.jpg,0,No DR,0,No DR,True,0.99945503,0.99945503,1.5521908e-05,0.0005059719,8.587649e-06,1.4942016e-05
007-3321-200.jpg,2,Moderate,2,Moderate,True,0.7306817,0.005921446,0.000291149,0.7306817,1.4545251e-05,0.26309115
007-2894-100.jpg,2,Moderate,2,Moderate,True,0.9689654,0.008200549,0.022345671,0.9689654,9.4475845e-06,0.00047889762
20170409212618661.jpg,0,No DR,0,No DR,True,0.80636287,0.80636287,0.015476258,0.17742714,0.00020485464,0.000528869
20170228090016712.jpg,0,No DR,0,No DR,True,0.95142007,0.95142007,0.0008549007,0.047668334,1.7929477e-05,3.8625243e-05
20170429224542378.jpg,0,No DR,0,No DR,True,0.99594647,0.99594647,0.0019499004,0.0020418894,1.6760594e-05,4.4946424e-05
007-2926-100.jpg,0,No DR,0,No DR,True,0.82134867,0.82134867,0.0106691,0.16707474,0.0002117382,0.00069572096
20170408220102721.jpg,0,No DR,0,No DR,True,0.9989165,0.9989165,4.4077216e-05,0.001036857,7.547259e-07,1.8969954e-06
20170205084158321.jpg,0,No DR,0,No DR,True,0.9898259,0.9898259,0.0015632483,0.008605301,4.496263e-07,5.141732e-06
20170329083705661.jpg,0,No DR,0,No DR,True,0.9328211,0.9328211,0.005056006,0.062076434,2.7003049e-05,1.9484674e-05
20170626095324972.jpg,2,Moderate,3,Severe,False,0.54615873,0.00056839443,8.553766e-05,0.45156148,0.54615873,0.001625824
007-6483-400.jpg,4,Proliferative,4,Proliferative,True,0.9999944,6.172503e-08,2.4508813e-07,4.4596677e-06,8.4115885e-07,0.9999944
007-0848-000.jpg,2,Moderate,0,No DR,False,0.62291205,0.62291205,0.0039311154,0.3720047,0.0007724815,0.0003796551
007-4817-300.jpg,2,Moderate,2,Moderate,True,0.5333302,0.0037906517,0.009306372,0.5333302,0.45205507,0.0015176494
007-6957-400.jpg,4,Proliferative,4,Proliferative,True,0.95303303,0.00021636311,4.054389e-05,0.04661312,9.702721e-05,0.95303303
20170321103949573.jpg,0,No DR,0,No DR,True,0.7042148,0.7042148,0.05423474,0.24118178,0.00010444328,0.0002642348
007-5634-300.jpg,2,Moderate,2,Moderate,True,0.9998379,3.5712242e-07,1.4656493e-06,0.9998379,0.00011821124,4.204898e-05
007-5840-300.jpg,2,Moderate,2,Moderate,True,0.99994004,9.106419e-08,1.8290398e-06,0.99994004,3.8020273e-05,2.0025689e-05
20170618221202386.jpg,2,Moderate,2,Moderate,True,0.6471084,0.21499555,0.11748101,0.6471084,0.016572103,0.0038429694
20170221162521538.jpg,0,No DR,2,Moderate,False,0.9870228,0.0021421819,8.6552296e-05,0.9870228,0.0002532329,0.010495216
007-4717-200.jpg,2,Moderate,2,Moderate,True,0.97619814,0.016321883,0.0033012086,0.97619814,0.0011390719,0.0030397547
007-0281-000.jpg,0,No DR,0,No DR,True,0.999848,0.999848,3.8024064e-05,0.000112888636,8.489152e-07,2.9592533e-07
007-4000-200.jpg,2,Moderate,0,No DR,False,0.6536535,0.6536535,6.787528e-05,0.21974072,6.769585e-06,0.12653114
