image_name,ground_truth,ground_truth_name,predicted,predicted_name,correct,confidence,softmax_class_0_No DR,softmax_class_1_Mild,softmax_class_2_Moderate,softmax_class_3_Severe,softmax_class_4_Proliferative
007-6800-400.jpg,4,Proliferative,4,Proliferative,True,0.9869366,2.1398988e-05,1.9924111e-05,0.012209289,0.0008127378,0.9869366
20170406100526404.jpg,0,No DR,0,No DR,True,0.44677225,0.44677225,0.10962848,0.43654662,0.0069033476,0.00014930019
20170430201402386.jpg,0,No DR,0,No DR,True,0.97941464,0.97941464,0.0050953683,0.01503151,0.0001315431,0.00032696224
20170419090928299.jpg,0,No DR,0,No DR,True,0.94306624,0.94306624,0.029338425,0.02758498,4.1706184e-07,1.00515845e-05
007-1792-100.jpg,0,No DR,0,No DR,True,0.69991934,0.69991934,0.0075130025,0.28730318,0.0019292935,0.0033352566
20170613191722915.jpg,2,Moderate,1,Mild,False,0.85769105,0.0367553,0.85769105,0.105389066,7.655091e-05,8.7937966e-05
007-2885-100.jpg,1,Mild,1,Mild,True,0.98627496,0.011852185,0.98627496,0.0018716163,2.643664e-07,9.347155e-07
20170628161619106.jpg,2,Moderate,0,No DR,False,0.4174013,0.4174013,0.34908804,0.2334612,3.8674276e-05,1.0764664e-05
007-2122-100.jpg,2,Moderate,1,Mild,False,0.8003627,0.09227397,0.8003627,0.10666658,0.00048737327,0.00020936759
007-3301-200.jpg,2,Moderate,2,Moderate,True,0.87858176,0.10476984,0.014078122,0.87858176,0.0020523758,0.0005179676
20170413085651460.jpg,0,No DR,0,No DR,True,0.8042519,0.8042519,0.115104266,0.08048109,6.7370616e-05,9.52513e-05
007-1424-000.jpg,0,No DR,0,No DR,True,0.7871454,0.7871454,0.0071365894,0.20091093,0.0024312339,0.002375875
20170228224039884.jpg,0,No DR,1,Mild,False,0.83563644,0.15719523,0.83563644,0.007152632,7.764131e-06,8.011133e-06
007-2947-100.jpg,0,No DR,0,No DR,True,0.6192534,0.6192534,0.30597192,0.07121315,0.00051101,0.0030504959
007-3173-100.jpg,1,Mild,1,Mild,True,0.97915035,0.012928328,0.97915035,0.0075480673,0.0003669655,6.345907e-06
007-3586-200.jpg,2,Moderate,2,Moderate,True,0.71704876,0.0054622027,0.007815019,0.71704876,0.07003066,0.19964333
20170408222102558.jpg,0,No DR,0,No DR,True,0.75350475,0.75350475,0.019396007,0.22558904,0.0013594079,0.00015069726
007-0279-000.jpg,0,No DR,0,No DR,True,0.89213264,0.89213264,0.042737667,0.06397043,8.6671374e-05,0.001072517
007-2351-100.jpg,1,Mild,1,Mild,True,0.7442702,0.016351178,0.7442702,0.13458578,0.10456772,0.00022511887
007-8497-604.jpg,0,No DR,2,Moderate,False,0.70780337,0.25049788,0.0011351464,0.70780337,0.00022481888,0.040338747
007-2460-100.jpg,2,Moderate,1,Mild,False,0.9790963,0.0018323353,0.9790963,0.018688196,9.9662815e-05,0.00028351953
007-3436-200.jpg,2,Moderate,2,Moderate,True,0.9019999,0.0052523795,0.08274832,0.9019999,0.0055360547,0.0044632647
007-5556-300.jpg,3,Severe,2,Moderate,False,0.81101584,0.11439086,0.001032026,0.81101584,0.07321567,0.00034552458
007-3895-200.jpg,2,Moderate,2,Moderate,True,0.5155775,0.00023086852,0.014054769,0.5155775,0.45391786,0.016219033
007-1560-000.jpg,0,No DR,0,No DR,True,0.8369385,0.8369385,0.07225774,0.090737954,3.3579778e-05,3.215074e-05
20170429205727730.jpg,0,No DR,0,No DR,True,0.9473409,0.9473409,0.0005405386,0.051675946,0.00027193676,0.00017072671
007-1012-000.jpg,0,No DR,0,No DR,True,0.6788892,0.6788892,0.00015654029,0.32002208,0.0001981113,0.00073407136
007-2433-100.jpg,2,Moderate,1,Mild,False,0.3703564,0.3203364,0.3703564,0.3082328,0.000764528,0.00030988271
007-0811-000.jpg,0,No DR,0,No DR,True,0.93406075,0.93406075,0.012398621,0.053535756,1.3887961e-06,3.4051982e-06
20170430200802277.jpg,0,No DR,0,No DR,True,0.91296357,0.91296357,0.028157687,0.05780903,0.0009399318,0.00012982635
007-6802-400.jpg,4,Proliferative,4,Proliferative,True,0.9258233,0.0036463984,0.011471988,0.05501411,0.0040442133,0.9258233
007-1236-000.jpg,0,No DR,0,No DR,True,0.6818498,0.6818498,0.07672447,0.24136253,1.8360171e-05,4.4828404e-05
007-6791-400.jpg,4,Proliferative,4,Proliferative,True,0.8767974,0.0012303111,0.0002491658,0.010799823,0.11092333,0.8767974
20170618194224123.jpg,2,Moderate,2,Moderate,True,0.60655487,0.34076282,0.05245716,0.60655487,9.6313954e-05,0.00012880036
007-5693-300.jpg,3,Severe,3,Severe,True,0.9349604,0.001792762,0.001430702,0.05863243,0.9349604,0.0031837043
007-2798-100.jpg,1,Mild,2,Moderate,False,0.6527113,0.23698466,0.1075372,0.6527113,0.002291151,0.00047572938
007-2705-100.jpg,1,Mild,1,Mild,True,0.9070187,0.084985115,0.9070187,0.007960802,1.5641452e-05,1.9707346e-05
007-0300-000.jpg,0,No DR,0,No DR,True,0.8988542,0.8988542,0.0028327499,0.098067015,9.47796e-05,0.0001513078
20170324140847654.jpg,0,No DR,0,No DR,True,0.9588304,0.9588304,0.011621006,0.029524041,1.2111477e-05,1.2320169e-05
007-6289-400.jpg,4,Proliferative,4,Proliferative,True,0.99086833,0.00049876876,0.00212891,0.0051772688,0.0013267637,0.99086833
007-6968-400.jpg,4,Proliferative,4,Proliferative,True,0.9908443,0.0029543056,0.00054548745,0.0052515953,0.0004041948,0.9908443
20170430190713424.jpg,0,No DR,0,No DR,True,0.94896334,0.94896334,0.009779873,0.040832214,8.1174694e-05,0.00034339534
20170405144029792.jpg,0,No DR,0,No DR,True,0.85609967,0.85609967,0.011461535,0.1181533,0.012693623,0.0015918318
007-7823-601.jpg,2,Moderate,2,Moderate,True,0.89007735,0.011490589,0.003217453,0.89007735,0.00010460812,0.095110044
20170612205100506.jpg,2,Moderate,0,No DR,False,0.73263335,0.73263335,0.031046461,0.23594473,0.000246389,0.00012911789
20170410143235530.jpg,0,No DR,0,No DR,True,0.81961215,0.81961215,0.0043175924,0.17605615,3.205051e-06,1.0853824e-05
007-3435-200.jpg,2,Moderate,2,Moderate,True,0.8032833,0.17351653,0.02017616,0.8032833,0.00013287624,0.0028911745
20170228224257894.jpg,0,No DR,0,No DR,True,0.90738684,0.90738684,0.028155852,0.06278168,0.0013490844,0.0003265597
007-5656-300.jpg,2,Moderate,1,Mild,False,0.6142892,0.021598335,0.6142892,0.31196645,0.0006096003,0.05153634
007-0687-000.jpg,0,No DR,0,No DR,True,0.69708943,0.69708943,0.00067073567,0.24674682,0.0007193521,0.054773606
007-6628-400.jpg,4,Proliferative,4,Proliferative,True,0.9931331,0.00011989368,9.65443e-05,0.002495002,0.004155457,0.9931331
007-0669-000.jpg,0,No DR,0,No DR,True,0.597196,0.597196,0.25240803,0.15002812,2.6173766e-05,0.00034170196
007-1135-000.jpg,2,Moderate,1,Mild,False,0.7520434,0.20490776,0.7520434,0.04285763,3.7483067e-05,0.00015376441
20170429204600944.jpg,0,No DR,0,No DR,True,0.9132457,0.9132457,0.0034012054,0.08050165,0.00062612415,0.0022253732
007-4198-200.jpg,2,Moderate,2,Moderate,True,0.8871875,0.009584023,0.07085524,0.8871875,0.028078925,0.0042943642
007-2867-100.jpg,1,Mild,0,No DR,False,0.7189867,0.7189867,0.22594364,0.053968243,0.0006090498,0.0004924391
20170223113539002.jpg,0,No DR,0,No DR,True,0.7058152,0.7058152,0.26537046,0.028794792,1.3784644e-05,5.825186e-06
007-7120-400.jpg,4,Proliferative,4,Proliferative,True,0.99377525,0.00036588297,0.00013701743,0.004363594,0.0013582604,0.99377525
20170430145542429.jpg,0,No DR,0,No DR,True,0.7224441,0.7224441,0.03945819,0.23700836,0.00082174054,0.0002674897
20170223094010243.jpg,0,No DR,0,No DR,True,0.8222178,0.8222178,0.010987102,0.16665241,1.2234748e-05,0.0001304847
20170224114824682.jpg,0,No DR,0,No DR,True,0.79557395,0.79557395,0.0055687292,0.19848524,9.698218e-05,0.00027504066
007-3781-200.jpg,2,Moderate,2,Moderate,True,0.8459623,0.0004180365,0.00016575318,0.8459623,0.13485701,0.018596891
20170224105612339.jpg,0,No DR,0,No DR,True,0.8981634,0.8981634,0.0024883077,0.09932477,2.0464864e-05,3.0629e-06
007-3089-100.jpg,1,Mild,2,Moderate,False,0.6687229,0.32154843,0.0057220585,0.6687229,0.0022214055,0.0017851335
007-2308-100.jpg,1,Mild,2,Moderate,False,0.53497106,0.38040373,0.022910187,0.53497106,0.0129674915,0.04874753
007-6253-300.jpg,2,Moderate,2,Moderate,True,0.46192083,0.36007574,0.17304754,0.46192083,0.0028597575,0.0020960928
007-6724-400.jpg,4,Proliferative,3,Severe,False,0.56769925,0.00012816294,0.0001235988,0.3203153,0.56769925,0.111733735
20170613122140972.jpg,2,Moderate,0,No DR,False,0.7707793,0.7707793,0.00646841,0.22225244,0.00045806714,4.1714826e-05
20170522113613703.jpg,2,Moderate,0,No DR,False,0.5616557,0.5616557,0.02654977,0.40803698,0.003658503,9.899805e-05
20170327102220440.jpg,0,No DR,0,No DR,True,0.60277367,0.60277367,0.09808926,0.29827434,0.00051249977,0.0003502222
007-7030-400.jpg,4,Proliferative,2,Moderate,False,0.58781844,0.030919645,0.0012931938,0.58781844,0.024875473,0.35509327
007-4342-200.jpg,2,Moderate,1,Mild,False,0.786226,0.00063443976,0.786226,0.21304205,6.328501e-05,3.4266035e-05
007-1528-000.jpg,0,No DR,0,No DR,True,0.8706024,0.8706024,0.09593661,0.03328462,3.4818062e-05,0.00014150002
007-6972-400.jpg,4,Proliferative,2,Moderate,False,0.8978909,0.02030018,0.009869145,0.8978909,0.02379832,0.048141338
007-0749-000.jpg,0,No DR,0,No DR,True,0.56701696,0.56701696,0.2955976,0.13733767,2.678931e-06,4.5042525e-05
007-2898-100.jpg,2,Moderate,2,Moderate,True,0.78180796,0.038281437,0.15772498,0.78180796,0.019350842,0.0028348304
20170418095137921.jpg,0,No DR,0,No DR,True,0.94749475,0.94749475,0.03742605,0.015013498,3.8202065e-06,6.1841856e-05
007-0095-000.jpg,0,No DR,1,Mild,False,0.8821093,0.050155155,0.8821093,0.06699946,0.00027181293,0.00046423438
007-6252-300.jpg,2,Moderate,2,Moderate,True,0.81013364,0.061401006,0.005296132,0.81013364,0.07785392,0.045315377
20170321155041192.jpg,0,No DR,0,No DR,True,0.7758776,0.7758776,0.18820596,0.035880905,1.987458e-05,1.5602192e-05
20170120154048174.jpg,0,No DR,2,Moderate,False,0.4682832,0.46606547,0.065233186,0.4682832,0.00027670868,0.00014139457
007-0571-000.jpg,0,No DR,0,No DR,True,0.8237534,0.8237534,0.0733588,0.10286926,8.534347e-06,1.0062778e-05
007-0564-000.jpg,0,No DR,0,No DR,True,0.7376299,0.7376299,0.0100384215,0.25199282,0.00027578278,6.3099134e-05
20170412102327984.jpg,0,No DR,0,No DR,True,0.7037882,0.7037882,0.0038608715,0.29183334,7.4319956e-05,0.00044330274
007-0717-000.jpg,2,Moderate,2,Moderate,True,0.9328613,0.057323597,0.00840022,0.9328613,0.0007998594,0.0006150406
007-2779-100.jpg,2,Moderate,2,Moderate,True,0.62164897,0.09595486,0.26774916,0.62164897,0.013308626,0.0013383534
20170417110727336.jpg,0,No DR,0,No DR,True,0.93766344,0.93766344,0.049827848,0.012477564,1.140106e-05,1.980188e-05
20170428095431915.jpg,0,No DR,2,Moderate,False,0.69461673,0.2941858,0.010340934,0.69461673,0.00031202595,0.000544491
20170408233042465.jpg,0,No DR,0,No DR,True,0.79898894,0.79898894,0.006746917,0.17492738,0.005161605,0.0141751515
007-2336-100.jpg,1,Mild,1,Mild,True,0.5163987,0.4098629,0.5163987,0.07316035,0.0003125735,0.00026539547
007-3452-200.jpg,2,Moderate,2,Moderate,True,0.9572002,0.00795181,0.009866982,0.9572002,0.0073826523,0.017598396
007-1144-000.jpg,0,No DR,0,No DR,True,0.59016126,0.59016126,0.15394087,0.25580686,3.495556e-05,5.5987784e-05
007-2373-100.jpg,1,Mild,0,No DR,False,0.55587524,0.55587524,0.16091011,0.2805784,0.00031677086,0.0023194945
20170418135527877.jpg,0,No DR,0,No DR,True,0.98286474,0.98286474,0.0008171735,0.014645605,0.0011091669,0.0005633472
20170614102011786.jpg,1,Mild,0,No DR,False,0.44843724,0.44843724,0.124222204,0.42667803,0.0005286581,0.0001339039
007-3160-100.jpg,0,No DR,0,No DR,True,0.5391983,0.5391983,0.02721855,0.432265,0.00016318566,0.0011550179
20170417091848394.jpg,0,No DR,0,No DR,True,0.5689444,0.5689444,0.41679916,0.014248767,5.0993585e-06,2.6393209e-06
20170424153416764.jpg,0,No DR,0,No DR,True,0.90029097,0.90029097,0.010825785,0.087061144,1.9972444e-05,0.0018021615
007-2157-100.jpg,1,Mild,0,No DR,False,0.8567248,0.8567248,0.028931327,0.114329055,2.0786656e-06,1.278016e-05
20170226230839902.jpg,0,No DR,0,No DR,True,0.71408886,0.71408886,0.030747049,0.25460407,0.0003901273,0.00016994473
007-6975-400.jpg,4,Proliferative,4,Proliferative,True,0.9973564,2.1245392e-05,1.0347875e-06,0.0006522568,0.001969061,0.9973564
007-6581-400.jpg,4,Proliferative,4,Proliferative,True,0.9967629,0.0012805538,0.00022369191,0.0013210378,0.00041179114,0.9967629
20170607082954012.jpg,2,Moderate,2,Moderate,True,0.69583774,0.21022852,0.08952423,0.69583774,0.0043015564,0.000108001026
20170407232929961.jpg,0,No DR,0,No DR,True,0.68676484,0.68676484,0.16156565,0.13974087,0.0061154435,0.005813193
007-6443-400.jpg,4,Proliferative,4,Proliferative,True,0.9698518,2.4241968e-05,5.5429355e-06,0.0033836144,0.026734838,0.9698518
20170308092312055.jpg,0,No DR,0,No DR,True,0.8823593,0.8823593,0.101224035,0.016340833,8.696349e-06,6.703883e-05
20170427191222313.jpg,0,No DR,0,No DR,True,0.94279826,0.94279826,0.027558962,0.029568387,2.9181856e-05,4.5189558e-05
007-1151-000.jpg,0,No DR,0,No DR,True,0.5376422,0.5376422,0.2809271,0.18127164,2.2433302e-05,0.00013661869
007-4252-200.jpg,2,Moderate,2,Moderate,True,0.98155457,0.0025681558,0.009225906,0.98155457,0.0064199124,0.00023148277
007-4650-200.jpg,2,Moderate,2,Moderate,True,0.6034009,0.08355533,0.0033505103,0.6034009,0.00021756337,0.30947572
20170615084535865.jpg,2,Moderate,0,No DR,False,0.63423043,0.63423043,0.011427698,0.3541088,0.00011479982,0.000118301265
20170608195740490.jpg,2,Moderate,0,No DR,False,0.7185448,0.7185448,0.010760758,0.2688614,0.00077008613,0.0010630097
20170430145132881.jpg,0,No DR,0,No DR,True,0.6751505,0.6751505,0.018964542,0.304052,0.0015016749,0.00033130997
20170411092023785.jpg,0,No DR,0,No DR,True,0.7233782,0.7233782,0.15064742,0.12484877,0.0010683471,5.7299003e-05
20170521091719687.jpg,2,Moderate,0,No DR,False,0.57362163,0.57362163,0.02758854,0.39729115,0.00089180784,0.0006069014
20170430175942977.jpg,0,No DR,0,No DR,True,0.92797035,0.92797035,0.0030690585,0.062453087,0.0030075572,0.0034999247
20170218141746210.jpg,0,No DR,0,No DR,True,0.8004832,0.8004832,0.015544818,0.18393289,5.3075146e-06,3.3764958e-05
20170428094903075.jpg,0,No DR,0,No DR,True,0.9742401,0.9742401,0.0007464185,0.023751194,0.00010548241,0.0011567031
007-3620-200.jpg,2,Moderate,2,Moderate,True,0.9733804,0.0226807,0.001783833,0.9733804,0.00020000448,0.0019550233
20170525181244148.jpg,2,Moderate,2,Moderate,True,0.92935145,0.002631661,0.0014944692,0.92935145,0.06438674,0.0021356398
007-5571-300.jpg,2,Moderate,2,Moderate,True,0.951482,0.041823596,0.003145501,0.951482,0.0014764849,0.0020724314
007-6686-400.jpg,4,Proliferative,4,Proliferative,True,0.5650592,4.690759e-05,6.665737e-05,0.3437594,0.09106788,0.5650592
007-2412-100.jpg,1,Mild,1,Mild,True,0.75145346,0.13396327,0.75145346,0.11341616,0.00094152795,0.00022559206
007-1395-000.jpg,0,No DR,0,No DR,True,0.8368178,0.8368178,0.008576943,0.15384045,3.826022e-06,0.0007610703
20170430192632388.jpg,0,No DR,0,No DR,True,0.9799083,0.9799083,0.0015489415,0.018002927,0.0003286941,0.00021108205
007-6299-400.jpg,4,Proliferative,4,Proliferative,True,0.9722714,0.00015794001,0.0013928452,0.024371907,0.0018058204,0.9722714
20170407155510180.jpg,0,No DR,0,No DR,True,0.884824,0.884824,0.10456388,0.010602608,1.2998306e-06,8.314445e-06
007-6414-400.jpg,4,Proliferative,2,Moderate,False,0.4590779,0.0001272057,0.0065391087,0.4590779,0.37504265,0.15921316
20170326094731919.jpg,0,No DR,0,No DR,True,0.83613884,0.83613884,0.093346275,0.06984905,0.00013515247,0.000530771
20170327092929948.jpg,0,No DR,0,No DR,True,0.9304396,0.9304396,0.0009852304,0.06633641,0.0006560475,0.0015827565
20170430191606380.jpg,0,No DR,0,No DR,True,0.88821435,0.88821435,0.0017389107,0.10626054,0.0010693691,0.0027168847
20170427083753658.jpg,0,No DR,0,No DR,True,0.74452025,0.74452025,0.24774966,0.0077183866,1.9611584e-06,9.795025e-06
007-1559-000.jpg,0,No DR,0,No DR,True,0.9082505,0.9082505,0.021883221,0.069793746,4.306837e-05,2.9485986e-05
20170331094019944.jpg,0,No DR,0,No DR,True,0.9213757,0.9213757,0.06779538,0.010824332,3.332725e-06,1.3722146e-06
20170407235916756.jpg,0,No DR,0,No DR,True,0.94302434,0.94302434,0.004501001,0.051382188,0.00091876864,0.00017368209
007-7854-601.jpg,2,Moderate,4,Proliferative,False,0.7155491,0.061890967,0.0034879297,0.21218707,0.0068850107,0.7155491
20170430201102868.jpg,0,No DR,0,No DR,True,0.9648587,0.9648587,0.01563665,0.019058943,0.0002852817,0.00016042676
20170328145935366.jpg,0,No DR,0,No DR,True,0.7707167,0.7707167,0.22380076,0.005480461,1.6771392e-06,3.7841997e-07
20170223115107087.jpg,0,No DR,0,No DR,True,0.537524,0.537524,0.4165398,0.045061965,0.0008253273,4.8932772e-05
20170329143137553.jpg,0,No DR,0,No DR,True,0.7881841,0.7881841,0.09182755,0.119561136,0.0003807104,4.6513458e-05
20170408220646918.jpg,0,No DR,0,No DR,True,0.9596107,0.9596107,0.016625807,0.020174408,0.003265093,0.0003239131
007-7967-601.jpg,2,Moderate,2,Moderate,True,0.7999395,0.12326187,0.0007612201,0.7999395,0.0017684462,0.07426896
007-2147-100.jpg,1,Mild,1,Mild,True,0.46049726,0.22812775,0.46049726,0.3026775,0.0014123059,0.0072851065
007-2640-100.jpg,2,Moderate,1,Mild,False,0.98476,0.00818565,0.98476,0.006751427,0.00021074289,9.227561e-05
20170508102511803.jpg,2,Moderate,1,Mild,False,0.5012986,0.38058347,0.5012986,0.11739115,0.00036929105,0.00035745685
007-0463-000.jpg,2,Moderate,2,Moderate,True,0.50342965,0.3463073,0.14804193,0.50342965,0.0011479749,0.0010730576
007-4393-200.jpg,2,Moderate,2,Moderate,True,0.45832977,0.2017576,0.10911065,0.45832977,0.002011696,0.22879024
20170223152427782.jpg,0,No DR,0,No DR,True,0.5811981,0.5811981,0.17862694,0.239974,0.000115010946,8.597844e-05
007-2706-100.jpg,1,Mild,0,No DR,False,0.5298582,0.5298582,0.0050719217,0.4578882,0.0024939068,0.004687749
007-4175-200.jpg,2,Moderate,1,Mild,False,0.59081626,0.079199314,0.59081626,0.32727587,0.0018199888,0.00088848383
20170413112017305.jpg,0,No DR,0,No DR,True,0.85340697,0.85340697,0.1407634,0.0058286833,7.323666e-07,2.8261894e-07
007-2028-100.jpg,2,Moderate,0,No DR,False,0.65114635,0.65114635,0.050198603,0.2875524,0.00015604822,0.010946588
007-3464-200.jpg,2,Moderate,2,Moderate,True,0.55059385,0.060013793,0.38873208,0.55059385,0.0004259204,0.00023431677
007-3652-200.jpg,2,Moderate,2,Moderate,True,0.5910549,0.3428216,0.013119964,0.5910549,7.085586e-05,0.052932743
007-5475-300.jpg,2,Moderate,3,Severe,False,0.7170953,0.002953636,0.008031653,0.27107075,0.7170953,0.00084868015
20170430195029407.jpg,0,No DR,0,No DR,True,0.9747002,0.9747002,0.0023359384,0.018581199,0.0030441752,0.0013385707
20170629112149103.jpg,2,Moderate,2,Moderate,True,0.87431717,0.0013883042,0.111403145,0.87431717,0.011055562,0.0018358004
007-4347-200.jpg,2,Moderate,1,Mild,False,0.8372588,0.03145163,0.8372588,0.1304518,0.0007528088,8.5057334e-05
20170425160911647.jpg,0,No DR,0,No DR,True,0.6593356,0.6593356,0.29780734,0.04285598,1.223818e-07,9.875198e-07
20170608112323203.jpg,2,Moderate,1,Mild,False,0.76849985,0.13094988,0.76849985,0.09704276,0.0027716618,0.000735832
007-2912-100.jpg,2,Moderate,0,No DR,False,0.51317006,0.51317006,0.44286546,0.043867625,2.5473408e-05,7.1369956e-05
007-1675-000.jpg,0,No DR,0,No DR,True,0.6638282,0.6638282,0.012026069,0.3210754,0.0028115332,0.00025874356
007-4461-200.jpg,2,Moderate,2,Moderate,True,0.8149335,0.15382116,0.0044811703,0.8149335,0.0036566101,0.023107633
007-4963-300.jpg,3,Severe,2,Moderate,False,0.9570173,5.6532717e-05,5.4480493e-05,0.9570173,0.0026288123,0.040242836
007-5876-300.jpg,2,Moderate,2,Moderate,True,0.5756252,0.006356999,8.7974055e-05,0.5756252,0.0010046407,0.41692522
007-2107-100.jpg,2,Moderate,4,Proliferative,False,0.5092203,0.0654323,0.043154225,0.31929344,0.06289976,0.5092203
20170601164357337.jpg,2,Moderate,2,Moderate,True,0.5095194,0.22181427,0.26683226,0.5095194,0.0011911651,0.0006429139
007-7130-400.jpg,4,Proliferative,4,Proliferative,True,0.9913639,0.0003592247,1.6743308e-05,0.007795328,0.00046475322,0.9913639
007-3813-200.jpg,3,Severe,2,Moderate,False,0.82854,0.019363746,0.12708491,0.82854,0.011827769,0.013183545
007-3386-200.jpg,2,Moderate,2,Moderate,True,0.9769712,0.0033626715,0.0008301633,0.9769712,0.009515823,0.009320159
007-4560-200.jpg,2,Moderate,1,Mild,False,0.6822078,0.15513557,0.6822078,0.16250484,0.00014253212,9.222769e-06
007-7369-601.jpg,0,No DR,0,No DR,True,0.53105414,0.53105414,0.01298657,0.43616697,2.6344123e-05,0.019765986
007-3837-200.jpg,2,Moderate,2,Moderate,True,0.9503161,0.0035995103,0.0043697655,0.9503161,0.0022189063,0.039495792
20170407230314139.jpg,0,No DR,0,No DR,True,0.93280196,0.93280196,0.0010736069,0.06543894,0.000375736,0.00030963283
007-4455-200.jpg,2,Moderate,2,Moderate,True,0.9766915,0.0027482288,0.00011754437,0.9766915,0.0015809551,0.018861754
007-1392-000.jpg,0,No DR,0,No DR,True,0.8597367,0.8597367,0.003928503,0.1362266,2.252543e-06,0.00010595008
007-2950-100.jpg,2,Moderate,2,Moderate,True,0.7000374,0.28742537,0.0014599893,0.7000374,0.010816402,0.00026079285
007-5523-300.jpg,3,Severe,3,Severe,True,0.8232526,9.5329066e-05,2.4669962e-05,0.037201203,0.8232526,0.13942619
007-3730-200.jpg,2,Moderate,2,Moderate,True,0.8975975,0.0004485467,0.0021573496,0.8975975,0.054084167,0.04571241
20170228225803920.jpg,0,No DR,0,No DR,True,0.74784255,0.74784255,0.0027582268,0.24800517,0.0010703505,0.0003238209
20170519144026204.jpg,2,Moderate,2,Moderate,True,0.89181983,0.017048392,0.010038515,0.89181983,0.07222918,0.008864067
20170217171152107.jpg,0,No DR,0,No DR,True,0.9346726,0.9346726,0.043319218,0.021984966,2.0805897e-05,2.424543e-06
007-6984-400.jpg,4,Proliferative,4,Proliferative,True,0.9144254,0.016970873,0.00015690416,0.06811796,0.00032879793,0.9144254
007-4844-300.jpg,3,Severe,3,Severe,True,0.8685318,0.009051275,0.0026046562,0.1192544,0.8685318,0.00055782596
007-1353-000.jpg,0,No DR,0,No DR,True,0.73720586,0.73720586,0.2178098,0.044873666,8.244872e-05,2.8244453e-05
20170222092246735.jpg,0,No DR,0,No DR,True,0.9149403,0.9149403,0.061342236,0.023712955,3.0032407e-07,4.1561343e-06
20170221161639113.jpg,0,No DR,0,No DR,True,0.7066579,0.7066579,0.0056056245,0.28741258,3.3698598e-05,0.00029019912
20170224145117874.jpg,0,No DR,0,No DR,True,0.5072336,0.5072336,0.4710302,0.021404386,8.8362765e-05,0.00024340549
007-0211-000.jpg,0,No DR,0,No DR,True,0.9065262,0.9065262,0.009010534,0.074812844,0.00872686,0.000923613
007-3757-200.jpg,2,Moderate,2,Moderate,True,0.84828746,0.0055403216,0.005046296,0.84828746,0.13565512,0.0054707974
007-3047-100.jpg,1,Mild,0,No DR,False,0.4318343,0.4318343,0.28733876,0.26946494,0.0008182888,0.01054365
20170323090048296.jpg,0,No DR,0,No DR,True,0.7254265,0.7254265,0.058585893,0.2158059,1.8118597e-05,0.00016349248
20170420184212959.jpg,0,No DR,2,Moderate,False,0.43882713,0.37286496,0.18175498,0.43882713,0.0064489013,0.00010400205
007-1535-000.jpg,0,No DR,0,No DR,True,0.7735158,0.7735158,0.0034259963,0.21290499,0.010057787,9.5465264e-05
007-3601-200.jpg,2,Moderate,2,Moderate,True,0.9695673,0.0041577504,0.010536127,0.9695673,0.0045153825,0.011223448
20170120153745015.jpg,0,No DR,0,No DR,True,0.92932993,0.92932993,0.010712151,0.05834736,0.00063162064,0.0009788473
20170322172509719.jpg,0,No DR,2,Moderate,False,0.49420884,0.2860502,0.088754594,0.49420884,0.011103661,0.11988263
20170522091641009.jpg,2,Moderate,0,No DR,False,0.67943716,0.67943716,0.1568975,0.16329722,0.00019770663,0.00017038811
20170408223034264.jpg,0,No DR,0,No DR,True,0.91439414,0.91439414,0.0008732914,0.08104516,0.0017790016,0.0019084081
20170420145136342.jpg,0,No DR,0,No DR,True,0.869746,0.869746,0.0038127042,0.12532663,0.00060201227,0.0005127064
007-1304-000.jpg,0,No DR,0,No DR,True,0.75477433,0.75477433,0.07749002,0.16632308,1.3069985e-05,0.0013994627
007-1018-000.jpg,0,No DR,0,No DR,True,0.9495813,0.9495813,0.018503299,0.030750502,0.00018104426,0.0009837839
007-6301-400.jpg,4,Proliferative,4,Proliferative,True,0.67982805,0.0015258983,0.0004086749,0.31627628,0.001961043,0.67982805
007-0675-000.jpg,0,No DR,0,No DR,True,0.8611551,0.8611551,0.049300253,0.08943535,5.035783e-05,5.888191e-05
20170406101046211.jpg,0,No DR,0,No DR,True,0.80476904,0.80476904,0.107942,0.08709106,6.1938306e-05,0.00013607682
007-3099-100.jpg,2,Moderate,2,Moderate,True,0.41887707,0.34139547,0.23574528,0.41887707,5.7649613e-05,0.0039245486
20170220091914375.jpg,0,No DR,0,No DR,True,0.7507342,0.7507342,0.12467242,0.12180476,0.0022129293,0.0005756095
007-4468-200.jpg,2,Moderate,2,Moderate,True,0.9292791,0.007748439,0.00059181283,0.9292791,0.0006749623,0.06170569
007-0500-000.jpg,0,No DR,0,No DR,True,0.5446723,0.5446723,0.11250485,0.3290542,0.013515087,0.00025355266
20170524111453035.jpg,2,Moderate,0,No DR,False,0.6063424,0.6063424,0.03169292,0.36085263,0.0010590991,5.3012966e-05
007-4887-300.jpg,2,Moderate,2,Moderate,True,0.916701,0.0108372215,0.0046227085,0.916701,0.06746544,0.00037358972
007-4002-200.jpg,2,Moderate,2,Moderate,True,0.98993075,0.00663665,0.00038387,0.98993075,0.00082513696,0.0022235315
007-5674-300.jpg,2,Moderate,2,Moderate,True,0.9276481,0.0054233326,0.0011850783,0.9276481,0.055470556,0.01027284
20170430190906592.jpg,0,No DR,0,No DR,True,0.94215435,0.94215435,0.002026558,0.050652426,0.0013763682,0.0037903318
007-7183-400.jpg,4,Proliferative,4,Proliferative,True,0.9586077,0.0054392167,0.0005619111,0.03247571,0.0029154567,0.9586077
20170511173525601.jpg,2,Moderate,0,No DR,False,0.45533997,0.45533997,0.12133153,0.41245386,0.002357607,0.008517106
007-0780-000.jpg,0,No DR,0,No DR,True,0.833297,0.833297,0.112334065,0.053535424,0.00064861815,0.00018483939
007-0023-000.jpg,0,No DR,2,Moderate,False,0.50868267,0.39364466,0.07338808,0.50868267,0.007916168,0.016368354
007-3645-200.jpg,2,Moderate,0,No DR,False,0.6282355,0.6282355,0.0035412994,0.36436012,0.0013753655,0.0024877281
007-5375-300.jpg,2,Moderate,2,Moderate,True,0.9387111,0.03144247,0.0002341121,0.9387111,0.0001578883,0.029454445
007-3257-100.jpg,2,Moderate,1,Mild,False,0.44351643,0.12405166,0.44351643,0.40264767,0.0042955084,0.02548869
007-2174-100.jpg,2,Moderate,1,Mild,False,0.7919428,0.11595905,0.7919428,0.0918515,0.00024086054,5.8907744e-06
007-0115-000.jpg,0,No DR,1,Mild,False,0.47244135,0.29609856,0.47244135,0.23131885,4.32606e-05,9.795496e-05
007-5295-300.jpg,2,Moderate,2,Moderate,True,0.99307865,5.316986e-05,0.0005116191,0.99307865,0.006291441,6.5132714e-05
007-3012-100.jpg,2,Moderate,2,Moderate,True,0.6404302,0.096537314,0.25496855,0.6404302,4.6525638e-05,0.008017397
20170525111826224.jpg,2,Moderate,2,Moderate,True,0.49763292,0.023591293,0.47542772,0.49763292,0.0028565263,0.000491628
007-6478-400.jpg,4,Proliferative,4,Proliferative,True,0.91542995,0.00022906173,5.8020803e-05,0.0024619014,0.08182105,0.91542995
20170627112931675.jpg,2,Moderate,2,Moderate,True,0.9214316,0.00063111616,0.07068069,0.9214316,0.0057946793,0.001461915
007-5784-300.jpg,2,Moderate,2,Moderate,True,0.88182044,0.006114098,0.11080085,0.88182044,0.0010185582,0.00024608005
007-0713-000.jpg,1,Mild,0,No DR,False,0.64304864,0.64304864,0.027804673,0.32558763,5.626191e-05,0.0035027843
007-3939-200.jpg,2,Moderate,2,Moderate,True,0.8071411,0.029516421,0.14874065,0.8071411,0.0008114976,0.013790231
20170430193232001.jpg,0,No DR,0,No DR,True,0.9238071,0.9238071,0.0010835232,0.058573395,0.016376745,0.00015920661
007-2079-100.jpg,2,Moderate,0,No DR,False,0.84151036,0.84151036,0.09362035,0.05186133,0.0105902795,0.002417709
007-7420-601.jpg,0,No DR,2,Moderate,False,0.5681263,0.42530107,0.0022112157,0.5681263,0.00062285556,0.0037385735
007-1167-000.jpg,0,No DR,0,No DR,True,0.66486573,0.66486573,0.23269176,0.102129735,9.832432e-05,0.00021445984
007-3943-200.jpg,3,Severe,3,Severe,True,0.88347375,0.00048598935,2.1487254e-05,0.107651755,0.88347375,0.00836699
20170620003156672.jpg,2,Moderate,2,Moderate,True,0.9642024,1.8985726e-05,9.829794e-05,0.9642024,0.023576742,0.012103592
007-3979-200.jpg,4,Proliferative,4,Proliferative,True,0.50646126,0.00023405367,0.0007262253,0.29219455,0.20038383,0.50646126
20170412102330295.jpg,0,No DR,0,No DR,True,0.6903683,0.6903683,0.0076894835,0.30185422,1.4971552e-05,7.296778e-05
007-4909-300.jpg,2,Moderate,2,Moderate,True,0.9789042,7.757339e-05,0.00018392615,0.9789042,0.012412106,0.008422248
007-6703-400.jpg,3,Severe,3,Severe,True,0.8928348,1.6099304e-05,2.701848e-05,0.010662257,0.8928348,0.0964598
20170224214637264.jpg,0,No DR,0,No DR,True,0.9165281,0.9165281,0.0023259455,0.08085252,2.1528818e-05,0.00027194832
007-3669-200.jpg,2,Moderate,2,Moderate,True,0.99379563,0.00068259524,8.561629e-05,0.99379563,0.0017952536,0.0036409819
20170415092114824.jpg,0,No DR,0,No DR,True,0.8006797,0.8006797,0.0063686646,0.19122332,0.0016066036,0.00012166086
20170427182213413.jpg,0,No DR,0,No DR,True,0.9686838,0.9686838,0.0050551225,0.02481759,0.00034553697,0.0010978912
007-2359-100.jpg,1,Mild,0,No DR,False,0.6504467,0.6504467,0.030999087,0.3174348,0.00040280854,0.00071658974
007-3379-200.jpg,2,Moderate,2,Moderate,True,0.8484105,0.13833258,0.002609672,0.8484105,0.00083276717,0.009814483
007-4113-200.jpg,2,Moderate,2,Moderate,True,0.8344756,0.014524962,0.001543567,0.8344756,0.02041897,0.12903695
20170429203157386.jpg,0,No DR,0,No DR,True,0.90022326,0.90022326,0.027332399,0.07137786,0.00027200388,0.00079447747
007-2258-100.jpg,2,Moderate,2,Moderate,True,0.704824,0.12900546,0.14250661,0.704824,0.00048821216,0.023175737
007-4513-200.jpg,2,Moderate,2,Moderate,True,0.8775708,0.04865722,0.018624691,0.8775708,6.839469e-05,0.05507897
007-4730-200.jpg,2,Moderate,2,Moderate,True,0.98104686,0.0009805169,0.0046465946,0.98104686,0.003644044,0.009681888
20170429200929998.jpg,0,No DR,0,No DR,True,0.76043,0.76043,0.024767717,0.2112222,0.0027153322,0.0008647143
20170429203633560.jpg,0,No DR,0,No DR,True,0.9384463,0.9384463,0.00076852477,0.057898488,0.0025326004,0.00035420706
007-5761-300.jpg,3,Severe,2,Moderate,False,0.5940885,0.00012819967,0.00018831126,0.5940885,0.3868331,0.018761955
20170214220639640.jpg,0,No DR,0,No DR,True,0.87066525,0.87066525,0.04241654,0.08539883,0.00047535138,0.0010440865
20170412113143166.jpg,0,No DR,0,No DR,True,0.9198261,0.9198261,0.030613458,0.04935815,0.0001277359,7.456298e-05
007-5752-300.jpg,2,Moderate,2,Moderate,True,0.6058593,0.016733415,0.37292293,0.6058593,0.0025039602,0.0019804232
20170427190217884.jpg,0,No DR,0,No DR,True,0.98136675,0.98136675,0.0008681356,0.016860625,0.0004958139,0.00040860084
20170418113348939.jpg,0,No DR,0,No DR,True,0.902941,0.902941,0.0016187612,0.09542643,5.721521e-07,1.3196549e-05
007-6260-300.jpg,2,Moderate,0,No DR,False,0.5805953,0.5805953,0.2019207,0.2128362,0.003320793,0.0013269813
007-4188-200.jpg,2,Moderate,1,Mild,False,0.8795838,0.047737375,0.8795838,0.07126275,0.0012783223,0.00013779165
20170407230219733.jpg,0,No DR,0,No DR,True,0.96842134,0.96842134,0.000329911,0.027559277,0.0025032451,0.001186294
007-1210-000.jpg,1,Mild,2,Moderate,False,0.593925,0.112267576,0.29282576,0.593925,0.0002582292,0.0007234507
20170518111418648.jpg,2,Moderate,2,Moderate,True,0.76015246,0.0067683025,0.0005261825,0.76015246,0.23133144,0.0012216377
20170220133324808.jpg,0,No DR,0,No DR,True,0.9572187,0.9572187,0.004973903,0.037682947,9.9839766e-05,2.461442e-05
20170206175614525.jpg,0,No DR,0,No DR,True,0.89983785,0.89983785,0.06643726,0.032298736,0.0012683322,0.00015778042
007-0882-000.jpg,0,No DR,0,No DR,True,0.7850014,0.7850014,0.0041137645,0.21073441,9.354083e-05,5.686896e-05
007-4658-200.jpg,2,Moderate,2,Moderate,True,0.5117787,0.24416654,0.016150411,0.5117787,0.0019667908,0.22593752
007-3840-200.jpg,2,Moderate,4,Proliferative,False,0.58403474,0.03405358,0.011224733,0.36768466,0.0030023048,0.58403474
007-1314-000.jpg,0,No DR,0,No DR,True,0.87819105,0.87819105,0.081030555,0.040597457,0.00012516034,5.5799177e-05
20170427111816715.jpg,0,No DR,0,No DR,True,0.48084146,0.48084146,0.10193658,0.416098,0.00040345304,0.0007205165
007-1651-000.jpg,0,No DR,2,Moderate,False,0.6233365,0.25516647,0.120916225,0.6233365,0.0003563695,0.00022446757
007-5630-300.jpg,2,Moderate,2,Moderate,True,0.96128464,4.1982375e-06,5.023511e-06,0.96128464,0.03137471,0.00733137
007-2212-100.jpg,2,Moderate,0,No DR,False,0.86008143,0.86008143,0.013320813,0.12621216,0.0002497287,0.00013585931
007-7784-601.jpg,0,No DR,2,Moderate,False,0.45079195,0.031620152,0.07223204,0.45079195,0.0017188437,0.443637
20170427184000335.jpg,0,No DR,0,No DR,True,0.9574231,0.9574231,0.0016634789,0.037376832,0.0011239995,0.002412595
007-6597-400.jpg,4,Proliferative,4,Proliferative,True,0.5571372,0.036373172,0.0011145602,0.38114858,0.02422653,0.5571372
20170408231141817.jpg,0,No DR,0,No DR,True,0.9597494,0.9597494,0.006805882,0.030252215,0.0009450342,0.002247503
007-2994-100.jpg,2,Moderate,2,Moderate,True,0.81369793,0.04874969,0.0517125,0.81369793,0.0030467904,0.08279308
20170424115230654.jpg,0,No DR,2,Moderate,False,0.3341296,0.2943206,0.3331205,0.3341296,0.038025513,0.00040376568
20170426101343821.jpg,0,No DR,0,No DR,True,0.8910527,0.8910527,0.0071662543,0.099663295,0.0016137348,0.00050397054
20170516201510046.jpg,2,Moderate,2,Moderate,True,0.8989993,0.0006748483,0.00054997136,0.8989993,0.028234597,0.071541354
20170630084446353.jpg,2,Moderate,0,No DR,False,0.899121,0.899121,0.013923686,0.0868824,2.6656602e-05,4.627095e-05
20170510143849590.jpg,2,Moderate,0,No DR,False,0.7689915,0.7689915,0.043256834,0.18757367,0.00015019721,2.782771e-05
007-6418-400.jpg,4,Proliferative,4,Proliferative,True,0.8647124,5.6494915e-05,0.0017294602,0.13085654,0.0026451137,0.8647124
20170429204057855.jpg,0,No DR,0,No DR,True,0.79653394,0.79653394,0.00071853347,0.20143566,0.00087954866,0.00043235323
20170429211603875.jpg,0,No DR,0,No DR,True,0.9194798,0.9194798,0.0009348264,0.07297936,0.002156008,0.004450062
007-2315-100.jpg,2,Moderate,2,Moderate,True,0.96690804,0.024120081,0.0015630252,0.96690804,0.00021820258,0.0071906596
20170213091557380.jpg,0,No DR,0,No DR,True,0.8599687,0.8599687,0.026795903,0.11322038,6.980442e-07,1.4281481e-05
007-6228-300.jpg,2,Moderate,2,Moderate,True,0.9072654,0.010780827,0.0023757955,0.9072654,0.00023879015,0.07933907
20170124162247496.jpg,0,No DR,0,No DR,True,0.93758386,0.93758386,0.036005665,0.026409715,2.77251e-07,4.9884864e-07
20170408232758270.jpg,0,No DR,0,No DR,True,0.9039943,0.9039943,0.002068712,0.08885805,0.002435887,0.0026430453
20170425160717139.jpg,0,No DR,0,No DR,True,0.6174851,0.6174851,0.16624355,0.21616755,8.1291444e-05,2.2452383e-05
007-7599-601.jpg,0,No DR,0,No DR,True,0.6660379,0.6660379,0.0055077267,0.3272441,0.00018903069,0.0010213295
007-5149-300.jpg,2,Moderate,2,Moderate,True,0.95647246,0.014095012,0.02056082,0.95647246,0.008634991,0.00023661903
20170408231947575.jpg,0,No DR,0,No DR,True,0.94566685,0.94566685,0.012768591,0.041085217,0.00031581713,0.00016354279
20170602084034474.jpg,1,Mild,0,No DR,False,0.8232777,0.8232777,0.009871874,0.16683151,4.3958644e-06,1.4509473e-05
20170222101033047.jpg,0,No DR,0,No DR,True,0.86885077,0.86885077,0.0007615475,0.117483996,0.011962876,0.00094083993
20170412135441966.jpg,0,No DR,0,No DR,True,0.69928735,0.69928735,0.08051335,0.21212828,0.007780675,0.0002902299
007-6233-300.jpg,2,Moderate,2,Moderate,True,0.6259825,0.2302028,0.00036869076,0.6259825,0.061350495,0.08209555
007-2271-100.jpg,2,Moderate,2,Moderate,True,0.8880768,0.07833794,0.01099848,0.8880768,0.00054619834,0.022040574
20170327103524390.jpg,0,No DR,0,No DR,True,0.8319069,0.8319069,0.12635602,0.0410467,0.00027211593,0.00041834993
20170427142921526.jpg,0,No DR,0,No DR,True,0.85463697,0.85463697,0.024528656,0.120785005,2.4535779e-05,2.4773488e-05
007-5892-300.jpg,4,Proliferative,2,Moderate,False,0.61050117,0.00075448863,0.0006418724,0.61050117,0.001247916,0.3868545
20170427185725567.jpg,0,No DR,0,No DR,True,0.9548823,0.9548823,0.03843077,0.006520621,1.5938336e-05,0.00015040068
007-2556-100.jpg,2,Moderate,2,Moderate,True,0.5372448,0.16485299,0.2969709,0.5372448,0.00014753682,0.0007837344
007-2491-100.jpg,2,Moderate,0,No DR,False,0.4948619,0.4948619,0.10742855,0.3914326,0.005587779,0.0006891298
20170331094112192.jpg,0,No DR,0,No DR,True,0.7622714,0.7622714,0.07522425,0.16039795,0.00076057256,0.0013457508
20170407224542804.jpg,0,No DR,0,No DR,True,0.9239537,0.9239537,0.024416333,0.050937906,0.0004713824,0.00022068106
20170619083600088.jpg,2,Moderate,1,Mild,False,0.6995372,0.0061139944,0.6995372,0.25331584,0.03633111,0.004701814
007-4749-200.jpg,2,Moderate,2,Moderate,True,0.8999489,0.003146818,4.9873386e-05,0.8999489,0.002233904,0.09462045
007-3200-100.jpg,1,Mild,0,No DR,False,0.6450165,0.6450165,0.09128129,0.25617132,0.00017741532,0.0073534814
007-3914-200.jpg,2,Moderate,2,Moderate,True,0.9744743,0.0140621355,0.0028087255,0.9744743,5.502793e-05,0.008599779
007-3681-200.jpg,2,Moderate,2,Moderate,True,0.725391,0.2716046,0.001964101,0.725391,0.0002084257,0.0008319138
007-6914-400.jpg,4,Proliferative,2,Moderate,False,0.85091126,0.079278186,0.032306314,0.85091126,0.027319754,0.010184545
20170226223144290.jpg,0,No DR,0,No DR,True,0.86745155,0.86745155,0.0019093554,0.11868409,0.005435475,0.006519535
20170429212457762.jpg,0,No DR,0,No DR,True,0.90452147,0.90452147,0.00095584575,0.08777295,0.0017727936,0.004976861
007-1650-000.jpg,0,No DR,0,No DR,True,0.75671417,0.75671417,0.014441771,0.224068,0.00019633438,0.0045796647
20170517171512703.jpg,3,Severe,3,Severe,True,0.6599418,0.00040041006,0.00039969492,0.3297634,0.6599418,0.009494623
20170407215758488.jpg,0,No DR,0,No DR,True,0.91455805,0.91455805,0.017347213,0.06738949,0.00044820696,0.00025709116
007-2790-100.jpg,1,Mild,1,Mild,True,0.8233229,0.025445065,0.8233229,0.1493412,0.0002584049,0.0016324435
007-3372-200.jpg,2,Moderate,2,Moderate,True,0.99673414,0.00010799992,0.00039191995,0.99673414,0.00013314327,0.002632829
20170223105735837.jpg,0,No DR,0,No DR,True,0.47950986,0.47950986,0.4453797,0.07484912,0.0001488425,0.00011252164
20170407234751158.jpg,0,No DR,0,No DR,True,0.96551937,0.96551937,0.0027492943,0.030910527,0.00047754383,0.0003433155
20170618221747607.jpg,2,Moderate,2,Moderate,True,0.48445255,0.3298543,0.18393561,0.48445255,0.0013342407,0.00042324496
20170430200430297.jpg,0,No DR,0,No DR,True,0.9562969,0.9562969,0.00080312794,0.039781462,0.00013515791,0.002983214
20170217110404453.jpg,0,No DR,0,No DR,True,0.86671335,0.86671335,0.008263291,0.12473975,0.00024865055,3.5037487e-05
20170220100439903.jpg,0,No DR,0,No DR,True,0.70616025,0.70616025,0.28162077,0.012166264,3.578543e-05,1.7030572e-05
007-4396-200.jpg,2,Moderate,2,Moderate,True,0.925823,0.027123852,0.00274477,0.925823,0.043403435,0.0009049384
007-1564-000.jpg,0,No DR,1,Mild,False,0.79020077,0.204661,0.79020077,0.005131654,5.0585304e-06,1.4745318e-06
007-0071-000.jpg,0,No DR,0,No DR,True,0.6904325,0.6904325,0.039107848,0.27041954,6.26026e-07,3.938748e-05
20170407235344647.jpg,0,No DR,0,No DR,True,0.94558907,0.94558907,0.030638259,0.022452423,0.0010687857,0.00025149924
20170227232921286.jpg,0,No DR,0,No DR,True,0.94564265,0.94564265,0.006427445,0.047623824,1.5002933e-05,0.00029104462
007-3315-200.jpg,2,Moderate,2,Moderate,True,0.45087478,0.0036691723,0.009440163,0.45087478,0.09061347,0.44540247
007-0896-000.jpg,0,No DR,0,No DR,True,0.71366984,0.71366984,0.013070221,0.27097675,0.0003320255,0.0019511902
20170418090144057.jpg,0,No DR,0,No DR,True,0.7102141,0.7102141,0.27413958,0.015625536,1.07038595e-05,1.00683665e-05
20170409161444107.jpg,0,No DR,0,No DR,True,0.6319319,0.6319319,0.30142882,0.066576734,3.7274345e-05,2.5222813e-05
007-8657-605.jpg,0,No DR,0,No DR,True,0.75897324,0.75897324,0.03274362,0.1989028,5.6023033e-05,0.009324372
007-3563-200.jpg,4,Proliferative,4,Proliferative,True,0.95336866,0.00030829664,6.88481e-05,0.044041656,0.002212507,0.95336866
007-2051-100.jpg,2,Moderate,0,No DR,False,0.52813137,0.52813137,0.015116616,0.4544991,0.00069961895,0.0015533044
007-0359-000.jpg,0,No DR,1,Mild,False,0.7176658,0.10092705,0.7176658,0.1793762,0.00049042964,0.0015404844
20170410093232105.jpg,0,No DR,0,No DR,True,0.816299,0.816299,0.08311113,0.100439,0.000114644405,3.6203604e-05
20170226230628072.jpg,0,No DR,0,No DR,True,0.7504018,0.7504018,0.05631957,0.19186199,0.00107678,0.00033984194
007-7874-601.jpg,2,Moderate,0,No DR,False,0.7431858,0.7431858,0.022729391,0.23369694,0.00016554628,0.0002223602
007-1345-000.jpg,0,No DR,0,No DR,True,0.7874322,0.7874322,0.016444858,0.18933673,0.0066413176,0.00014480691
20170323080442334.jpg,0,No DR,0,No DR,True,0.8470229,0.8470229,0.0012195623,0.11192586,0.0010657244,0.038765952
20170627105002528.jpg,2,Moderate,2,Moderate,True,0.9847142,0.00076098146,0.0005708923,0.9847142,0.0017177527,0.012236129
20170220140114740.jpg,0,No DR,0,No DR,True,0.65532047,0.65532047,0.17595395,0.16864903,5.600801e-05,2.0484387e-05
007-7147-400.jpg,4,Proliferative,4,Proliferative,True,0.9984432,0.00041411063,1.0067303e-05,0.0010105646,0.0001221093,0.9984432
007-0815-000.jpg,0,No DR,1,Mild,False,0.56138647,0.39113846,0.56138647,0.047317334,7.200539e-05,8.571377e-05
20170427185357872.jpg,0,No DR,0,No DR,True,0.9288753,0.9288753,0.0029344293,0.06637896,0.0015725379,0.00023872523
007-7605-601.jpg,2,Moderate,2,Moderate,True,0.74824315,0.086081505,0.017322887,0.74824315,0.0005840264,0.14776844
007-1724-000.jpg,0,No DR,1,Mild,False,0.8513373,0.0833974,0.8513373,0.065039985,1.8192688e-05,0.00020707579
20170222154002651.jpg,0,No DR,0,No DR,True,0.83244926,0.83244926,0.12746024,0.040048834,4.4959347e-06,3.707251e-05
007-4640-200.jpg,2,Moderate,2,Moderate,True,0.9681807,0.0017174894,5.067273e-05,0.9681807,0.00045663427,0.029594522
007-2227-100.jpg,1,Mild,1,Mild,True,0.7383527,0.00936061,0.7383527,0.18174839,0.07001671,0.0005215782
20170605152650869.jpg,2,Moderate,1,Mild,False,0.39991397,0.29828724,0.39991397,0.29699752,0.004066266,0.00073495513
007-0715-000.jpg,0,No DR,0,No DR,True,0.5641475,0.5641475,0.025758274,0.41000354,2.6037334e-05,6.461582e-05
20170220174934041.jpg,0,No DR,0,No DR,True,0.81425524,0.81425524,0.17799875,0.0075223683,0.00020047084,2.3151404e-05
007-3137-100.jpg,2,Moderate,2,Moderate,True,0.7658225,0.2280481,0.00013223017,0.7658225,4.0336385e-05,0.005956827
20170612085458211.jpg,2,Moderate,2,Moderate,True,0.71172225,0.14891917,0.13841282,0.71172225,0.00083961914,0.000106201136
20161118155736303.jpg,0,No DR,0,No DR,True,0.8698392,0.8698392,0.0006518134,0.08235727,0.007197022,0.03995478
007-2546-100.jpg,1,Mild,0,No DR,False,0.8154408,0.8154408,0.07173939,0.11267292,8.6150205e-05,6.078049e-05
007-6064-300.jpg,2,Moderate,2,Moderate,True,0.7017555,0.26522106,0.01805766,0.7017555,0.0037057726,0.011259978
20170621082611317.jpg,2,Moderate,0,No DR,False,0.5789178,0.5789178,0.006210475,0.414423,7.154217e-05,0.00037720992
007-4543-200.jpg,2,Moderate,2,Moderate,True,0.91523534,0.065928906,0.00048162197,0.91523534,0.0024262946,0.015927818
20170406085446520.jpg,0,No DR,0,No DR,True,0.8872345,0.8872345,0.0039716056,0.10868072,4.1255746e-05,7.1878385e-05
007-2774-100.jpg,2,Moderate,1,Mild,False,0.4428978,0.39097288,0.4428978,0.1658096,0.00020338158,0.00011634976
20170516160126110.jpg,1,Mild,1,Mild,True,0.42078626,0.25276655,0.42078626,0.3032211,0.021000544,0.002225475
007-2601-100.jpg,2,Moderate,2,Moderate,True,0.7825184,0.19401786,0.004315275,0.7825184,0.002336705,0.016811835
20170427213940581.jpg,0,No DR,0,No DR,True,0.8068799,0.8068799,0.0036009303,0.1886574,0.00048180966,0.0003799496
20170405082647447.jpg,0,No DR,0,No DR,True,0.783099,0.783099,0.19360766,0.022971226,7.0060494e-05,0.0002520878
007-2557-100.jpg,1,Mild,0,No DR,False,0.4108888,0.4108888,0.26760995,0.31864187,0.0018661529,0.000993206
20170407222105403.jpg,0,No DR,0,No DR,True,0.89566016,0.89566016,0.0025419495,0.08357097,0.013499466,0.0047275503
007-4139-200.jpg,2,Moderate,2,Moderate,True,0.9549855,0.00024422296,0.00041840435,0.9549855,0.024922568,0.019429278
20170327090618698.jpg,0,No DR,0,No DR,True,0.9131695,0.9131695,0.005724265,0.08083257,2.4940176e-05,0.00024858906
20170120153040093.jpg,0,No DR,0,No DR,True,0.4022836,0.4022836,0.27489254,0.3222697,0.000377784,0.00017634203
007-7266-400.jpg,4,Proliferative,4,Proliferative,True,0.9666539,0.003006409,0.002085632,0.023707885,0.004546149,0.9666539
20170407221302501.jpg,0,No DR,0,No DR,True,0.89456546,0.89456546,0.055130742,0.049673535,0.0003981422,0.00023208196
007-4210-200.jpg,2,Moderate,2,Moderate,True,0.7022755,0.20116073,0.073976,0.7022755,0.022059543,0.0005282414
007-4194-200.jpg,2,Moderate,2,Moderate,True,0.5770642,0.31917554,0.103437185,0.5770642,0.00011925581,0.0002037923
007-1840-100.jpg,2,Moderate,2,Moderate,True,0.52831286,0.46247855,0.009107063,0.52831286,8.665734e-06,9.286435e-05
007-7243-400.jpg,4,Proliferative,4,Proliferative,True,0.9971962,0.0008521283,9.896728e-05,0.0017008696,0.00015189523,0.9971962
007-4801-300.jpg,2,Moderate,2,Moderate,True,0.703675,0.0016159199,0.0031052465,0.703675,0.29105955,0.000544299
20170429231748898.jpg,0,No DR,0,No DR,True,0.9585873,0.9585873,0.0015428195,0.03609324,0.0024000932,0.0013766721
20170426085909496.jpg,0,No DR,0,No DR,True,0.8056991,0.8056991,0.15272169,0.041557275,1.29911e-05,8.890078e-06
007-7675-601.jpg,0,No DR,2,Moderate,False,0.50712794,0.46797702,0.023838103,0.50712794,1.2071495e-05,0.0010448523
20170427180039926.jpg,0,No DR,0,No DR,True,0.8812494,0.8812494,0.04339479,0.07526719,1.155434e-05,7.705432e-05
20170328082333730.jpg,0,No DR,0,No DR,True,0.94814676,0.94814676,0.0027099755,0.0473845,0.00011733243,0.0016414603
007-6189-300.jpg,2,Moderate,2,Moderate,True,0.94824976,0.03619793,0.008878415,0.94824976,0.00014453303,0.006529306
007-0828-000.jpg,0,No DR,0,No DR,True,0.82020825,0.82020825,0.15015073,0.029548872,3.156604e-05,6.048874e-05
20170408000114812.jpg,0,No DR,0,No DR,True,0.86488634,0.86488634,0.066714466,0.065905444,0.0017592659,0.00073435344
007-1043-000.jpg,0,No DR,0,No DR,True,0.9263761,0.9263761,0.02869292,0.044881534,3.3780077e-06,4.610829e-05
20170429202820123.jpg,0,No DR,0,No DR,True,0.9730478,0.9730478,0.0016400267,0.024650306,9.900521e-05,0.00056291063
20170225203027503.jpg,0,No DR,0,No DR,True,0.88152575,0.88152575,0.03367781,0.08441311,0.00029855518,8.485687e-05
007-2793-100.jpg,2,Moderate,2,Moderate,True,0.8772038,0.10619963,0.015643358,0.8772038,0.0006165043,0.00033670507
007-0418-000.jpg,0,No DR,0,No DR,True,0.916832,0.916832,0.06132667,0.021664055,4.178945e-05,0.00013547466
007-6076-300.jpg,2,Moderate,2,Moderate,True,0.62296975,0.0077177696,0.33555463,0.62296975,0.020521529,0.01323625
20170224151258535.jpg,0,No DR,0,No DR,True,0.78003114,0.78003114,0.1715324,0.048429813,1.0684082e-06,5.4481925e-06
20170208134713854.jpg,0,No DR,0,No DR,True,0.85746795,0.85746795,0.0005512789,0.14197467,1.4621714e-06,4.6997975e-06
20170126115404314.jpg,0,No DR,1,Mild,False,0.6106126,0.38153785,0.6106126,0.007815683,3.0511195e-05,3.4176212e-06
20170224160101048.jpg,0,No DR,0,No DR,True,0.74523973,0.74523973,0.022983214,0.2314249,0.0002984358,5.3721033e-05
20170410094715869.jpg,0,No DR,0,No DR,True,0.9690624,0.9690624,0.0027422928,0.028161747,2.0754924e-05,1.2784712e-05
007-6148-300.jpg,3,Severe,4,Proliferative,False,0.54446083,0.00048193766,0.00082899467,0.17944284,0.27478537,0.54446083
20170524111743769.jpg,2,Moderate,3,Severe,False,0.6358214,0.00017559473,6.0298215e-05,0.3636878,0.6358214,0.00025488422
007-4659-200.jpg,2,Moderate,2,Moderate,True,0.9377346,0.053468987,0.00088388304,0.9377346,0.00031603617,0.007596537
007-4774-200.jpg,2,Moderate,2,Moderate,True,0.61125183,0.33879012,0.027973473,0.61125183,0.0070823696,0.014902221
20170209093024297.jpg,0,No DR,0,No DR,True,0.8178807,0.8178807,0.0006782748,0.18089603,0.00018136477,0.0003636396
007-2964-100.jpg,2,Moderate,1,Mild,False,0.45342392,0.107764274,0.45342392,0.38753563,0.032531366,0.018744823
007-6587-400.jpg,4,Proliferative,2,Moderate,False,0.72362673,0.07474081,0.037448622,0.72362673,0.033491198,0.13069263
20170616201007747.jpg,2,Moderate,2,Moderate,True,0.88771766,0.006481421,0.0003290542,0.88771766,0.10396891,0.0015029361
007-2144-100.jpg,0,No DR,0,No DR,True,0.75717634,0.75717634,0.042584226,0.19950975,4.2017116e-05,0.00068759377
007-2025-100.jpg,1,Mild,4,Proliferative,False,0.5933326,0.00059483194,8.580357e-05,0.40562183,0.0003649534,0.5933326
20170522111746822.jpg,2,Moderate,2,Moderate,True,0.75088364,0.057743747,0.18673335,0.75088364,0.00455468,8.4607556e-05
20170429231040992.jpg,0,No DR,0,No DR,True,0.97567594,0.97567594,0.0019969875,0.011540606,0.010584661,0.00020176238
007-0655-000.jpg,0,No DR,0,No DR,True,0.89378875,0.89378875,0.07024436,0.03596583,4.7234656e-07,6.263719e-07
20170616112523766.jpg,2,Moderate,2,Moderate,True,0.95833534,0.020576468,0.0011787887,0.95833534,0.01963179,0.0002775874
007-0674-000.jpg,0,No DR,1,Mild,False,0.8553119,0.093676046,0.8553119,0.050868902,3.0460296e-06,0.00014017236
20170220140226350.jpg,0,No DR,0,No DR,True,0.8389645,0.8389645,0.095315896,0.06570669,2.3750476e-06,1.0503434e-05
007-6844-400.jpg,4,Proliferative,4,Proliferative,True,0.9579953,0.00062890013,4.674545e-05,0.037520804,0.0038082912,0.9579953
20170123085828792.jpg,0,No DR,0,No DR,True,0.95470303,0.95470303,0.0021265482,0.042856194,0.00017412924,0.00014013257
20170207175526103.jpg,0,No DR,0,No DR,True,0.74995327,0.74995327,0.101563886,0.1484546,1.731384e-05,1.1037847e-05
20170112165604167.jpg,0,No DR,0,No DR,True,0.8997451,0.8997451,0.07115391,0.0289857,0.00010079184,1.44816495e-05
007-3676-200.jpg,2,Moderate,2,Moderate,True,0.65588534,0.34202796,0.0015103644,0.65588534,5.6596054e-06,0.00057059777
007-0501-000.jpg,0,No DR,0,No DR,True,0.6804298,0.6804298,0.0078123705,0.3114547,0.00011349244,0.00018965628
20170428083456943.jpg,0,No DR,0,No DR,True,0.5498051,0.5498051,0.00573086,0.44210514,0.0016635174,0.0006954069
20170211092159114.jpg,0,No DR,0,No DR,True,0.91296506,0.91296506,0.0030890761,0.08307535,0.00030041044,0.0005701036
007-3660-200.jpg,2,Moderate,4,Proliferative,False,0.6850278,0.00033105692,0.005813245,0.1503772,0.15845072,0.6850278
007-1780-100.jpg,1,Mild,0,No DR,False,0.64323777,0.64323777,0.037908927,0.31116834,0.00063436205,0.007050544
20170410093934395.jpg,0,No DR,0,No DR,True,0.8831354,0.8831354,0.0015673322,0.11428954,0.0007111506,0.00029660974
007-1689-000.jpg,2,Moderate,0,No DR,False,0.55967385,0.55967385,0.107258275,0.32984477,2.5593716e-05,0.003197557
007-3516-200.jpg,0,No DR,0,No DR,True,0.92077327,0.92077327,0.052052673,0.027167002,5.87219e-07,6.5244753e-06
20170214100607018.jpg,0,No DR,0,No DR,True,0.84800947,0.84800947,0.14962797,0.0023568794,5.0763024e-06,5.267614e-07
20170430141501215.jpg,0,No DR,0,No DR,True,0.8162868,0.8162868,0.0010882422,0.18255313,2.0904483e-05,5.0968294e-05
007-7044-400.jpg,4,Proliferative,2,Moderate,False,0.47223946,0.23202695,0.009763561,0.47223946,0.0035621459,0.28240785
007-3611-200.jpg,2,Moderate,3,Severe,False,0.6604917,0.019035053,0.0005909516,0.29258323,0.6604917,0.027299155
20170428162225876.jpg,0,No DR,0,No DR,True,0.8839617,0.8839617,0.0028174315,0.11213824,1.71724e-05,0.0010654156
007-0237-000.jpg,0,No DR,0,No DR,True,0.8890808,0.8890808,0.020387383,0.088837266,0.00062052003,0.0010739871
007-3741-200.jpg,2,Moderate,2,Moderate,True,0.81158394,0.0040703863,0.00077981775,0.81158394,0.000105870684,0.18345995
20170216090542938.jpg,0,No DR,0,No DR,True,0.90495527,0.90495527,0.056963768,0.037826624,1.1403232e-05,0.00024292132
20170504113211152.jpg,2,Moderate,1,Mild,False,0.5558136,0.29450908,0.5558136,0.1483318,0.001262079,8.3379906e-05
007-1197-000.jpg,0,No DR,0,No DR,True,0.90535575,0.90535575,9.119892e-05,0.09148247,1.3769569e-05,0.0030567618
007-0982-000.jpg,0,No DR,0,No DR,True,0.72381544,0.72381544,0.005542326,0.2674384,0.00092658616,0.0022771715
20170224144635533.jpg,0,No DR,0,No DR,True,0.7552167,0.7552167,0.022188993,0.22196026,2.2356928e-05,0.0006116584
20170227161011919.jpg,0,No DR,0,No DR,True,0.7488248,0.7488248,0.23061863,0.020389207,0.00015123733,1.6133441e-05
20170425160718411.jpg,0,No DR,0,No DR,True,0.7048486,0.7048486,0.06774808,0.22721513,8.386927e-05,0.00010435061
007-0031-000.jpg,0,No DR,0,No DR,True,0.7677266,0.7677266,0.13761109,0.09454076,3.4087192e-05,8.7360124e-05
007-3782-200.jpg,2,Moderate,2,Moderate,True,0.5678691,0.09718315,0.1838094,0.5678691,0.14958644,0.0015518158
20170331093707737.jpg,0,No DR,0,No DR,True,0.88660866,0.88660866,0.01942806,0.09384359,1.691909e-05,0.000102692946
20170121093807445.jpg,0,No DR,1,Mild,False,0.9665959,0.03217737,0.9665959,0.0011767407,1.6630715e-05,3.3415774e-05
007-0388-000.jpg,0,No DR,0,No DR,True,0.91628325,0.91628325,0.0014946,0.08206467,8.481041e-05,7.26531e-05
007-4296-200.jpg,2,Moderate,2,Moderate,True,0.9197665,0.04260258,0.010700241,0.9197665,0.00078696525,0.0261437
20170429221601319.jpg,0,No DR,0,No DR,True,0.95698065,0.95698065,0.0046591717,0.03575521,0.0015336539,0.0010712789
007-3779-200.jpg,2,Moderate,2,Moderate,True,0.8415322,0.020675654,0.10468054,0.8415322,0.02702892,0.006082722
20170326093029051.jpg,0,No DR,0,No DR,True,0.9499555,0.9499555,0.022726128,0.027303785,1.8247258e-06,1.2708044e-05
20170228164709059.jpg,0,No DR,1,Mild,False,0.94621545,0.035450272,0.94621545,0.01814767,8.568806e-05,0.000100837126
007-1234-000.jpg,0,No DR,0,No DR,True,0.59089,0.59089,0.005193552,0.4032574,4.8047373e-06,0.0006542102
007-3622-200.jpg,2,Moderate,2,Moderate,True,0.8714106,0.103676006,0.008584071,0.8714106,0.003537622,0.012791754
20170427181653795.jpg,0,No DR,0,No DR,True,0.7939757,0.7939757,0.009469931,0.17947678,0.012414634,0.004663004
007-0402-000.jpg,0,No DR,0,No DR,True,0.93971634,0.93971634,0.0075712753,0.052405104,4.8857414e-06,0.00030248208
007-4575-200.jpg,2,Moderate,2,Moderate,True,0.59280807,0.18920048,0.19952069,0.59280807,0.013439858,0.0050308327
007-5160-300.jpg,2,Moderate,2,Moderate,True,0.8293266,0.09551013,0.0407465,0.8293266,0.02777592,0.0066407775
007-3500-200.jpg,2,Moderate,2,Moderate,True,0.9904,0.0010427416,0.00011369608,0.9904,6.896108e-05,0.00837457
20170228090926171.jpg,0,No DR,0,No DR,True,0.8752449,0.8752449,0.0672081,0.057518076,5.82391e-06,2.3191546e-05
007-1205-000.jpg,0,No DR,0,No DR,True,0.8704153,0.8704153,0.016181147,0.11303053,4.9015352e-06,0.0003681556
007-4425-200.jpg,2,Moderate,4,Proliferative,False,0.9473178,0.0019188316,0.0055496288,0.045159295,5.4481286e-05,0.9473178
20170401100008515.jpg,0,No DR,0,No DR,True,0.84554374,0.84554374,0.012347601,0.14203073,6.1443516e-06,7.1780065e-05
20170430200546082.jpg,0,No DR,0,No DR,True,0.8056114,0.8056114,0.00095446984,0.18903959,0.0014140907,0.0029804804
007-5786-300.jpg,2,Moderate,2,Moderate,True,0.9689707,0.0035512208,0.0049793636,0.9689707,0.016677111,0.0058216443
20170330080004528.jpg,0,No DR,0,No DR,True,0.8850507,0.8850507,0.017358052,0.08679116,0.0065264055,0.004273622
20170328094247861.jpg,0,No DR,0,No DR,True,0.9615394,0.9615394,0.01936063,0.015807027,0.00012774287,0.003165264
20170602083055029.jpg,2,Moderate,2,Moderate,True,0.7788067,0.19959846,0.021505192,0.7788067,5.2347572e-05,3.738038e-05
007-5875-300.jpg,2,Moderate,4,Proliferative,False,0.49072516,0.0012987839,0.0005936446,0.48629028,0.021092122,0.49072516
007-5643-300.jpg,2,Moderate,2,Moderate,True,0.93617517,0.0009115139,0.00021616496,0.93617517,0.025158256,0.037538905
007-0043-000.jpg,0,No DR,0,No DR,True,0.34698018,0.34698018,0.29340217,0.3185544,0.0059432844,0.03511995
20170522165607630.jpg,2,Moderate,0,No DR,False,0.7210907,0.7210907,0.0037168884,0.2750995,8.220393e-05,1.0711964e-05
007-1138-000.jpg,0,No DR,0,No DR,True,0.5064816,0.5064816,0.3093614,0.18370607,8.4610925e-05,0.00036637965
20170213115422058.jpg,0,No DR,0,No DR,True,0.9229112,0.9229112,0.016232537,0.060795613,3.182008e-06,5.740643e-05
007-0362-000.jpg,0,No DR,0,No DR,True,0.9271323,0.9271323,0.0027315316,0.070111714,1.673763e-06,2.273006e-05
007-2354-100.jpg,2,Moderate,1,Mild,False,0.7059413,0.13396293,0.7059413,0.1595661,0.0003722739,0.0001573436
20170324140849407.jpg,0,No DR,0,No DR,True,0.95500845,0.95500845,0.004573643,0.04030097,3.482898e-05,8.209402e-05
20170627110345934.jpg,2,Moderate,2,Moderate,True,0.48031905,0.35426047,0.15296459,0.48031905,0.010858228,0.0015976415
20170430193353131.jpg,0,No DR,0,No DR,True,0.9370395,0.9370395,0.0008316309,0.052619237,0.003842695,0.0056669675
007-2221-100.jpg,1,Mild,0,No DR,False,0.5322066,0.5322066,0.012045874,0.45525914,0.0003475271,0.00014092383
20170226234856632.jpg,0,No DR,0,No DR,True,0.79858315,0.79858315,0.0004392718,0.20050222,0.00015884961,0.0003165636
007-0431-000.jpg,0,No DR,0,No DR,True,0.8854477,0.8854477,0.0012604506,0.11220307,5.087023e-06,0.0010836766
007-6513-400.jpg,4,Proliferative,4,Proliferative,True,0.9923683,0.00019473811,0.0008958577,0.0052824696,0.0012587499,0.9923683
20170224113103144.jpg,0,No DR,0,No DR,True,0.8259149,0.8259149,0.03745558,0.13591671,0.00044509085,0.00026759488
007-6940-400.jpg,4,Proliferative,4,Proliferative,True,0.9925625,0.0027825092,0.00042975612,0.0031666313,0.0010585672,0.9925625
007-3720-200.jpg,2,Moderate,2,Moderate,True,0.77801347,0.14655992,0.06674288,0.77801347,0.00021823317,0.008465503
20170612233612380.jpg,2,Moderate,0,No DR,False,0.5997525,0.5997525,0.10546356,0.2926737,9.2512155e-06,0.0021009957
007-6835-400.jpg,4,Proliferative,2,Moderate,False,0.5468899,0.26747558,0.010539814,0.5468899,9.696402e-05,0.17499773
20170429200414078.jpg,0,No DR,0,No DR,True,0.9806511,0.9806511,0.005716482,0.01315598,0.00037967094,9.682634e-05
007-6333-400.jpg,4,Proliferative,4,Proliferative,True,0.9127685,0.000433984,0.00072324433,0.047297783,0.03877664,0.9127685
007-1251-000.jpg,0,No DR,0,No DR,True,0.65362114,0.65362114,0.33417705,0.012183438,4.9034716e-06,1.3410251e-05
007-4428-200.jpg,2,Moderate,2,Moderate,True,0.9867273,0.0017038789,0.0013970666,0.9867273,0.0055955164,0.004576225
20170220104405877.jpg,0,No DR,0,No DR,True,0.8934432,0.8934432,0.069302656,0.037186474,2.7156535e-05,4.051069e-05
007-6368-400.jpg,4,Proliferative,4,Proliferative,True,0.96068466,0.0041934694,0.0010719198,0.012228426,0.021821562,0.96068466
20170430191714281.jpg,0,No DR,0,No DR,True,0.92586255,0.92586255,0.011619664,0.061117344,0.00044310922,0.0009573003
007-6473-400.jpg,4,Proliferative,2,Moderate,False,0.84866554,6.9187713e-06,0.00033179953,0.84866554,0.0026368985,0.14835888
007-2056-100.jpg,2,Moderate,0,No DR,False,0.739223,0.739223,0.01816923,0.2425124,8.58542e-07,9.442784e-05
20170324085149565.jpg,0,No DR,0,No DR,True,0.89876735,0.89876735,0.035518676,0.0656234,5.892551e-05,3.1754476e-05
20170405083433546.jpg,0,No DR,0,No DR,True,0.8475329,0.8475329,0.096574485,0.05587145,1.4516484e-05,6.5964737e-06
20170429202934975.jpg,0,No DR,0,No DR,True,0.9290899,0.9290899,0.00092862523,0.066549785,0.001589919,0.0018417069
20170323094433433.jpg,0,No DR,1,Mild,False,0.8317989,0.06904251,0.8317989,0.098344766,0.00040440983,0.00040941595
007-1484-000.jpg,0,No DR,0,No DR,True,0.7796626,0.7796626,0.0019617274,0.21828456,1.6247075e-05,7.4799005e-05
20170418103218419.jpg,0,No DR,1,Mild,False,0.45861763,0.45009816,0.45861763,0.07809607,0.012640679,0.00054751086
007-4330-200.jpg,2,Moderate,2,Moderate,True,0.888285,0.010167216,0.00014996107,0.888285,0.004829896,0.096567914
20170410092817707.jpg,0,No DR,0,No DR,True,0.8429836,0.8429836,0.037155766,0.1194921,0.00029626887,7.22194e-05
20170504201513545.jpg,2,Moderate,1,Mild,False,0.36390343,0.2555987,0.36390343,0.19175121,0.18826696,0.0004796615
007-1686-000.jpg,0,No DR,0,No DR,True,0.83521515,0.83521515,0.07929025,0.082129516,0.003233717,0.00013128956
20170427191526349.jpg,0,No DR,0,No DR,True,0.9225129,0.9225129,0.004067504,0.07214945,2.3051056e-05,0.0012471455
20170328091227668.jpg,0,No DR,0,No DR,True,0.885605,0.885605,0.06284448,0.051428333,5.4216925e-06,0.00011683609
007-6431-400.jpg,4,Proliferative,4,Proliferative,True,0.8215537,0.0005580577,0.0017756638,0.16907915,0.007033437,0.8215537
20170429232029890.jpg,0,No DR,0,No DR,True,0.95946926,0.95946926,0.0013181973,0.034758814,0.0035031016,0.00095073995
20170213165734780.jpg,0,No DR,0,No DR,True,0.9122372,0.9122372,0.027438264,0.060293976,1.7497005e-05,1.3088664e-05
007-5917-300.jpg,2,Moderate,2,Moderate,True,0.7293514,0.009400128,0.00032623525,0.7293514,0.001161366,0.25976083
20170503172654258.jpg,2,Moderate,0,No DR,False,0.77073073,0.77073073,0.16936184,0.05477159,0.0050101485,0.00012572159
007-0719-000.jpg,0,No DR,0,No DR,True,0.8091425,0.8091425,0.019797804,0.17097124,8.0999125e-06,8.0419806e-05
20170427095241916.jpg,0,No DR,0,No DR,True,0.95586824,0.95586824,0.0016507495,0.042433914,3.02114e-05,1.6840182e-05
007-2973-100.jpg,0,No DR,0,No DR,True,0.6875631,0.6875631,0.0101938555,0.30008236,6.497581e-06,0.0021541868
007-0730-000.jpg,2,Moderate,0,No DR,False,0.84012663,0.84012663,0.029665202,0.12872359,3.0976753e-05,0.0014536837
007-2841-100.jpg,1,Mild,1,Mild,True,0.94292957,0.027630992,0.94292957,0.029146807,0.00023324021,5.937116e-05
007-0205-000.jpg,0,No DR,0,No DR,True,0.7732947,0.7732947,0.0022226295,0.22038677,9.4108276e-05,0.004001811
20170429220412774.jpg,0,No DR,0,No DR,True,0.91774905,0.91774905,0.0018433902,0.05807947,0.007031913,0.015296116
007-0165-000.jpg,0,No DR,0,No DR,True,0.65927535,0.65927535,0.0130329635,0.32485807,3.198831e-05,0.0028016528
007-4054-200.jpg,2,Moderate,2,Moderate,True,0.77976245,0.13398606,0.06983882,0.77976245,0.007200133,0.009212607
20170407224448321.jpg,0,No DR,0,No DR,True,0.5881931,0.5881931,0.089944616,0.3205948,0.00034770955,0.00091981236
007-6222-300.jpg,2,Moderate,1,Mild,False,0.5415414,0.35653815,0.5415414,0.10180752,3.5895122e-05,7.707696e-05
20170410153212741.jpg,0,No DR,0,No DR,True,0.91902626,0.91902626,0.00681487,0.07410579,1.0135482e-05,4.2926258e-05
007-1548-000.jpg,0,No DR,0,No DR,True,0.7918533,0.7918533,0.012426821,0.19552064,0.00012840623,7.078887e-05
20170429225610578.jpg,0,No DR,0,No DR,True,0.8608853,0.8608853,0.0020944637,0.1252166,0.0039240024,0.007879634
20170224211820615.jpg,0,No DR,0,No DR,True,0.88588506,0.88588506,0.0006265651,0.113280654,8.712112e-05,0.00012063061
007-1660-000.jpg,0,No DR,0,No DR,True,0.7189375,0.7189375,0.027761064,0.25273257,0.00030243208,0.00026637848
20170427182524137.jpg,0,No DR,0,No DR,True,0.990236,0.990236,0.00065071107,0.009010876,2.7410095e-05,7.499183e-05
007-7039-400.jpg,4,Proliferative,4,Proliferative,True,0.9978023,0.00057138776,0.00045300156,0.0011210197,5.220912e-05,0.9978023
007-4852-300.jpg,2,Moderate,2,Moderate,True,0.9232969,0.054351225,0.016823974,0.9232969,0.0030608797,0.0024669468
20170424110805162.jpg,0,No DR,2,Moderate,False,0.4871812,0.3231105,0.18752967,0.4871812,0.0019969938,0.00018169983
20170226210325463.jpg,0,No DR,0,No DR,True,0.8690918,0.8690918,0.005484647,0.12347214,0.00091381976,0.0010376356
20170429223552940.jpg,0,No DR,0,No DR,True,0.98727787,0.98727787,0.0009948399,0.010123651,0.0009733569,0.0006302704
20170408215516624.jpg,0,No DR,0,No DR,True,0.9685953,0.9685953,0.018068047,0.012515443,0.0005601649,0.00026109285
007-2405-100.jpg,2,Moderate,1,Mild,False,0.8732504,0.11160219,0.8732504,0.015071509,3.0879015e-05,4.4951244e-05
007-5888-300.jpg,2,Moderate,2,Moderate,True,0.9318735,0.012655379,0.022124592,0.9318735,0.032492213,0.00085430086
20170123093849026.jpg,0,No DR,0,No DR,True,0.81917775,0.81917775,0.17612697,0.0046608862,3.291498e-05,1.4310766e-06
20170429204444257.jpg,0,No DR,0,No DR,True,0.973814,0.973814,0.0003879318,0.019624265,0.0027922434,0.0033815033
20170419084206917.jpg,0,No DR,0,No DR,True,0.9544559,0.9544559,0.011992853,0.033537593,2.2264196e-06,1.1500529e-05
007-1143-000.jpg,0,No DR,1,Mild,False,0.5081029,0.46797252,0.5081029,0.023918444,2.182065e-06,3.9378924e-06
007-2870-100.jpg,2,Moderate,2,Moderate,True,0.6458454,0.3446589,0.0052306512,0.6458454,0.0004055419,0.0038595356
007-2896-100.jpg,2,Moderate,0,No DR,False,0.5789441,0.5789441,0.0009271377,0.4199288,1.6812319e-06,0.00019827188
007-6553-400.jpg,4,Proliferative,4,Proliferative,True,0.99756926,0.0003072715,0.0006806371,0.0014258849,1.6948787e-05,0.99756926
20170327105311474.jpg,0,No DR,0,No DR,True,0.93099266,0.93099266,0.004132679,0.063094236,0.00066964957,0.0011107135
007-1751-000.jpg,0,No DR,1,Mild,False,0.53767866,0.38620907,0.53767866,0.07423527,0.0018098091,6.714762e-05
007-3944-200.jpg,2,Moderate,2,Moderate,True,0.758478,0.006794736,0.0035448158,0.758478,0.22715291,0.0040294756
007-5713-300.jpg,2,Moderate,0,No DR,False,0.43645924,0.43645924,0.123825334,0.43340796,0.0040451856,0.0022622778
20170508100748104.jpg,2,Moderate,2,Moderate,True,0.684772,0.3070085,0.0069018123,0.684772,0.0012211612,9.650112e-05
007-3633-200.jpg,2,Moderate,2,Moderate,True,0.9956409,0.00042812483,0.0010916293,0.9956409,4.20198e-05,0.0027973694
007-4499-200.jpg,2,Moderate,2,Moderate,True,0.9413369,0.0009965285,5.0446513e-05,0.9413369,0.00016282502,0.057453193
007-5585-300.jpg,2,Moderate,3,Severe,False,0.8818234,0.0005372062,9.790709e-05,0.06261353,0.8818234,0.054928027
20170620113631654.jpg,2,Moderate,0,No DR,False,0.46358123,0.46358123,0.07259941,0.26497948,0.19465142,0.0041884626
007-6202-300.jpg,2,Moderate,1,Mild,False,0.6951322,0.20098934,0.6951322,0.10370448,3.85531e-05,0.00013541525
20170510164850027.jpg,2,Moderate,0,No DR,False,0.6684105,0.6684105,0.16517083,0.16407397,0.0004691913,0.0018756003
007-3520-200.jpg,2,Moderate,2,Moderate,True,0.9939242,4.0013942e-06,1.610531e-06,0.9939242,0.0058129267,0.00025729145
007-1058-000.jpg,0,No DR,0,No DR,True,0.703384,0.703384,0.22881989,0.06769443,3.617428e-05,6.54793e-05
007-3112-100.jpg,2,Moderate,1,Mild,False,0.46062773,0.16666421,0.46062773,0.37075707,0.00034787896,0.0016030998
007-5508-300.jpg,2,Moderate,2,Moderate,True,0.88437957,0.007074223,0.06734276,0.88437957,0.0020449904,0.039158493
007-5767-300.jpg,2,Moderate,2,Moderate,True,0.89606345,0.00031849561,0.0027173653,0.89606345,0.0801629,0.020737788
20170323092353758.jpg,0,No DR,0,No DR,True,0.9823115,0.9823115,0.0012068683,0.016174208,8.4652995e-05,0.00022279838
007-2812-100.jpg,1,Mild,2,Moderate,False,0.4304365,0.23037292,0.32689604,0.4304365,0.011785853,0.0005086171
007-4435-200.jpg,2,Moderate,2,Moderate,True,0.95804876,0.021533655,0.0004055038,0.95804876,0.0013294853,0.018682636
20170627160255825.jpg,2,Moderate,2,Moderate,True,0.8379139,0.123158135,0.025954712,0.8379139,0.010829429,0.002143917
007-3535-200.jpg,2,Moderate,2,Moderate,True,0.9150415,0.008163904,0.0015177102,0.9150415,0.0046616425,0.07061522
007-7177-400.jpg,4,Proliferative,2,Moderate,False,0.5930042,0.08869372,0.020352252,0.5930042,8.269792e-06,0.29794154
007-3308-200.jpg,2,Moderate,4,Proliferative,False,0.5747198,0.000104630955,0.00016927138,0.42005655,0.0049497704,0.5747198
007-1788-100.jpg,2,Moderate,2,Moderate,True,0.60989684,0.3438078,0.015295424,0.60989684,0.0009204802,0.030079486
20170324112237946.jpg,0,No DR,0,No DR,True,0.9332698,0.9332698,0.0459126,0.020762017,3.263176e-05,2.3024388e-05
007-5302-300.jpg,2,Moderate,2,Moderate,True,0.89513946,0.006875483,0.086300634,0.89513946,0.010813106,0.0008712408
007-4337-200.jpg,3,Severe,2,Moderate,False,0.5025902,0.00026070813,0.00016211373,0.5025902,0.34000054,0.15698643
007-4060-200.jpg,2,Moderate,2,Moderate,True,0.96758467,0.009777274,0.0017361814,0.96758467,0.0073421844,0.013559657
007-0465-000.jpg,0,No DR,0,No DR,True,0.91734135,0.91734135,0.01709687,0.0653074,0.00017847533,7.592909e-05
007-2163-100.jpg,1,Mild,0,No DR,False,0.62178165,0.62178165,0.33302432,0.03889501,0.0059501776,0.00034879733
20170126115056314.jpg,0,No DR,0,No DR,True,0.8592526,0.8592526,0.006084979,0.13199352,0.0025186443,0.0001502183
007-7399-601.jpg,0,No DR,0,No DR,True,0.6203053,0.6203053,0.0072430107,0.34099737,0.00023180958,0.031222492
20170428140421454.jpg,0,No DR,1,Mild,False,0.787985,0.20297763,0.787985,0.009010699,3.0111144e-06,2.362537e-05
007-2605-100.jpg,2,Moderate,2,Moderate,True,0.66870034,0.3131186,0.0062412936,0.66870034,0.0022747696,0.009664941
20170411141738901.jpg,0,No DR,0,No DR,True,0.80989945,0.80989945,0.0021891613,0.1853813,6.418512e-05,0.002465876
007-5339-300.jpg,2,Moderate,2,Moderate,True,0.6658116,0.0026194334,0.3268288,0.6658116,0.0015624561,0.0031777164
20170221181155202.jpg,0,No DR,0,No DR,True,0.91028774,0.91028774,0.06760947,0.0220917,9.669056e-06,1.5057407e-06
007-7359-601.jpg,0,No DR,0,No DR,True,0.5379811,0.5379811,0.00030208484,0.44717214,1.8171142e-05,0.014526467
20170419121209408.jpg,0,No DR,0,No DR,True,0.5863671,0.5863671,0.2510847,0.15095438,1.500811e-05,0.011578896
007-4601-200.jpg,2,Moderate,2,Moderate,True,0.82515466,0.030748991,0.13990562,0.82515466,0.0025220693,0.0016686193
007-2728-100.jpg,1,Mild,0,No DR,False,0.4976938,0.4976938,0.3368267,0.16494334,0.00038453165,0.00015160738
20170608192955912.jpg,2,Moderate,2,Moderate,True,0.69864917,0.020770991,0.27686048,0.69864917,0.002694907,0.0010244465
007-0166-000.jpg,0,No DR,0,No DR,True,0.7241113,0.7241113,0.0034145701,0.27242392,4.8419615e-06,4.5296958e-05
20170429211830286.jpg,0,No DR,0,No DR,True,0.68468475,0.68468475,0.12113364,0.18818104,0.00041481835,0.00558569
007-1984-100.jpg,2,Moderate,1,Mild,False,0.8486455,0.04047639,0.8486455,0.08479028,0.025919054,0.00016876588
20170418093855744.jpg,0,No DR,0,No DR,True,0.9370618,0.9370618,0.0013493515,0.061219007,0.00022299244,0.00014675112
007-4033-200.jpg,2,Moderate,2,Moderate,True,0.76727647,0.0047647455,0.22437182,0.76727647,0.0018568852,0.0017301026
007-1784-100.jpg,2,Moderate,1,Mild,False,0.53080875,0.19717744,0.53080875,0.2323123,0.03784505,0.0018565274
20170414125158502.jpg,0,No DR,0,No DR,True,0.82230896,0.82230896,0.12048305,0.0571906,1.59153e-05,1.4599902e-06
20170224094042228.jpg,0,No DR,0,No DR,True,0.8018348,0.8018348,0.006303356,0.19167675,3.044041e-06,0.00018213256
007-1791-100.jpg,1,Mild,2,Moderate,False,0.6238067,0.33603993,0.03914814,0.6238067,7.6677745e-05,0.0009284903
007-8283-602.jpg,0,No DR,0,No DR,True,0.53718895,0.53718895,0.0019183282,0.45321482,4.4017106e-05,0.007633906
007-3489-200.jpg,4,Proliferative,2,Moderate,False,0.8794874,7.607736e-05,0.00057943683,0.8794874,0.07597668,0.043880448
007-2975-100.jpg,2,Moderate,0,No DR,False,0.5591436,0.5591436,0.012013831,0.37073788,0.0030506752,0.055054013
20170426134414814.jpg,0,No DR,0,No DR,True,0.88450533,0.88450533,0.0064492733,0.10896469,4.8914848e-05,3.1694613e-05
007-7826-601.jpg,0,No DR,0,No DR,True,0.86047876,0.86047876,0.019050177,0.117077395,0.000107533895,0.0032861903
20170209131217406.jpg,0,No DR,0,No DR,True,0.8655169,0.8655169,0.113320224,0.021157645,4.0417303e-06,1.2269991e-06
20170324092621974.jpg,0,No DR,0,No DR,True,0.80252314,0.80252314,0.008796726,0.18649343,0.0018803637,0.00030639238
007-5979-300.jpg,2,Moderate,4,Proliferative,False,0.5644104,0.00052643736,0.0006348623,0.2763428,0.15808551,0.5644104
007-1473-000.jpg,0,No DR,0,No DR,True,0.79912025,0.79912025,0.012011217,0.1877178,0.0010803998,7.030179e-05
20170407225711491.jpg,0,No DR,0,No DR,True,0.97188693,0.97188693,0.00122863,0.023600193,0.0015678909,0.0017164429
007-3675-200.jpg,3,Severe,4,Proliferative,False,0.6689552,4.17353e-05,2.3625893e-05,0.03553543,0.29544404,0.6689552
20170223171624239.jpg,0,No DR,0,No DR,True,0.83844113,0.83844113,0.045386378,0.115619995,0.00045167722,0.0001007143
20170407222732099.jpg,0,No DR,0,No DR,True,0.58007663,0.58007663,0.0069501963,0.40879223,0.0025357285,0.0016452423
20170407092714011.jpg,0,No DR,0,No DR,True,0.85426265,0.85426265,0.0022209876,0.14334956,1.6438803e-06,0.0001652286
20170427204739830.jpg,0,No DR,0,No DR,True,0.9161846,0.9161846,0.025701586,0.056575935,0.0015197075,1.8080254e-05
20170226204323282.jpg,0,No DR,2,Moderate,False,0.7758258,0.15929301,0.006508423,0.7758258,0.056643605,0.0017291426
007-3357-200.jpg,2,Moderate,2,Moderate,True,0.8589939,0.06893876,0.07058856,0.8589939,0.0010159557,0.0004627865
007-4756-200.jpg,3,Severe,3,Severe,True,0.84573376,0.0002447865,0.00354691,0.08815826,0.84573376,0.06231625
20170331094944004.jpg,0,No DR,0,No DR,True,0.9788234,0.9788234,0.0070545147,0.0139350435,2.3774342e-05,0.0001631765
007-1906-100.jpg,1,Mild,2,Moderate,False,0.76991004,0.058710117,0.16939601,0.76991004,4.8635287e-05,0.001935164
20170427194205437.jpg,0,No DR,0,No DR,True,0.68131155,0.68131155,0.3140777,0.0046053766,3.9583856e-06,1.5021013e-06
20170327094658211.jpg,0,No DR,0,No DR,True,0.9232604,0.9232604,0.0011770613,0.055952277,0.00013712372,0.019473214
007-4109-200.jpg,2,Moderate,2,Moderate,True,0.94566774,0.024424883,0.017641293,0.94566774,0.0002734679,0.011992607
007-2665-100.jpg,1,Mild,0,No DR,False,0.5208239,0.5208239,0.017775694,0.46051833,0.0002567081,0.0006254054
007-3084-100.jpg,1,Mild,0,No DR,False,0.64643574,0.64643574,0.12017407,0.23324808,7.2105206e-05,6.995037e-05
20170329140733147.jpg,0,No DR,0,No DR,True,0.7642799,0.7642799,0.022679802,0.21301231,7.9998235e-06,2.0033567e-05
20170514222421801.jpg,2,Moderate,2,Moderate,True,0.57325065,0.19504617,0.22565481,0.57325065,0.0045180195,0.001530307
007-3286-200.jpg,3,Severe,3,Severe,True,0.9379339,1.2274858e-06,3.7646666e-06,0.061134424,0.9379339,0.0009266543
20170512164041374.jpg,2,Moderate,0,No DR,False,0.7325801,0.7325801,0.0406412,0.22619177,0.00045228537,0.00013463073
20170505142937028.jpg,2,Moderate,2,Moderate,True,0.62125254,0.3474453,0.030322464,0.62125254,0.0008119666,0.0001677588
007-0183-000.jpg,0,No DR,0,No DR,True,0.50840336,0.50840336,0.09917303,0.39232546,2.3975226e-05,7.426835e-05
20170411141618693.jpg,0,No DR,0,No DR,True,0.5976487,0.5976487,0.11856772,0.28251842,0.0011232015,0.00014190505
007-1739-000.jpg,0,No DR,0,No DR,True,0.5306246,0.5306246,0.06023647,0.40818796,0.00011944691,0.000831465
007-0252-000.jpg,0,No DR,0,No DR,True,0.93332297,0.93332297,0.0002301548,0.056183726,0.006372815,0.0038903463
007-6537-400.jpg,4,Proliferative,4,Proliferative,True,0.8795481,0.017698849,0.0028720205,0.0892472,0.010633868,0.8795481
20170428161920057.jpg,0,No DR,0,No DR,True,0.8613465,0.8613465,0.002139765,0.13482814,8.994728e-05,0.0015956314
007-0934-000.jpg,0,No DR,0,No DR,True,0.9003801,0.9003801,0.001187141,0.09839668,1.4799862e-06,3.4691755e-05
20170407230059827.jpg,0,No DR,0,No DR,True,0.9657071,0.9657071,0.0043385634,0.028376577,0.0012951661,0.0002826383
007-2767-100.jpg,2,Moderate,2,Moderate,True,0.7490516,0.23701203,0.011179056,0.7490516,0.0023466062,0.00041072728
20170430200328771.jpg,0,No DR,0,No DR,True,0.9540857,0.9540857,0.006087147,0.03971863,4.3258297e-05,6.52916e-05
20170224105350078.jpg,0,No DR,0,No DR,True,0.89286244,0.89286244,0.023023864,0.08399055,6.420512e-05,5.8870923e-05
20170412202015432.jpg,0,No DR,0,No DR,True,0.7784603,0.7784603,0.031459436,0.1898009,3.9583778e-05,0.00023981463
20170428104127977.jpg,0,No DR,0,No DR,True,0.7265754,0.7265754,0.05338708,0.21931784,0.00052490336,0.00019470214
007-2219-100.jpg,2,Moderate,2,Moderate,True,0.9212872,0.07362229,0.00013672237,0.9212872,0.003820984,0.001132847
007-0760-000.jpg,0,No DR,0,No DR,True,0.894392,0.894392,0.032008715,0.07340283,7.370551e-05,0.00012272969
007-3680-200.jpg,2,Moderate,2,Moderate,True,0.94687116,0.0004876913,0.00012843705,0.94687116,0.0011897403,0.051323023
007-6262-300.jpg,2,Moderate,2,Moderate,True,0.9860687,2.1213424e-05,0.0004156315,0.9860687,0.007758291,0.0057360292
007-3953-200.jpg,2,Moderate,2,Moderate,True,0.9151285,0.050566398,0.021563342,0.9151285,0.011628181,0.0011135673
20170427184100996.jpg,0,No DR,0,No DR,True,0.96696776,0.96696776,0.01668759,0.016024617,0.00028279438,3.725391e-05
20170424154404784.jpg,0,No DR,0,No DR,True,0.91994834,0.91994834,0.04693364,0.033006765,1.22579195e-05,9.908101e-05
20170427084916453.jpg,0,No DR,0,No DR,True,0.9667017,0.9667017,0.005158909,0.027890155,1.5094683e-05,0.00023415394
007-4038-200.jpg,2,Moderate,2,Moderate,True,0.6178641,0.22645849,0.12612347,0.6178641,0.0011145034,0.028439438
20170310115514054.jpg,0,No DR,0,No DR,True,0.8073632,0.8073632,0.026333371,0.16325371,0.0027597866,0.0002898798
20170427182316762.jpg,0,No DR,0,No DR,True,0.64831245,0.64831245,0.009956554,0.33877495,0.0012025008,0.0017534835
20170406100959075.jpg,0,No DR,0,No DR,True,0.96465653,0.96465653,0.0012509462,0.033693124,1.2587708e-06,0.0003981182
20170429202702212.jpg,0,No DR,0,No DR,True,0.9556315,0.9556315,0.00081972394,0.03211385,0.0046519907,0.0067828656
007-0722-000.jpg,0,No DR,0,No DR,True,0.83344275,0.83344275,0.1053045,0.061208494,1.2970868e-06,4.294174e-05
007-3397-200.jpg,2,Moderate,2,Moderate,True,0.77900445,0.061452586,0.14839016,0.77900445,0.00016118916,0.010991586
20170224093843434.jpg,0,No DR,0,No DR,True,0.9362592,0.9362592,0.045603916,0.018110232,8.044664e-06,1.860084e-05
20170427180631672.jpg,0,No DR,0,No DR,True,0.9669718,0.9669718,0.0023190882,0.03056847,3.0427318e-05,0.00011036846
007-0356-000.jpg,0,No DR,0,No DR,True,0.93709433,0.93709433,0.036761723,0.026001835,3.0882056e-05,0.0001112114
20170620192226934.jpg,2,Moderate,1,Mild,False,0.72821295,0.027748274,0.72821295,0.24167736,0.00232232,3.906476e-05
20170215094438125.jpg,0,No DR,0,No DR,True,0.926662,0.926662,0.0014132663,0.07183816,1.246892e-06,8.528322e-05
20170329140824088.jpg,0,No DR,0,No DR,True,0.7746829,0.7746829,0.035133626,0.19010328,5.2228816e-06,7.496249e-05
007-1081-000.jpg,0,No DR,0,No DR,True,0.8376081,0.8376081,0.13829862,0.023967162,4.8005193e-05,7.8139194e-05
20170410101007742.jpg,0,No DR,0,No DR,True,0.901248,0.901248,0.019895038,0.07882181,3.5622645e-06,3.160843e-05
20170502160448258.jpg,2,Moderate,0,No DR,False,0.67246276,0.67246276,0.0828344,0.24047343,0.0039910707,0.00023832757
20170227233735201.jpg,0,No DR,0,No DR,True,0.5416961,0.5416961,0.00068251014,0.45611015,0.0005255305,0.0009856931
007-0373-000.jpg,0,No DR,1,Mild,False,0.5241773,0.47159743,0.5241773,0.004189231,3.086064e-05,5.155595e-06
007-6082-300.jpg,2,Moderate,1,Mild,False,0.5673104,0.122342035,0.5673104,0.30902708,0.00023735462,0.0010830881
007-0814-000.jpg,0,No DR,1,Mild,False,0.4598433,0.37009093,0.4598433,0.16908213,0.0009073254,7.627752e-05
007-4951-300.jpg,2,Moderate,2,Moderate,True,0.97610176,0.004085005,0.007838532,0.97610176,0.0071067717,0.00486793
20170328093142139.jpg,0,No DR,0,No DR,True,0.93424237,0.93424237,0.00035182005,0.06519902,1.3446604e-05,0.00019335421
007-6373-400.jpg,4,Proliferative,4,Proliferative,True,0.9777605,0.0010186243,0.0012198745,0.016215311,0.0037856663,0.9777605
007-1857-100.jpg,1,Mild,0,No DR,False,0.49763137,0.49763137,0.017871775,0.4842585,4.3591677e-05,0.00019475065
20161112011316860.jpg,0,No DR,0,No DR,True,0.722652,0.722652,0.05009063,0.21813186,0.00011341761,0.009012086
20170427184307500.jpg,0,No DR,0,No DR,True,0.960919,0.960919,0.013429982,0.020311033,0.00277396,0.00256588
20170331082944429.jpg,0,No DR,0,No DR,True,0.9476304,0.9476304,0.02786986,0.024419624,2.8304872e-05,5.189635e-05
20170409200135732.jpg,0,No DR,0,No DR,True,0.95079637,0.95079637,0.00033809876,0.04575387,0.00011098245,0.00300075
20170429221140502.jpg,0,No DR,0,No DR,True,0.97569615,0.97569615,0.0010057981,0.020186085,0.0027539937,0.00035797447
007-6092-300.jpg,2,Moderate,2,Moderate,True,0.98482174,0.0060881153,0.0028602702,0.98482174,0.0056225215,0.0006073258
007-1884-100.jpg,1,Mild,4,Proliferative,False,0.58691525,0.0031598026,0.057473477,0.3425983,0.009853138,0.58691525
007-7254-400.jpg,4,Proliferative,4,Proliferative,True,0.94452673,0.0011387512,2.7576247e-05,0.054076485,0.00023047136,0.94452673
20170429210635256.jpg,0,No DR,0,No DR,True,0.87734133,0.87734133,0.00032479325,0.12055364,0.0010683812,0.00071180327
20170120221455053.jpg,0,No DR,0,No DR,True,0.9578434,0.9578434,0.02725846,0.014882344,8.772929e-06,6.9704156e-06
20170216104033730.jpg,0,No DR,2,Moderate,False,0.6694626,0.30006424,0.028472494,0.6694626,0.0013214767,0.00067918096
007-5904-300.jpg,3,Severe,3,Severe,True,0.6494615,1.2494383e-05,1.0038963e-05,0.13443881,0.6494615,0.21607707
20170526155853592.jpg,2,Moderate,2,Moderate,True,0.45460236,0.42530376,0.11941573,0.45460236,0.00036652252,0.00031166998
007-1480-000.jpg,0,No DR,0,No DR,True,0.7683695,0.7683695,0.06262459,0.16892114,4.5487883e-05,3.929548e-05
20170505100940129.jpg,2,Moderate,2,Moderate,True,0.6298867,0.03813494,0.0037132401,0.6298867,0.07444297,0.25382215
007-6203-300.jpg,2,Moderate,2,Moderate,True,0.5398452,0.00043933303,0.00072913757,0.5398452,0.042316522,0.41666973
007-1014-000.jpg,0,No DR,0,No DR,True,0.8542329,0.8542329,0.06209855,0.08334429,6.3503076e-06,0.00031790702
20170515154652425.jpg,2,Moderate,1,Mild,False,0.5621748,0.020511337,0.5621748,0.33283755,0.08414149,0.00033475494
007-6482-400.jpg,4,Proliferative,4,Proliferative,True,0.9808791,0.00025637625,4.9823477e-05,0.0086230235,0.010191623,0.9808791
20170525100055762.jpg,2,Moderate,2,Moderate,True,0.97884023,0.0029751714,0.016899485,0.97884023,0.0010280217,0.00025700073
20170221162452021.jpg,0,No DR,2,Moderate,False,0.47578073,0.07042968,0.45293543,0.47578073,0.00024352488,0.00061066926
007-4978-300.jpg,2,Moderate,2,Moderate,True,0.8529953,0.09420049,0.040793303,0.8529953,0.011349794,0.00066108315
20170427185709099.jpg,0,No DR,0,No DR,True,0.83188635,0.83188635,0.00060611905,0.15888798,0.006650618,0.0019689405
007-5189-300.jpg,2,Moderate,2,Moderate,True,0.9869609,0.0027036718,0.00807033,0.9869609,0.0017918176,0.00047324446
007-3768-200.jpg,2,Moderate,0,No DR,False,0.47653383,0.47653383,0.00815891,0.43346533,0.033503354,0.04833865
007-1581-000.jpg,0,No DR,0,No DR,True,0.6190728,0.6190728,0.21517278,0.16554426,0.00018675078,2.3378796e-05
20170518194046765.jpg,2,Moderate,0,No DR,False,0.92633986,0.92633986,0.021682609,0.05192381,2.1138701e-05,3.2573764e-05
20170430191111763.jpg,0,No DR,0,No DR,True,0.9071046,0.9071046,0.0017772692,0.07968974,0.006573908,0.0048543834
007-0648-000.jpg,0,No DR,0,No DR,True,0.73650444,0.73650444,0.024674878,0.23829262,0.00032043803,0.00020761155
007-5940-300.jpg,2,Moderate,2,Moderate,True,0.9445854,7.1955925e-05,0.00017456374,0.9445854,0.035212975,0.019955162
20170427180154699.jpg,0,No DR,0,No DR,True,0.9265731,0.9265731,0.00063510577,0.06272276,0.0068935836,0.0031755138
007-3480-200.jpg,2,Moderate,1,Mild,False,0.8718038,0.08388458,0.8718038,0.043585815,0.00037203255,0.0003537109
20170518092223117.jpg,2,Moderate,0,No DR,False,0.52273214,0.52273214,0.054027084,0.4228192,0.0003354631,8.614311e-05
007-6767-400.jpg,4,Proliferative,4,Proliferative,True,0.9863582,0.00020656596,0.00032676576,0.012878898,0.0002295255,0.9863582
20170223114525878.jpg,0,No DR,0,No DR,True,0.87379414,0.87379414,0.0018316103,0.12376094,0.00020266353,0.00041075883
007-2617-100.jpg,1,Mild,1,Mild,True,0.63783014,0.32518038,0.63783014,0.036899686,7.0936105e-05,1.885931e-05
007-3906-200.jpg,2,Moderate,2,Moderate,True,0.9165949,0.0062424666,0.0042561362,0.9165949,0.013906322,0.059000257
007-2327-100.jpg,2,Moderate,1,Mild,False,0.89724565,0.042527497,0.89724565,0.054019175,0.0060163178,0.00019138609
007-0194-000.jpg,0,No DR,0,No DR,True,0.9303642,0.9303642,0.0219008,0.047707748,7.4811023e-06,1.9742623e-05
007-5706-300.jpg,3,Severe,2,Moderate,False,0.658917,0.024727514,0.0005872359,0.658917,0.04246621,0.27330205
20170407225718912.jpg,0,No DR,0,No DR,True,0.9159327,0.9159327,0.00223716,0.08039591,0.0009183199,0.00051594473
007-1900-100.jpg,1,Mild,1,Mild,True,0.37121078,0.27401134,0.37121078,0.35366008,6.347297e-05,0.0010542833
20170429205459908.jpg,0,No DR,0,No DR,True,0.90898037,0.90898037,0.0008559638,0.08770274,0.0015924957,0.0008684223
20170327112658379.jpg,0,No DR,0,No DR,True,0.9321257,0.9321257,0.0021416144,0.06488898,0.00051188597,0.00033187866
20170430191106662.jpg,0,No DR,0,No DR,True,0.92187864,0.92187864,0.0004784703,0.058364972,0.009851112,0.009426865
20170413081228371.jpg,0,No DR,0,No DR,True,0.84209996,0.84209996,0.003857871,0.1536423,2.0788999e-05,0.00037919817
007-1252-000.jpg,0,No DR,0,No DR,True,0.809094,0.809094,0.06075426,0.12991236,0.00010614243,0.00013315707
007-1463-000.jpg,0,No DR,0,No DR,True,0.5637037,0.5637037,0.029748173,0.40590113,0.00022071342,0.00042629405
007-5588-300.jpg,2,Moderate,2,Moderate,True,0.7606932,0.08886369,0.0017021282,0.7606932,0.14296542,0.0057755364
20170407231610478.jpg,0,No DR,0,No DR,True,0.97171366,0.97171366,0.0067971046,0.021033129,0.00019278924,0.00026331996
007-7245-400.jpg,4,Proliferative,4,Proliferative,True,0.9583376,0.0006500029,3.8837792e-05,0.036605112,0.0043684538,0.9583376
20170206090155113.jpg,0,No DR,0,No DR,True,0.591456,0.591456,0.02289409,0.38448972,2.4602305e-05,0.0011356197
20170327132740881.jpg,0,No DR,0,No DR,True,0.87480533,0.87480533,0.009250216,0.115887545,3.687487e-05,2.0040183e-05
007-6374-400.jpg,4,Proliferative,4,Proliferative,True,0.9098352,0.00390542,0.0020311468,0.06495912,0.019269032,0.9098352
007-3502-200.jpg,2,Moderate,1,Mild,False,0.91506094,0.014909906,0.91506094,0.069442645,0.00029066904,0.00029580444
007-0651-000.jpg,2,Moderate,0,No DR,False,0.6112611,0.6112611,0.036141153,0.35172027,0.0001131436,0.00076422974
20170324074536077.jpg,0,No DR,0,No DR,True,0.6990381,0.6990381,0.27729788,0.0236525,8.0962093e-07,1.0752276e-05
007-2512-100.jpg,0,No DR,2,Moderate,False,0.611558,0.36171338,0.023482768,0.611558,7.914117e-05,0.0031666253
20170427083333838.jpg,0,No DR,0,No DR,True,0.94361013,0.94361013,0.00018980922,0.056093313,1.5158629e-05,9.165602e-05
007-0271-000.jpg,0,No DR,0,No DR,True,0.96969885,0.96969885,0.0061252373,0.01859917,0.005252493,0.0003242054
20170413112528859.jpg,0,No DR,2,Moderate,False,0.49678028,0.35469764,0.14554618,0.49678028,0.002183283,0.00079265534
007-1133-000.jpg,0,No DR,0,No DR,True,0.4802033,0.4802033,0.41190028,0.10532262,0.00075606146,0.0018177821
007-4654-200.jpg,2,Moderate,2,Moderate,True,0.8235444,0.17278123,0.00028322908,0.8235444,0.00027489176,0.0031162582
007-5390-300.jpg,2,Moderate,2,Moderate,True,0.9132589,0.0047468026,0.002332316,0.9132589,0.05020412,0.029457822
20170427084825832.jpg,0,No DR,0,No DR,True,0.77258724,0.77258724,0.005142841,0.22209549,1.6097976e-05,0.00015832395
007-0355-000.jpg,0,No DR,0,No DR,True,0.94488543,0.94488543,0.00487336,0.050132897,6.77108e-05,4.066968e-05
007-1892-100.jpg,0,No DR,0,No DR,True,0.8237444,0.8237444,0.106780685,0.06921593,6.0964117e-06,0.00025290536
007-1047-000.jpg,1,Mild,0,No DR,False,0.6604116,0.6604116,0.22148623,0.1166595,0.0003936441,0.0010490591
007-1160-000.jpg,0,No DR,0,No DR,True,0.834209,0.834209,0.014168189,0.14402984,0.0011516722,0.0064413017
20170221182209349.jpg,0,No DR,0,No DR,True,0.9308106,0.9308106,0.04176961,0.027389389,1.05882145e-05,1.9899022e-05
007-3476-200.jpg,2,Moderate,2,Moderate,True,0.95311314,0.009691941,0.027022582,0.95311314,0.008835872,0.001336504
20170324103451027.jpg,0,No DR,0,No DR,True,0.945225,0.945225,0.0005928255,0.054123558,1.3523583e-05,4.5148827e-05
007-2041-100.jpg,1,Mild,1,Mild,True,0.96808493,0.025909983,0.96808493,0.005901316,0.00010069792,3.0485899e-06
007-1608-000.jpg,0,No DR,0,No DR,True,0.8938176,0.8938176,0.013650078,0.092525825,3.3250576e-06,3.2059272e-06
20170428112733694.jpg,0,No DR,0,No DR,True,0.9281836,0.9281836,0.05836764,0.013427065,1.6751088e-05,4.9333803e-06
20170409201713241.jpg,0,No DR,0,No DR,True,0.6278681,0.6278681,0.00013010112,0.37163997,3.634289e-05,0.00032541307
007-2099-100.jpg,2,Moderate,0,No DR,False,0.4687942,0.4687942,0.18372646,0.34680426,0.00019652168,0.00047857806
20170411095212766.jpg,0,No DR,0,No DR,True,0.8196891,0.8196891,0.082092725,0.09818372,6.8771596e-06,2.7605745e-05
007-6387-400.jpg,4,Proliferative,2,Moderate,False,0.6329152,0.0011762603,5.122385e-05,0.6329152,0.0023467604,0.3635105
20170324112903585.jpg,0,No DR,0,No DR,True,0.47764415,0.47764415,0.45484924,0.067378215,8.481997e-05,4.348858e-05
007-6290-400.jpg,4,Proliferative,4,Proliferative,True,0.983979,0.0037259418,6.8466106e-05,0.005563037,0.006663582,0.983979
007-6653-400.jpg,4,Proliferative,4,Proliferative,True,0.3636001,0.079776146,0.3343788,0.22121796,0.0010270033,0.3636001
20170418085547338.jpg,0,No DR,1,Mild,False,0.8882323,0.0982117,0.8882323,0.013457063,9.024194e-05,8.661736e-06
20170222150127823.jpg,0,No DR,0,No DR,True,0.86671335,0.86671335,0.008263291,0.12473975,0.00024865055,3.5037487e-05
007-7169-400.jpg,4,Proliferative,4,Proliferative,True,0.9657615,0.006029143,0.0022922552,0.023947494,0.0019696327,0.9657615
007-0138-000.jpg,0,No DR,0,No DR,True,0.8182145,0.8182145,0.012145619,0.16953689,1.7740242e-05,8.526993e-05
20170213140105432.jpg,0,No DR,0,No DR,True,0.96139413,0.96139413,0.00477206,0.03284133,0.0003108305,0.00068157475
007-5022-300.jpg,2,Moderate,0,No DR,False,0.5363058,0.5363058,0.049402177,0.40912503,0.0027012913,0.002465766
007-5166-300.jpg,2,Moderate,2,Moderate,True,0.9657502,0.0019383417,0.0016339723,0.9657502,0.0005155244,0.030161884
20170324081122857.jpg,0,No DR,0,No DR,True,0.8921383,0.8921383,0.0042886883,0.101762354,7.291635e-05,0.0017377521
007-6345-400.jpg,4,Proliferative,0,No DR,False,0.7769612,0.7769612,0.03627316,0.18285032,0.0024463842,0.0014688912
007-7019-400.jpg,4,Proliferative,4,Proliferative,True,0.89923036,0.00029076604,0.0012016374,0.04206672,0.057210505,0.89923036
20170426134053910.jpg,0,No DR,2,Moderate,False,0.87652314,0.0640323,0.048048094,0.87652314,0.010556025,0.0008404256
007-3707-200.jpg,3,Severe,3,Severe,True,0.83097494,0.0023977573,0.015870025,0.1493063,0.83097494,0.0014510058
007-1208-000.jpg,0,No DR,0,No DR,True,0.74730325,0.74730325,0.052406207,0.19871883,3.260354e-05,0.0015391125
007-4741-200.jpg,2,Moderate,2,Moderate,True,0.5574833,0.0017512271,0.0008199903,0.5574833,0.42177975,0.01816575
20170328110810910.jpg,0,No DR,0,No DR,True,0.59793687,0.59793687,0.02170344,0.37973943,0.0005040478,0.00011618488
007-7909-601.jpg,0,No DR,0,No DR,True,0.7923633,0.7923633,0.085685685,0.121798545,5.436803e-05,9.8185534e-05
007-6435-400.jpg,4,Proliferative,2,Moderate,False,0.5456605,0.04590902,0.0013227356,0.5456605,0.040262107,0.36684564
20170430201146788.jpg,0,No DR,0,No DR,True,0.9725945,0.9725945,0.000704096,0.026302,0.00014007163,0.0002593726
20170622194345227.jpg,2,Moderate,0,No DR,False,0.60878974,0.60878974,0.053057596,0.33798155,0.00010346621,6.76483e-05
007-6839-400.jpg,4,Proliferative,4,Proliferative,True,0.9922012,7.3628304e-05,0.0003811969,0.00674232,0.0006017049,0.9922012
007-3174-100.jpg,1,Mild,1,Mild,True,0.97072643,0.014273803,0.97072643,0.014379822,0.00059427967,2.561442e-05
20170629195829257.jpg,2,Moderate,2,Moderate,True,0.47999886,0.4504415,0.0679416,0.47999886,0.0015278901,9.012114e-05
20170412085139692.jpg,0,No DR,0,No DR,True,0.52352107,0.52352107,0.12246095,0.3536321,0.00018459214,0.00020135421
007-6359-400.jpg,4,Proliferative,4,Proliferative,True,0.99739337,7.0933354e-05,0.00010797091,0.002317647,0.0001100148,0.99739337
20170430201123607.jpg,0,No DR,0,No DR,True,0.9405205,0.9405205,0.0015379214,0.057514388,0.00017938603,0.00024779126
20170429224633848.jpg,0,No DR,0,No DR,True,0.9343226,0.9343226,0.00047823257,0.05441271,0.00079938985,0.009987081
007-0607-000.jpg,0,No DR,0,No DR,True,0.86617905,0.86617905,0.020746665,0.112995185,6.845064e-05,1.0659136e-05
007-3053-100.jpg,0,No DR,2,Moderate,False,0.52364725,0.40951663,0.06276086,0.52364725,0.0010938715,0.0029813908
007-5482-300.jpg,3,Severe,3,Severe,True,0.49014327,0.17467888,0.16486345,0.16439329,0.49014327,0.00592107
007-3486-200.jpg,2,Moderate,2,Moderate,True,0.9363583,0.0047757477,0.050347436,0.9363583,0.0003458938,0.008172664
007-2972-100.jpg,0,No DR,2,Moderate,False,0.7270361,0.26814196,0.0019539676,0.7270361,5.316391e-05,0.0028148864
20170424162044012.jpg,0,No DR,0,No DR,True,0.9430864,0.9430864,0.0043421187,0.05251696,1.0830731e-06,5.3525484e-05
007-3419-200.jpg,2,Moderate,2,Moderate,True,0.8335361,0.077109724,0.021154754,0.8335361,0.0035119357,0.064687446
007-2678-100.jpg,2,Moderate,2,Moderate,True,0.9090948,0.06497071,0.021170884,0.9090948,0.00018659337,0.0045769345
20170413162943058.jpg,0,No DR,0,No DR,True,0.8031501,0.8031501,0.07371545,0.12174517,0.00034276117,0.0010465041
007-7631-601.jpg,2,Moderate,2,Moderate,True,0.6423625,0.10958294,0.0042306115,0.6423625,0.0011021569,0.24272184
20170429202215267.jpg,0,No DR,0,No DR,True,0.9163273,0.9163273,0.00061095203,0.07687151,0.002008844,0.0041814274
007-5583-300.jpg,2,Moderate,2,Moderate,True,0.9815315,0.014669649,0.000232562,0.9815315,0.0026380613,0.00092815404
007-0327-000.jpg,0,No DR,0,No DR,True,0.9199419,0.9199419,0.06420557,0.01565455,0.00019075676,7.2109447e-06
007-0491-000.jpg,0,No DR,0,No DR,True,0.8095092,0.8095092,0.060590647,0.12947609,7.4125537e-06,0.00041661077
20170223171925324.jpg,0,No DR,0,No DR,True,0.92595553,0.92595553,0.038263846,0.03548569,6.6943605e-05,0.00022810121
007-4267-200.jpg,2,Moderate,1,Mild,False,0.5714157,0.05140959,0.5714157,0.37146908,0.005125905,0.0005796768
20170216092815706.jpg,0,No DR,0,No DR,True,0.81695944,0.81695944,0.0123999175,0.17058012,1.82943e-06,5.8714337e-05
007-2023-100.jpg,2,Moderate,1,Mild,False,0.83007157,0.07480758,0.83007157,0.09268956,0.0021720245,0.0002592894
007-1952-100.jpg,2,Moderate,2,Moderate,True,0.9121536,0.030936768,0.029425547,0.9121536,0.027372386,0.0001117402
007-8171-601.jpg,2,Moderate,2,Moderate,True,0.5602729,0.29514492,0.0031746035,0.5602729,0.0036546155,0.13775295
007-0195-000.jpg,0,No DR,0,No DR,True,0.63937914,0.63937914,0.22459361,0.13578936,9.9894314e-05,0.00013806122
007-2848-100.jpg,1,Mild,2,Moderate,False,0.5122485,0.244707,0.24260199,0.5122485,0.00021434989,0.0002281634
007-1620-000.jpg,0,No DR,0,No DR,True,0.39448237,0.39448237,0.28425163,0.32114506,9.93709e-05,2.159228e-05
007-1815-100.jpg,2,Moderate,2,Moderate,True,0.9301333,0.045554914,0.006432475,0.9301333,0.017577898,0.00030136947
007-7018-400.jpg,4,Proliferative,4,Proliferative,True,0.7211449,0.00039534495,0.0015298051,0.26094022,0.015989704,0.7211449
007-6015-300.jpg,2,Moderate,2,Moderate,True,0.9470516,0.0069599235,0.007961376,0.9470516,0.031367812,0.006659293
20170502092651558.jpg,2,Moderate,0,No DR,False,0.5269665,0.5269665,0.021344317,0.4511159,0.00018697482,0.00038627646
20170221102343670.jpg,0,No DR,0,No DR,True,0.95510405,0.95510405,0.025149856,0.019692136,4.523331e-05,8.668246e-06
007-6563-400.jpg,4,Proliferative,4,Proliferative,True,0.997792,0.00035277716,0.000636879,0.0012029276,1.5376927e-05,0.997792
20170511191633744.jpg,2,Moderate,0,No DR,False,0.558766,0.558766,0.2533034,0.18501872,0.002654005,0.00025783514
007-3472-200.jpg,2,Moderate,2,Moderate,True,0.8391355,0.00033974374,0.0013356132,0.8391355,0.01034365,0.14884552
007-0149-000.jpg,0,No DR,0,No DR,True,0.8102964,0.8102964,0.007964708,0.18136705,4.7887997e-06,0.00036704083
007-1258-000.jpg,0,No DR,0,No DR,True,0.88568586,0.88568586,0.10423327,0.009987474,1.4066888e-05,7.938123e-05
007-4431-200.jpg,2,Moderate,2,Moderate,True,0.8438239,0.07642866,0.0012218362,0.8438239,0.0018692728,0.07665636
007-0225-000.jpg,0,No DR,0,No DR,True,0.9632261,0.9632261,0.0040007094,0.03219235,4.6597404e-05,0.000534304
20170407155054318.jpg,0,No DR,0,No DR,True,0.9765738,0.9765738,0.004891218,0.018518642,6.9353007e-07,1.5545764e-05
20170328094455218.jpg,0,No DR,0,No DR,True,0.945719,0.945719,0.0018764456,0.05206616,8.357856e-05,0.00025478585
007-4534-200.jpg,2,Moderate,2,Moderate,True,0.9004917,0.0017928621,0.0011735164,0.9004917,0.014439145,0.082102805
007-3219-100.jpg,2,Moderate,2,Moderate,True,0.662411,0.32739657,0.008267476,0.662411,1.339153e-05,0.0019115743
20170410153215997.jpg,0,No DR,0,No DR,True,0.8625247,0.8625247,0.04393577,0.09350143,3.1161533e-05,6.868908e-06
20170421173701466.jpg,0,No DR,0,No DR,True,0.80433613,0.80433613,0.10203863,0.0934483,1.9217841e-05,0.00015775462
007-5441-300.jpg,2,Moderate,3,Severe,False,0.91176844,0.0002032302,8.986965e-05,0.083715364,0.91176844,0.004223087
007-0707-000.jpg,0,No DR,0,No DR,True,0.7394295,0.7394295,0.025092106,0.23513691,1.3227989e-05,0.00032829636
007-4615-200.jpg,2,Moderate,2,Moderate,True,0.84110886,0.12732096,0.0026896144,0.84110886,0.00046002644,0.028420635
20170518140513017.jpg,2,Moderate,2,Moderate,True,0.96123415,0.02188473,0.00795266,0.96123415,0.00087000127,0.00805836
007-4948-300.jpg,2,Moderate,1,Mild,False,0.9602584,0.023386745,0.9602584,0.016164955,5.118321e-05,0.00013871411
007-2846-100.jpg,1,Mild,2,Moderate,False,0.42689553,0.32484075,0.24077892,0.42689553,0.006891406,0.000593458
20170410120320427.jpg,0,No DR,0,No DR,True,0.7382428,0.7382428,0.092748515,0.16878341,0.00010800328,0.00011718371
007-0628-000.jpg,0,No DR,0,No DR,True,0.6968943,0.6968943,0.20660119,0.0959458,7.789319e-05,0.00048081204
20170429205809104.jpg,0,No DR,0,No DR,True,0.96576834,0.96576834,0.006775254,0.026882807,7.2540635e-05,0.00050106336
007-4460-200.jpg,2,Moderate,2,Moderate,True,0.85533065,0.13181059,0.0032743223,0.85533065,0.00053366064,0.009050786
20170429222421625.jpg,0,No DR,0,No DR,True,0.9433303,0.9433303,0.015444484,0.04083865,0.0003474472,3.9110448e-05
20170429212410445.jpg,0,No DR,0,No DR,True,0.9687256,0.9687256,0.003895936,0.02669383,6.290789e-05,0.0006217897
007-6395-400.jpg,4,Proliferative,2,Moderate,False,0.91170067,0.015108262,0.0011992172,0.91170067,0.0096378885,0.062353935
007-6193-300.jpg,2,Moderate,2,Moderate,True,0.86962086,0.0016589044,0.000106272135,0.86962086,0.1234758,0.0051381346
007-5663-300.jpg,2,Moderate,2,Moderate,True,0.8051206,0.06512867,0.00072994287,0.8051206,0.0039295442,0.12509121
007-6529-400.jpg,4,Proliferative,2,Moderate,False,0.952703,0.0071401056,0.0019844354,0.952703,0.0005840372,0.03758838
007-0096-000.jpg,1,Mild,0,No DR,False,0.41213536,0.41213536,0.26666072,0.32057273,0.00011274413,0.00051845046
20170522102550409.jpg,2,Moderate,1,Mild,False,0.4047855,0.2722741,0.4047855,0.3188997,0.0033594,0.00068128377
007-2201-100.jpg,1,Mild,2,Moderate,False,0.32407075,0.2912932,0.22365092,0.32407075,0.15963781,0.0013473203
007-0272-000.jpg,0,No DR,0,No DR,True,0.7812785,0.7812785,0.05799585,0.15677992,0.0025955609,0.0013501527
007-6352-400.jpg,4,Proliferative,4,Proliferative,True,0.7918837,0.003833315,0.00020256625,0.20368496,0.00039547464,0.7918837
007-4049-200.jpg,2,Moderate,2,Moderate,True,0.57822156,0.41886196,0.0014308862,0.57822156,6.572648e-05,0.0014198768
20170210165326134.jpg,0,No DR,0,No DR,True,0.7918996,0.7918996,0.010927813,0.19711226,2.3545439e-05,3.6705256e-05
007-4530-200.jpg,2,Moderate,2,Moderate,True,0.977648,0.0050985664,0.0060401754,0.977648,0.0037376776,0.0074755405
007-6532-400.jpg,4,Proliferative,4,Proliferative,True,0.9827428,0.0018088191,0.001102754,0.013701529,0.00064412516,0.9827428
007-6619-400.jpg,4,Proliferative,3,Severe,False,0.6687675,5.3006628e-05,1.2622001e-05,0.07700978,0.6687675,0.2541571
007-6287-400.jpg,4,Proliferative,4,Proliferative,True,0.9880178,0.0004599047,0.00071223517,0.010572438,0.00023752493,0.9880178
20170126094308451.jpg,0,No DR,0,No DR,True,0.97687256,0.97687256,0.006788451,0.016232658,2.6451818e-05,7.9912475e-05
007-0350-000.jpg,0,No DR,0,No DR,True,0.6988497,0.6988497,0.0021097916,0.2977168,2.0449836e-06,0.001321736
007-5914-300.jpg,2,Moderate,2,Moderate,True,0.71971166,0.10311978,0.027771274,0.71971166,0.00092739286,0.14846982
20170316102810593.jpg,0,No DR,0,No DR,True,0.50926536,0.50926536,0.2091658,0.2812792,0.00018973967,9.98589e-05
007-3835-200.jpg,2,Moderate,2,Moderate,True,0.8550922,0.0066459575,0.00013462114,0.8550922,0.0005734746,0.1375536
007-0360-000.jpg,0,No DR,0,No DR,True,0.9597235,0.9597235,0.0150347855,0.025239924,4.3725936e-07,1.41798e-06
007-4712-200.jpg,2,Moderate,1,Mild,False,0.6443132,0.2833045,0.6443132,0.070908405,0.0011340906,0.0003398363
20170622105116686.jpg,2,Moderate,0,No DR,False,0.77969825,0.77969825,0.15755166,0.06272814,1.8910561e-05,2.9576213e-06
007-5666-300.jpg,2,Moderate,0,No DR,False,0.5356755,0.5356755,0.3599199,0.10415789,0.00014668,0.00010000694
20170214215839563.jpg,0,No DR,0,No DR,True,0.66572946,0.66572946,0.08992623,0.24225405,0.00203331,5.6895788e-05
20170227155723751.jpg,0,No DR,0,No DR,True,0.62010074,0.62010074,0.002183148,0.37746084,0.00023166508,2.3678067e-05
20170217170801835.jpg,0,No DR,0,No DR,True,0.5115918,0.5115918,0.47424528,0.014040713,7.683769e-05,4.5393208e-05
20170417141233190.jpg,0,No DR,0,No DR,True,0.81657124,0.81657124,0.048869714,0.13432883,7.888843e-05,0.00015139177
007-5586-300.jpg,2,Moderate,2,Moderate,True,0.5812002,0.0036061355,0.0007083772,0.5812002,0.40696916,0.0075161695
007-3814-200.jpg,2,Moderate,2,Moderate,True,0.9636053,0.0016692954,0.0009853807,0.9636053,0.03136328,0.002376784
007-2089-100.jpg,2,Moderate,0,No DR,False,0.7298701,0.7298701,0.1071856,0.15923573,0.0029192616,0.0007892943
20170429212734086.jpg,0,No DR,0,No DR,True,0.6924668,0.6924668,0.0018344877,0.21660501,0.005332695,0.08376096
007-5906-300.jpg,2,Moderate,2,Moderate,True,0.92910886,0.002946787,0.0011206993,0.92910886,0.040659305,0.026164427
20170407203619163.jpg,0,No DR,1,Mild,False,0.4981618,0.46150574,0.4981618,0.040319484,4.580481e-06,8.416266e-06
20170120141618402.jpg,0,No DR,0,No DR,True,0.8969896,0.8969896,0.0031224773,0.074435934,0.0052915397,0.02016039
007-0184-000.jpg,0,No DR,2,Moderate,False,0.55058163,0.4144777,0.032602243,0.55058163,0.0013779145,0.0009605651
20170122105713241.jpg,0,No DR,0,No DR,True,0.88028884,0.88028884,0.0018434761,0.116848975,0.00095911644,5.9650745e-05
20170406084303834.jpg,0,No DR,2,Moderate,False,0.7716901,0.16490123,0.015199445,0.7716901,0.047964457,0.00024482986
20170214144812293.jpg,0,No DR,0,No DR,True,0.85922503,0.85922503,0.10497376,0.035761714,2.7377962e-05,1.2147413e-05
007-6430-400.jpg,4,Proliferative,4,Proliferative,True,0.99618065,0.0008486508,0.00014996971,0.002597161,0.00022367404,0.99618065
20170429205725019.jpg,0,No DR,0,No DR,True,0.97751665,0.97751665,0.00106461,0.020491112,0.00036634976,0.00056132796
20170418083047694.jpg,0,No DR,0,No DR,True,0.9052001,0.9052001,0.033434983,0.061318953,3.466399e-05,1.1209107e-05
20170208172320643.jpg,0,No DR,0,No DR,True,0.8872427,0.8872427,0.025726145,0.087005876,1.2613453e-05,1.267165e-05
20170427184442451.jpg,0,No DR,0,No DR,True,0.96525073,0.96525073,0.0017327344,0.029511595,0.000765108,0.002739851
007-2942-100.jpg,0,No DR,0,No DR,True,0.6873188,0.6873188,0.11586788,0.19607331,7.589316e-05,0.00066405616
007-5735-300.jpg,2,Moderate,2,Moderate,True,0.9703986,0.0039561177,0.00034010422,0.9703986,2.4703439e-05,0.025280392
007-6168-300.jpg,2,Moderate,2,Moderate,True,0.9860847,0.0026378487,0.0049412376,0.9860847,0.0039029517,0.002433326
20170417113118732.jpg,0,No DR,0,No DR,True,0.7846981,0.7846981,0.0017013698,0.21012402,0.0032795575,0.00019700307
20170427203106149.jpg,0,No DR,0,No DR,True,0.9433725,0.9433725,0.007627196,0.048454624,0.00044585075,9.9699864e-05
007-7676-601.jpg,0,No DR,2,Moderate,False,0.5951035,0.353894,0.050090473,0.5951035,1.598653e-05,0.00089605275
007-0024-000.jpg,0,No DR,0,No DR,True,0.48320678,0.48320678,0.014123532,0.36923835,0.12828125,0.0051500853
007-3126-100.jpg,2,Moderate,0,No DR,False,0.5576959,0.5576959,0.0009279099,0.24643137,6.580456e-05,0.19487897
20170608195844549.jpg,2,Moderate,0,No DR,False,0.8438084,0.8438084,0.041647818,0.11442795,3.6702244e-05,7.920165e-05
007-4124-200.jpg,2,Moderate,2,Moderate,True,0.70030385,0.004768867,0.23178892,0.70030385,0.0053062425,0.057832178
007-1104-000.jpg,0,No DR,0,No DR,True,0.9412244,0.9412244,0.0010543907,0.057638317,7.416818e-05,8.73087e-06
007-3663-200.jpg,2,Moderate,2,Moderate,True,0.9619031,0.03144635,0.00024864115,0.9619031,0.0021598765,0.004242066
007-4690-200.jpg,2,Moderate,2,Moderate,True,0.9870178,0.0007256131,0.00043684887,0.9870178,0.0011638688,0.010655883
20170429193601147.jpg,0,No DR,0,No DR,True,0.87231797,0.87231797,0.0028508345,0.12468458,0.00010954159,3.712548e-05
007-2925-100.jpg,2,Moderate,2,Moderate,True,0.8910381,0.09920687,0.0044117556,0.8910381,0.0027388067,0.002604473
20170206181936039.jpg,0,No DR,1,Mild,False,0.5093227,0.42810383,0.5093227,0.060370125,0.0018218771,0.00038147398
007-0818-000.jpg,0,No DR,0,No DR,True,0.8374727,0.8374727,0.054488786,0.10765819,6.525665e-05,0.0003150306
20170330082321518.jpg,0,No DR,0,No DR,True,0.8029501,0.8029501,0.032368276,0.16408017,0.00038766873,0.00021386244
007-2626-100.jpg,1,Mild,0,No DR,False,0.63709414,0.63709414,0.17284602,0.19002122,2.3008493e-05,1.5625292e-05
20170511082348044.jpg,2,Moderate,2,Moderate,True,0.879975,0.0014042292,0.00062708586,0.879975,0.07343544,0.0445582
20170430141128099.jpg,0,No DR,0,No DR,True,0.7447735,0.7447735,0.004686296,0.24871153,0.00037691934,0.0014516666
007-1626-000.jpg,0,No DR,0,No DR,True,0.89808375,0.89808375,0.005668598,0.09504653,0.00082121056,0.00037994067
20170228164926158.jpg,0,No DR,0,No DR,True,0.9121848,0.9121848,0.051967796,0.035809703,7.062997e-06,3.0663825e-05
007-5913-300.jpg,2,Moderate,2,Moderate,True,0.77035743,0.016551178,5.4509168e-05,0.77035743,0.00047902396,0.21255784
007-1213-000.jpg,0,No DR,0,No DR,True,0.89015824,0.89015824,0.041249324,0.06767796,0.00040362263,0.0005108573
20170524182857618.jpg,2,Moderate,2,Moderate,True,0.8015326,0.0020556222,0.028843427,0.8015326,0.13437876,0.03318954
007-7101-400.jpg,2,Moderate,2,Moderate,True,0.78855085,0.07969267,0.06216875,0.78855085,0.00016866496,0.06941905
20170120222606174.jpg,0,No DR,0,No DR,True,0.93049276,0.93049276,0.013250571,0.05540894,0.00070937944,0.0001384786
007-0410-000.jpg,0,No DR,0,No DR,True,0.8968299,0.8968299,0.007287453,0.09585374,1.2078774e-05,1.6757313e-05
007-4667-200.jpg,2,Moderate,2,Moderate,True,0.86758703,0.011975584,0.099108905,0.86758703,0.019749634,0.0015788198
007-3432-200.jpg,2,Moderate,1,Mild,False,0.82647085,0.03682148,0.82647085,0.1344267,0.0022140243,6.699171e-05
007-3911-200.jpg,2,Moderate,2,Moderate,True,0.55669165,0.00091697054,0.0048451293,0.55669165,0.4334651,0.004081152
007-2733-100.jpg,1,Mild,2,Moderate,False,0.43145937,0.19900548,0.3587039,0.43145937,0.01049308,0.00033816317
007-3052-100.jpg,1,Mild,2,Moderate,False,0.5811249,0.40665928,0.010077704,0.5811249,0.0010925367,0.0010455574
007-1776-100.jpg,1,Mild,2,Moderate,False,0.64815706,0.077578604,0.048660733,0.64815706,0.0065913424,0.21901232
20170429203022148.jpg,0,No DR,0,No DR,True,0.88208807,0.88208807,0.002466561,0.11314043,0.0015216185,0.00078334054
007-3993-200.jpg,2,Moderate,2,Moderate,True,0.8875397,0.10513815,0.005782026,0.8875397,0.00034316423,0.0011970599
007-7252-400.jpg,4,Proliferative,4,Proliferative,True,0.99369794,9.235415e-05,2.9099905e-05,0.006104557,7.60136e-05,0.99369794
20170323085245456.jpg,0,No DR,0,No DR,True,0.838758,0.838758,0.0008750525,0.15990555,6.0263737e-05,0.00040129278
007-5760-300.jpg,2,Moderate,2,Moderate,True,0.972996,0.0071952827,0.016390638,0.972996,0.0021385865,0.0012795671
007-6393-400.jpg,4,Proliferative,4,Proliferative,True,0.79021597,0.045790937,0.10170861,0.062255878,2.8519675e-05,0.79021597
007-3799-200.jpg,2,Moderate,2,Moderate,True,0.9089581,1.4582409e-05,1.4386303e-05,0.9089581,0.0065779085,0.08443504
20170330222014438.jpg,0,No DR,0,No DR,True,0.9086888,0.9086888,0.011565452,0.07971605,5.5992055e-06,2.4017447e-05
20170417102028484.jpg,0,No DR,0,No DR,True,0.757874,0.757874,0.00914825,0.23075032,6.623047e-05,0.002161249
20170405085531228.jpg,0,No DR,0,No DR,True,0.8984612,0.8984612,0.05514429,0.04637078,7.39313e-06,1.6375992e-05
007-4059-200.jpg,2,Moderate,0,No DR,False,0.5721102,0.5721102,0.09387548,0.3262739,0.00044565016,0.007294773
007-0103-000.jpg,0,No DR,0,No DR,True,0.70712787,0.70712787,0.007779093,0.28014186,2.6266232e-05,0.004924959
007-0368-000.jpg,0,No DR,0,No DR,True,0.8996166,0.8996166,0.0039878236,0.09596024,1.0279602e-05,0.00042513016
20170428094434319.jpg,0,No DR,0,No DR,True,0.8522539,0.8522539,0.0009980551,0.14669321,1.324171e-06,5.3487525e-05
20170327102430632.jpg,0,No DR,0,No DR,True,0.8569612,0.8569612,0.0066359807,0.12156708,0.0114777135,0.0033580214
007-0273-000.jpg,0,No DR,0,No DR,True,0.96136636,0.96136636,0.00676728,0.031623896,3.5152927e-05,0.0002072871
20170224212715579.jpg,0,No DR,2,Moderate,False,0.5369824,0.4284574,0.033841755,0.5369824,0.00061905954,9.9380406e-05
007-2768-100.jpg,1,Mild,1,Mild,True,0.9252343,0.008980746,0.9252343,0.06567921,4.2312645e-06,0.00010156468
20170620091948888.jpg,2,Moderate,2,Moderate,True,0.9747053,0.012791901,0.011234827,0.9747053,0.000757754,0.0005102273
007-1593-000.jpg,0,No DR,0,No DR,True,0.8651219,0.8651219,0.113205396,0.021348387,0.0001455462,0.00017880513
20170418112220980.jpg,0,No DR,0,No DR,True,0.59490985,0.59490985,0.16000104,0.2441125,0.0008373737,0.00013927383
20170429213053184.jpg,0,No DR,0,No DR,True,0.94451743,0.94451743,0.0068536433,0.047945354,0.00016723786,0.0005163078
007-1766-100.jpg,2,Moderate,2,Moderate,True,0.63153476,0.061696537,0.2927819,0.63153476,0.008578132,0.00540864
007-5778-300.jpg,2,Moderate,1,Mild,False,0.61967534,0.046469543,0.61967534,0.33076766,0.0027325363,0.0003549067
007-0345-000.jpg,0,No DR,0,No DR,True,0.7567083,0.7567083,0.0222285,0.22008185,0.0003628578,0.00061846187
20170208095718487.jpg,0,No DR,0,No DR,True,0.8737311,0.8737311,0.0028617748,0.123204194,0.00019918509,3.7542218e-06
007-2797-100.jpg,2,Moderate,2,Moderate,True,0.5616258,0.41285327,0.00073799357,0.5616258,0.02387281,0.0009101618
007-6068-300.jpg,2,Moderate,2,Moderate,True,0.69342333,0.29912493,0.0069878157,0.69342333,0.000378017,8.591869e-05
007-7875-601.jpg,0,No DR,0,No DR,True,0.5592736,0.5592736,0.00518082,0.43537584,5.6923404e-06,0.00016404998
007-5933-300.jpg,3,Severe,3,Severe,True,0.9609983,5.630796e-05,1.400961e-05,0.037291873,0.9609983,0.0016395039
007-6273-300.jpg,2,Moderate,2,Moderate,True,0.7211558,0.008504896,0.0005168861,0.7211558,0.25871694,0.011105458
007-5424-300.jpg,2,Moderate,2,Moderate,True,0.92344,0.05313571,0.010965942,0.92344,0.0037570533,0.0087012835
007-5346-300.jpg,2,Moderate,2,Moderate,True,0.93424624,2.3518021e-05,0.005484618,0.93424624,0.058377475,0.0018682517
007-5262-300.jpg,2,Moderate,2,Moderate,True,0.5415462,0.45482868,0.0027972572,0.5415462,0.00017323792,0.000654641
007-3469-200.jpg,2,Moderate,2,Moderate,True,0.77238315,0.06465448,0.095163755,0.77238315,0.060991377,0.0068072597
007-7508-601.jpg,0,No DR,0,No DR,True,0.5813489,0.5813489,0.010428968,0.34801364,0.00028576827,0.05992273
20170227235507961.jpg,0,No DR,0,No DR,True,0.71289,0.71289,0.004907529,0.2774869,0.0045179157,0.00019754985
007-6106-300.jpg,2,Moderate,2,Moderate,True,0.9279513,0.00011093831,1.3763132e-05,0.9279513,0.010639779,0.06128429
007-1215-000.jpg,0,No DR,1,Mild,False,0.53213465,0.43842202,0.53213465,0.02941405,1.5734386e-05,1.3589512e-05
007-5104-300.jpg,2,Moderate,2,Moderate,True,0.89172196,0.00025817595,0.0011697287,0.89172196,0.10386239,0.0029877063
007-3275-100.jpg,1,Mild,2,Moderate,False,0.6835475,0.29694062,0.012571791,0.6835475,0.00014005273,0.00680002
20170408211306958.jpg,0,No DR,2,Moderate,False,0.6588223,0.28970677,0.010229596,0.6588223,0.040289555,0.00095175207
007-0258-000.jpg,0,No DR,0,No DR,True,0.8347557,0.8347557,0.13351391,0.0315985,8.932761e-05,4.2508596e-05
007-1333-000.jpg,0,No DR,0,No DR,True,0.8017726,0.8017726,0.023916598,0.1741648,7.594146e-06,0.00013839784
20170413085306463.jpg,0,No DR,0,No DR,True,0.8132888,0.8132888,0.054478068,0.13220035,1.477452e-05,1.803743e-05
007-5516-300.jpg,2,Moderate,1,Mild,False,0.5094851,0.034966316,0.5094851,0.43444937,0.0012164323,0.019882852
20170224160317500.jpg,0,No DR,0,No DR,True,0.6791428,0.6791428,0.04167157,0.27888247,0.00020010937,0.000103070466
007-0573-000.jpg,0,No DR,0,No DR,True,0.8581588,0.8581588,0.10157352,0.040228095,1.4130312e-05,2.533434e-05
20170226214722834.jpg,0,No DR,1,Mild,False,0.6232854,0.2714101,0.6232854,0.04455532,0.060123563,0.00062552944
20170429212025437.jpg,0,No DR,0,No DR,True,0.9681235,0.9681235,0.008328993,0.017445136,0.0054177637,0.0006846347
007-4339-200.jpg,2,Moderate,4,Proliferative,False,0.54613674,0.0009952079,0.002413257,0.45032474,0.00013003213,0.54613674
20170221195941545.jpg,0,No DR,0,No DR,True,0.9415035,0.9415035,0.025429605,0.033060048,3.5004953e-06,3.3434276e-06
007-5077-300.jpg,2,Moderate,2,Moderate,True,0.8157811,0.030341642,0.12297197,0.8157811,0.03063847,0.0002667957
007-7610-601.jpg,0,No DR,0,No DR,True,0.4968286,0.4968286,0.0034229194,0.45876223,4.909757e-05,0.040937163
007-6298-400.jpg,4,Proliferative,4,Proliferative,True,0.99228716,0.0009678215,0.00073019654,0.003356472,0.0026583597,0.99228716
20170429214540625.jpg,0,No DR,0,No DR,True,0.8770015,0.8770015,0.0018941433,0.08273018,0.0053032762,0.033070877
007-4821-300.jpg,2,Moderate,2,Moderate,True,0.95661145,0.0017498113,0.0003757481,0.95661145,0.0030497846,0.038213138
20170204114729172.jpg,0,No DR,0,No DR,True,0.8111409,0.8111409,0.05139114,0.13563533,0.00024268254,0.0015899945
007-1793-100.jpg,2,Moderate,2,Moderate,True,0.9812682,0.012010057,0.0024943522,0.9812682,0.002832447,0.0013949765
007-4231-200.jpg,2,Moderate,2,Moderate,True,0.4138927,0.0047433707,0.17091057,0.4138927,0.094370686,0.31608272
007-3871-200.jpg,2,Moderate,2,Moderate,True,0.9360164,0.001815601,0.009332675,0.9360164,0.0004724333,0.052362807
20170410135203932.jpg,0,No DR,0,No DR,True,0.7618657,0.7618657,0.020102225,0.21792524,3.176502e-06,0.00010366361
20170428091136164.jpg,0,No DR,0,No DR,True,0.83753955,0.83753955,0.11548433,0.046655968,8.942683e-05,0.00023061779
20170328153751497.jpg,0,No DR,0,No DR,True,0.94251734,0.94251734,0.033876702,0.023580356,1.6773927e-06,2.3898345e-05
007-5342-300.jpg,2,Moderate,2,Moderate,True,0.9421661,0.008939897,0.045292683,0.9421661,0.0035047117,9.660065e-05
007-0565-000.jpg,0,No DR,0,No DR,True,0.7072199,0.7072199,0.0354337,0.25689888,9.052469e-05,0.00035696186
20170430180202271.jpg,0,No DR,0,No DR,True,0.99137384,0.99137384,0.0040213005,0.0045048525,7.046767e-05,2.9575522e-05
007-6157-300.jpg,2,Moderate,2,Moderate,True,0.93758,0.0018862871,0.019916829,0.93758,0.03959827,0.0010185398
007-7241-400.jpg,4,Proliferative,4,Proliferative,True,0.42256153,0.30055088,0.07950216,0.19249628,0.004889152,0.42256153
007-0990-000.jpg,0,No DR,0,No DR,True,0.5964295,0.5964295,0.0009644704,0.40127414,5.628579e-05,0.0012755253
007-2164-100.jpg,1,Mild,1,Mild,True,0.63114154,0.35082424,0.63114154,0.017522702,0.0005056705,5.8719465e-06
007-3330-200.jpg,2,Moderate,2,Moderate,True,0.89429843,0.02973449,0.0069941333,0.89429843,0.0021317387,0.06684116
007-3990-200.jpg,2,Moderate,2,Moderate,True,0.9573478,0.021585608,0.00039919018,0.9573478,0.00012732606,0.020539992
007-4570-200.jpg,2,Moderate,2,Moderate,True,0.8152001,0.004444928,0.0006989783,0.8152001,0.029730484,0.14992549
007-7727-601.jpg,0,No DR,0,No DR,True,0.64457685,0.64457685,0.0014631511,0.35022447,1.1999604e-05,0.0037234598
007-1194-000.jpg,0,No DR,0,No DR,True,0.9341846,0.9341846,0.031975325,0.033372223,0.0003358321,0.0001320934
20170215104327523.jpg,0,No DR,0,No DR,True,0.8225067,0.8225067,0.0041142167,0.16469753,0.004714047,0.0039674854
20170427185948021.jpg,0,No DR,0,No DR,True,0.9443913,0.9443913,0.001168238,0.053803433,0.00043743692,0.00019959785
007-3208-100.jpg,2,Moderate,2,Moderate,True,0.5049869,0.48411682,0.0052270256,0.5049869,2.6931859e-05,0.0056423107
20170203162816155.jpg,0,No DR,0,No DR,True,0.8698733,0.8698733,0.066787906,0.063275665,4.4747263e-05,1.8317995e-05
20170220100625665.jpg,0,No DR,0,No DR,True,0.74514616,0.74514616,0.2278746,0.026933167,2.8489976e-05,1.750826e-05
20170427183624105.jpg,0,No DR,0,No DR,True,0.98728627,0.98728627,0.0024306574,0.0080591375,0.0018889358,0.00033493587
007-1617-000.jpg,0,No DR,0,No DR,True,0.5033365,0.5033365,0.15902491,0.3375874,2.751828e-06,4.841795e-05
20170429212453154.jpg,0,No DR,0,No DR,True,0.9409588,0.9409588,0.0020683785,0.053305116,0.0009730735,0.0026947379
20170331112228243.jpg,0,No DR,0,No DR,True,0.85389197,0.85389197,0.024424305,0.11350533,0.008059037,0.00011943789
20170521093504075.jpg,2,Moderate,2,Moderate,True,0.94221586,0.0026813687,0.00045683206,0.94221586,0.047609873,0.0070360247
007-5031-300.jpg,2,Moderate,2,Moderate,True,0.70865524,0.1693371,0.11841856,0.70865524,0.0016617782,0.0019273249
20170427093014194.jpg,0,No DR,0,No DR,True,0.9109422,0.9109422,0.0036171365,0.08416571,0.00033642576,0.0009385575
20170504101454178.jpg,2,Moderate,0,No DR,False,0.6394267,0.6394267,0.24742773,0.11297542,0.00012766203,4.2489715e-05
007-3552-200.jpg,2,Moderate,2,Moderate,True,0.89072704,0.06577892,0.03837509,0.89072704,6.600082e-05,0.0050530084
007-1048-000.jpg,0,No DR,0,No DR,True,0.6907882,0.6907882,0.12855329,0.18052764,2.2918995e-05,0.00010795788
20170221103227712.jpg,0,No DR,0,No DR,True,0.8715446,0.8715446,0.12016004,0.00827436,3.479495e-06,1.7474731e-05
007-4051-200.jpg,2,Moderate,2,Moderate,True,0.98145217,0.015996749,0.00022937745,0.98145217,0.0001269811,0.002194737
007-5486-300.jpg,2,Moderate,2,Moderate,True,0.9381221,0.04463084,0.016495641,0.9381221,0.00021112335,0.0005403629
20170327140038034.jpg,0,No DR,0,No DR,True,0.739861,0.739861,0.0925785,0.16347839,0.003347953,0.00073414005
007-0037-000.jpg,0,No DR,0,No DR,True,0.8214946,0.8214946,0.076892264,0.10153644,5.4819542e-05,2.196854e-05
20170323101805685.jpg,0,No DR,0,No DR,True,0.89311695,0.89311695,0.08719109,0.019681334,3.925025e-06,6.7002034e-06
007-0121-000.jpg,0,No DR,0,No DR,True,0.46988523,0.46988523,0.17559908,0.35013947,0.002870911,0.0015054117
007-1527-000.jpg,0,No DR,0,No DR,True,0.9112952,0.9112952,0.06903004,0.019634204,3.6729518e-05,3.7798616e-06
007-5103-300.jpg,2,Moderate,2,Moderate,True,0.9865933,0.007441375,0.0009826864,0.9865933,0.0027200473,0.002262632
007-1670-000.jpg,0,No DR,0,No DR,True,0.94128084,0.94128084,0.0021694615,0.056449033,1.1878878e-06,9.945585e-05
20170122162733804.jpg,0,No DR,0,No DR,True,0.9604134,0.9604134,0.0055026226,0.033885244,6.1109095e-05,0.00013757599
20170326081646277.jpg,0,No DR,0,No DR,True,0.9088019,0.9088019,0.0028349184,0.08835109,9.1996264e-07,1.1148617e-05
20170327135922650.jpg,0,No DR,1,Mild,False,0.47380507,0.37504265,0.47380507,0.15090507,0.00011082894,0.00013633961
007-4685-200.jpg,2,Moderate,2,Moderate,True,0.6077983,0.18143946,0.014706782,0.6077983,0.0026844116,0.19337109
20170418103052402.jpg,0,No DR,0,No DR,True,0.8571464,0.8571464,0.013474983,0.12921336,4.1130916e-05,0.00012413807
007-3439-200.jpg,2,Moderate,2,Moderate,True,0.9312899,0.040036388,0.028011905,0.9312899,3.1274233e-06,0.000658622
20170120220143890.jpg,0,No DR,0,No DR,True,0.8726566,0.8726566,0.0008391027,0.125608,0.00062772876,0.0002686198
007-0785-000.jpg,0,No DR,0,No DR,True,0.68664134,0.68664134,0.07207044,0.24080798,0.0003266975,0.00015350251
20170430200759773.jpg,0,No DR,0,No DR,True,0.9889437,0.9889437,0.0010205082,0.009617787,0.0003166521,0.00010133346
20170524102406516.jpg,2,Moderate,2,Moderate,True,0.94549525,0.0029764266,0.0066998894,0.94549525,0.042722832,0.0021056177
20170428161917714.jpg,0,No DR,0,No DR,True,0.89465326,0.89465326,0.0059544086,0.09923896,6.747721e-06,0.00014665644
20170120222210531.jpg,0,No DR,0,No DR,True,0.88504606,0.88504606,0.009442544,0.10548364,1.97572e-05,8.033339e-06
20170408211259022.jpg,0,No DR,0,No DR,True,0.8049945,0.8049945,0.04080959,0.14903204,0.004834942,0.00032885282
007-0229-000.jpg,0,No DR,0,No DR,True,0.9625624,0.9625624,0.0018465489,0.03259464,0.0007009699,0.0022954945
007-2800-100.jpg,2,Moderate,2,Moderate,True,0.6516591,0.20718043,0.13463227,0.6516591,0.0027589034,0.0037693232
007-6744-400.jpg,2,Moderate,4,Proliferative,False,0.5307715,0.0010730608,0.0002442888,0.39768243,0.070228726,0.5307715
20170412203741013.jpg,0,No DR,0,No DR,True,0.94947827,0.94947827,0.049053736,0.0014638858,3.4735797e-06,7.2630706e-07
20170427182323645.jpg,0,No DR,0,No DR,True,0.9411112,0.9411112,0.007870098,0.050344206,0.0006172078,5.7237943e-05
007-4367-200.jpg,2,Moderate,2,Moderate,True,0.62690145,0.09340985,0.2765397,0.62690145,0.00034385207,0.0028051396
007-2750-100.jpg,1,Mild,1,Mild,True,0.56628853,0.24974999,0.56628853,0.18293694,0.0008893786,0.00013516554
007-1182-000.jpg,0,No DR,0,No DR,True,0.7081766,0.7081766,0.03204812,0.25771144,0.0016877872,0.00037607262
007-0975-000.jpg,0,No DR,1,Mild,False,0.45770243,0.43318486,0.45770243,0.104722194,0.0014241242,0.0029663725
20170208145455755.jpg,0,No DR,0,No DR,True,0.7475431,0.7475431,0.23960799,0.012844771,8.066671e-07,3.3223353e-06
007-2000-100.jpg,1,Mild,0,No DR,False,0.76694596,0.76694596,0.007467707,0.22457756,1.5236991e-05,0.0009935591
007-3088-100.jpg,1,Mild,0,No DR,False,0.9244021,0.9244021,0.009459153,0.06612452,2.0500952e-06,1.2168261e-05
20170426092544308.jpg,0,No DR,0,No DR,True,0.8777178,0.8777178,0.06296671,0.055904526,2.4829093e-05,0.0033860824
007-3164-100.jpg,2,Moderate,1,Mild,False,0.88390607,0.001991248,0.88390607,0.11382556,0.00017735948,9.974844e-05
007-3729-200.jpg,2,Moderate,1,Mild,False,0.6744141,0.2709616,0.6744141,0.054394282,0.00020244879,2.7584347e-05
20170210122650436.jpg,0,No DR,0,No DR,True,0.95790493,0.95790493,0.007008903,0.035048563,2.0142688e-06,3.56712e-05
20170622080754353.jpg,2,Moderate,0,No DR,False,0.8382617,0.8382617,0.03082645,0.12960614,0.0012000612,0.00010560936
007-5985-300.jpg,2,Moderate,2,Moderate,True,0.9523587,0.0318761,0.0007900309,0.9523587,0.0018391811,0.013135914
007-5814-300.jpg,2,Moderate,2,Moderate,True,0.9227566,0.064636745,0.001050892,0.9227566,0.010407613,0.0011481257
20170405144225459.jpg,0,No DR,0,No DR,True,0.9169795,0.9169795,0.06578821,0.017123166,4.9622682e-05,5.9594884e-05
20170324092825264.jpg,0,No DR,0,No DR,True,0.9899192,0.9899192,0.0008017787,0.009169743,2.6931768e-06,0.00010659306
20170427184204825.jpg,0,No DR,0,No DR,True,0.95501006,0.95501006,0.022863893,0.02089963,0.0006045268,0.0006217946
20170427083754048.jpg,0,No DR,0,No DR,True,0.84771144,0.84771144,0.14499064,0.0072672875,7.976242e-07,2.9948214e-05
007-4434-200.jpg,2,Moderate,2,Moderate,True,0.83742994,0.1563354,0.0009541734,0.83742994,0.0010228951,0.004257669
20170203161008388.jpg,0,No DR,1,Mild,False,0.5674847,0.41489467,0.5674847,0.017590273,4.6086984e-06,2.5825804e-05
007-4814-300.jpg,2,Moderate,2,Moderate,True,0.76563984,0.09457895,0.00059451524,0.76563984,0.11263,0.026556678
007-0480-000.jpg,0,No DR,0,No DR,True,0.8552993,0.8552993,0.0013165113,0.13512489,0.0060732914,0.0021859782
20170427181653025.jpg,0,No DR,0,No DR,True,0.9565279,0.9565279,0.00077832345,0.028286869,0.01171316,0.0026937234
20170401171718466.jpg,0,No DR,0,No DR,True,0.7789719,0.7789719,0.047450498,0.17133941,0.0011671598,0.0010710716
20170414155613593.jpg,0,No DR,0,No DR,True,0.89406395,0.89406395,0.07986531,0.026047444,4.788754e-06,1.8486067e-05
007-3447-200.jpg,3,Severe,2,Moderate,False,0.59816206,1.0702629e-05,3.0138894e-05,0.59816206,0.36676618,0.035030913
007-7140-400.jpg,4,Proliferative,4,Proliferative,True,0.9997452,5.1249666e-05,1.0501922e-05,0.00010684709,8.614422e-05,0.9997452
007-7061-400.jpg,4,Proliferative,4,Proliferative,True,0.99959666,5.1502146e-05,1.9592186e-05,0.00019283225,0.00013947414,0.99959666
20170331082121975.jpg,0,No DR,0,No DR,True,0.94578445,0.94578445,0.017703084,0.036500882,2.9521718e-06,8.5200745e-06
20170602085038408.jpg,2,Moderate,1,Mild,False,0.79368585,0.17522815,0.79368585,0.031060131,9.71779e-06,1.6131717e-05
007-2203-100.jpg,0,No DR,0,No DR,True,0.84811383,0.84811383,0.0014352913,0.14176726,6.686022e-05,0.008616722
007-6560-400.jpg,4,Proliferative,4,Proliferative,True,0.99173427,0.0006155912,0.00052790187,0.0070434255,7.888003e-05,0.99173427
007-4041-200.jpg,2,Moderate,2,Moderate,True,0.95505726,0.01943924,0.0021472082,0.95505726,0.0053243088,0.01803193
007-0363-000.jpg,0,No DR,0,No DR,True,0.8380339,0.8380339,0.14170173,0.020262258,6.70381e-07,1.394017e-06
007-2274-100.jpg,0,No DR,0,No DR,True,0.54476917,0.54476917,0.043530498,0.40070915,1.0062329e-05,0.010981082
20170407152501068.jpg,0,No DR,0,No DR,True,0.4911937,0.4911937,0.41368613,0.09508663,1.7693608e-06,3.180086e-05
007-3453-200.jpg,2,Moderate,2,Moderate,True,0.80312765,0.000982834,0.0031854059,0.80312765,0.00019153161,0.19251254
007-0290-000.jpg,0,No DR,0,No DR,True,0.9533056,0.9533056,0.00027904194,0.04396974,0.00069001265,0.0017556034
20170225144731690.jpg,0,No DR,0,No DR,True,0.527965,0.527965,0.19030122,0.2807837,0.0007959722,0.00015408054
20170621140654111.jpg,2,Moderate,0,No DR,False,0.625186,0.625186,0.0027491676,0.36674282,0.0013549639,0.0039670174
20170226204126538.jpg,0,No DR,1,Mild,False,0.47186896,0.4055687,0.47186896,0.12108267,0.001159938,0.00031974076
007-4796-300.jpg,2,Moderate,2,Moderate,True,0.6050992,0.35766834,0.024898257,0.6050992,0.001000954,0.011333177
20170526174103361.jpg,2,Moderate,2,Moderate,True,0.77757096,0.17417823,0.008602006,0.77757096,0.037889943,0.001758887
20170418135336394.jpg,0,No DR,2,Moderate,False,0.57304764,0.30412948,0.12184533,0.57304764,0.00023945302,0.00073807524
007-6838-400.jpg,4,Proliferative,4,Proliferative,True,0.9981489,0.00040197402,0.00019262696,0.0010191608,0.0002373973,0.9981489
20170428120034061.jpg,0,No DR,0,No DR,True,0.88486594,0.88486594,0.0012130341,0.1136185,1.907982e-05,0.00028344506
007-5061-300.jpg,2,Moderate,2,Moderate,True,0.99053127,0.00023017297,0.00075572764,0.99053127,0.007527207,0.00095571653
007-4726-200.jpg,2,Moderate,2,Moderate,True,0.95731354,0.003534023,0.0021147036,0.95731354,0.0001522119,0.036885533
20170208144810326.jpg,0,No DR,0,No DR,True,0.58755666,0.58755666,0.005228439,0.40689954,0.0001701861,0.00014514093
007-7798-601.jpg,0,No DR,0,No DR,True,0.52674687,0.52674687,0.0020062244,0.47066227,3.153234e-06,0.0005814333
20170426091057920.jpg,0,No DR,1,Mild,False,0.49117312,0.4647474,0.49117312,0.044007096,2.0766698e-05,5.169814e-05
20170410162034639.jpg,0,No DR,0,No DR,True,0.83078605,0.83078605,0.023745839,0.14545937,4.567175e-06,4.1221106e-06
20170427094003039.jpg,0,No DR,0,No DR,True,0.97871464,0.97871464,0.0015174646,0.019760164,6.758583e-07,7.100895e-06
20170120223336407.jpg,0,No DR,0,No DR,True,0.76735395,0.76735395,0.14550692,0.08706334,9.823608e-06,6.591678e-05
20170330153711496.jpg,0,No DR,0,No DR,True,0.88011646,0.88011646,0.040850844,0.07887485,5.95211e-05,9.827279e-05
20170408075831962.jpg,0,No DR,0,No DR,True,0.5414395,0.5414395,0.26096293,0.19741978,0.00012416183,5.3732172e-05
007-5655-300.jpg,2,Moderate,2,Moderate,True,0.96452355,0.015004455,0.019572427,0.96452355,9.019477e-05,0.0008093528
20170612084520577.jpg,2,Moderate,0,No DR,False,0.8143779,0.8143779,0.008218899,0.1771032,9.712442e-06,0.00029031403
007-2437-100.jpg,2,Moderate,1,Mild,False,0.96488667,0.01439415,0.96488667,0.020586181,6.4298447e-06,0.0001266062
007-2204-100.jpg,0,No DR,2,Moderate,False,0.58801174,0.40808925,0.0032539603,0.58801174,0.000435253,0.00020977131
007-0448-000.jpg,0,No DR,0,No DR,True,0.9427406,0.9427406,0.010645464,0.046504926,1.0274702e-05,9.8699194e-05
20170214145510533.jpg,0,No DR,0,No DR,True,0.5377072,0.5377072,0.07585871,0.38123405,0.00021338464,0.0049865753
20170609152452421.jpg,2,Moderate,0,No DR,False,0.74215364,0.74215364,0.04269324,0.21395367,0.00084375415,0.00035562966
007-3169-100.jpg,1,Mild,1,Mild,True,0.9671476,0.0008376644,0.9671476,0.030802444,0.0005993933,0.00061292027
20170427185548872.jpg,0,No DR,0,No DR,True,0.95268947,0.95268947,0.00013628346,0.044660117,0.0018850743,0.0006290362
20170206143555635.jpg,0,No DR,0,No DR,True,0.55257523,0.55257523,0.0004536817,0.4465597,4.036832e-05,0.00037104776
007-2333-100.jpg,1,Mild,1,Mild,True,0.8952206,0.07713257,0.8952206,0.027299931,6.129913e-05,0.00028566574
007-0112-000.jpg,0,No DR,0,No DR,True,0.5604061,0.5604061,0.35257033,0.08681335,6.376308e-05,0.00014643323
007-0944-000.jpg,0,No DR,0,No DR,True,0.812862,0.812862,0.015217349,0.1712788,3.367489e-05,0.00060829095
007-1180-000.jpg,0,No DR,0,No DR,True,0.55773133,0.55773133,0.12291628,0.3193298,1.0649381e-05,1.1931291e-05
20170609165742369.jpg,2,Moderate,1,Mild,False,0.7727163,0.08341373,0.7727163,0.14337745,5.2348052e-05,0.0004401513
007-0925-000.jpg,0,No DR,0,No DR,True,0.8869057,0.8869057,0.021631729,0.09031021,0.0003034665,0.0008488678
007-3213-100.jpg,1,Mild,0,No DR,False,0.5847255,0.5847255,0.12214161,0.29154068,0.0011351192,0.0004571332
20170226214815940.jpg,0,No DR,0,No DR,True,0.7875781,0.7875781,0.17460653,0.037375838,0.00017172046,0.00026783434
20170331095408156.jpg,0,No DR,0,No DR,True,0.9348277,0.9348277,0.038540263,0.026337903,0.00010120628,0.00019296346
007-5165-300.jpg,2,Moderate,2,Moderate,True,0.95467925,0.0009264507,0.036762636,0.95467925,0.0054111104,0.0022205794
007-1973-100.jpg,2,Moderate,2,Moderate,True,0.75571275,0.06373442,0.17048249,0.75571275,0.0009914855,0.009078829
20170410090018363.jpg,0,No DR,0,No DR,True,0.7771078,0.7771078,0.07699326,0.145769,8.170562e-05,4.8234324e-05
20170429211004089.jpg,0,No DR,0,No DR,True,0.98330635,0.98330635,0.0062192017,0.00891775,0.0008483532,0.0007083263
20170323080443882.jpg,0,No DR,0,No DR,True,0.8788754,0.8788754,0.0010989212,0.11709775,0.00034645514,0.0025814306
007-0422-000.jpg,0,No DR,0,No DR,True,0.7698042,0.7698042,0.0022788912,0.2272297,4.7646852e-05,0.00063958653
007-2809-100.jpg,1,Mild,1,Mild,True,0.4324954,0.20740733,0.4324954,0.356858,0.0010356692,0.0022036415
007-4115-200.jpg,2,Moderate,2,Moderate,True,0.76365286,5.1966654e-05,0.00010505965,0.76365286,0.037391175,0.198799
20170429225351324.jpg,0,No DR,0,No DR,True,0.9416599,0.9416599,0.027253836,0.028137624,0.0020761502,0.00087239256
20170426134444480.jpg,0,No DR,2,Moderate,False,0.48407626,0.4040261,0.108752236,0.48407626,0.0026192744,0.00052614347
20170120223723847.jpg,0,No DR,0,No DR,True,0.80435014,0.80435014,0.07259325,0.11354059,0.0038407648,0.0056751673
20170226232930828.jpg,0,No DR,0,No DR,True,0.8914025,0.8914025,0.0013132684,0.107035026,4.0307295e-05,0.00020886467
20170412110652874.jpg,0,No DR,0,No DR,True,0.72121567,0.72121567,0.07780469,0.20090263,4.3240943e-05,3.3773053e-05
20170605153408762.jpg,2,Moderate,2,Moderate,True,0.6007733,0.06848357,0.31967494,0.6007733,0.011056141,1.2047924e-05
20170408225650220.jpg,0,No DR,0,No DR,True,0.85113484,0.85113484,0.021369234,0.12725675,5.7391524e-05,0.00018180672
007-3280-200.jpg,2,Moderate,2,Moderate,True,0.742765,0.20891699,0.0062076375,0.742765,0.0048704725,0.037239928
007-1557-000.jpg,0,No DR,0,No DR,True,0.8757529,0.8757529,0.029977674,0.09415752,9.624062e-05,1.5652091e-05
007-4311-200.jpg,2,Moderate,2,Moderate,True,0.56852555,0.35998723,0.06501869,0.56852555,0.0029634363,0.003505107
20170424100139375.jpg,0,No DR,0,No DR,True,0.8802717,0.8802717,0.07973575,0.03993951,7.078886e-06,4.5911558e-05
20170427204510897.jpg,0,No DR,0,No DR,True,0.84142375,0.84142375,0.010495623,0.1479984,4.595424e-05,3.624486e-05
007-3025-100.jpg,2,Moderate,2,Moderate,True,0.69163036,0.30634663,0.0009302475,0.69163036,3.4291752e-06,0.0010893825
007-2352-100.jpg,0,No DR,1,Mild,False,0.93923664,0.049799077,0.93923664,0.010919103,1.2979108e-05,3.214107e-05
007-4176-200.jpg,2,Moderate,2,Moderate,True,0.7653622,0.15518896,0.019820392,0.7653622,0.0063259946,0.053302433
20170215224559176.jpg,0,No DR,0,No DR,True,0.6045775,0.6045775,0.33592114,0.05904257,0.0002571183,0.00020175868
20170429204156044.jpg,0,No DR,0,No DR,True,0.95933986,0.95933986,0.0017321728,0.03788071,0.0007576557,0.00028971734
20170324092623566.jpg,0,No DR,0,No DR,True,0.9602286,0.9602286,0.0012737992,0.03815346,1.9771078e-05,0.0003242614
20170503083257799.jpg,2,Moderate,0,No DR,False,0.74901414,0.74901414,0.02307675,0.22748119,0.00023898059,0.00018891873
007-5698-300.jpg,3,Severe,3,Severe,True,0.8143937,0.001964966,0.00012372143,0.18247108,0.8143937,0.0010465287
20170509162056348.jpg,2,Moderate,2,Moderate,True,0.8929417,0.09596403,0.00104919,0.8929417,0.009597016,0.0004480943
20170627160643234.jpg,2,Moderate,2,Moderate,True,0.5223679,0.30988762,0.16736054,0.5223679,0.00034752281,3.643524e-05
007-8152-601.jpg,0,No DR,1,Mild,False,0.49678382,0.44812408,0.49678382,0.054443322,1.1200058e-05,0.0006376269
007-0079-000.jpg,0,No DR,1,Mild,False,0.5402572,0.38276413,0.5402572,0.07692984,2.9795001e-05,1.9076548e-05
007-1136-000.jpg,0,No DR,0,No DR,True,0.49584773,0.49584773,0.27972543,0.21822357,2.4576831e-05,0.0061786915
007-4282-200.jpg,2,Moderate,2,Moderate,True,0.9668401,0.0016365073,0.01687193,0.9668401,0.013407943,0.0012435487
007-2585-100.jpg,2,Moderate,0,No DR,False,0.4731023,0.4731023,0.1051881,0.41868722,0.0015295518,0.0014927795
20170609193335986.jpg,2,Moderate,2,Moderate,True,0.52223,0.46974412,0.0057658837,0.52223,0.0018046238,0.00045535184
007-3115-100.jpg,0,No DR,2,Moderate,False,0.525855,0.46637002,0.0065818815,0.525855,8.527588e-06,0.0011846308
20170323095327323.jpg,0,No DR,0,No DR,True,0.97097474,0.97097474,0.0038913933,0.023224842,0.0006066636,0.0013024507
20170429211108816.jpg,0,No DR,0,No DR,True,0.9921821,0.9921821,0.00057344395,0.0066924277,0.00047133586,8.0636055e-05
20170327150751478.jpg,0,No DR,0,No DR,True,0.6336113,0.6336113,0.018917875,0.34192947,0.00011874344,0.0054225377
007-2988-100.jpg,1,Mild,3,Severe,False,0.4455405,0.04752989,0.059085153,0.28085992,0.4455405,0.16698451
20170607161021590.jpg,2,Moderate,2,Moderate,True,0.95696414,0.0013178809,0.00015912323,0.95696414,0.041341104,0.00021773246
20170511154953819.jpg,2,Moderate,0,No DR,False,0.5703505,0.5703505,0.1992396,0.23039344,8.53042e-06,7.913726e-06
20170223115112397.jpg,0,No DR,0,No DR,True,0.7124275,0.7124275,0.07031132,0.2168511,0.00016166281,0.0002483933
007-0009-000.jpg,0,No DR,1,Mild,False,0.5243148,0.41332552,0.5243148,0.062000774,0.00023287116,0.00012608137
007-6748-400.jpg,4,Proliferative,4,Proliferative,True,0.7452899,0.00019748922,0.00014419286,0.076487176,0.17788123,0.7452899
007-5625-300.jpg,4,Proliferative,4,Proliferative,True,0.6675917,0.0002607428,0.00013455146,0.061404012,0.27060902,0.6675917
007-2421-100.jpg,2,Moderate,2,Moderate,True,0.51923287,0.20749512,0.27250388,0.51923287,0.00047177172,0.00029631233
20170404145113686.jpg,0,No DR,0,No DR,True,0.7213833,0.7213833,0.13803256,0.14027719,0.0001684152,0.00013854222
20170328153647268.jpg,0,No DR,0,No DR,True,0.63976747,0.63976747,0.253419,0.10673051,2.7495827e-05,5.553849e-05
20170429210208453.jpg,0,No DR,0,No DR,True,0.9403451,0.9403451,0.011449113,0.04652232,0.0015544952,0.00012901919
007-4998-300.jpg,2,Moderate,1,Mild,False,0.37549898,0.0031854312,0.37549898,0.34955963,0.0018704551,0.2698855
007-6923-400.jpg,4,Proliferative,4,Proliferative,True,0.9943368,0.002972942,0.0004593887,0.0020079764,0.00022291497,0.9943368
20170619152223858.jpg,2,Moderate,2,Moderate,True,0.9752535,0.015704604,0.003443038,0.9752535,0.0040883776,0.0015105404
20170417105037844.jpg,0,No DR,0,No DR,True,0.856455,0.856455,0.07601909,0.06709146,0.00033148975,0.00010293526
007-5489-300.jpg,2,Moderate,2,Moderate,True,0.7284435,0.007833921,0.23676687,0.7284435,0.022081833,0.0048738364
20170404145018838.jpg,0,No DR,0,No DR,True,0.8210714,0.8210714,0.066970445,0.11171485,0.00022129825,2.1974547e-05
007-1396-000.jpg,0,No DR,0,No DR,True,0.4797032,0.4797032,0.24813803,0.27107993,0.00051023124,0.0005686013
20170227092138032.jpg,0,No DR,0,No DR,True,0.9411305,0.9411305,0.0047371644,0.054030858,5.803447e-07,0.00010080865
20170420095437692.jpg,0,No DR,0,No DR,True,0.92701286,0.92701286,0.04285258,0.030090189,1.085747e-06,4.3268425e-05
007-7237-400.jpg,4,Proliferative,4,Proliferative,True,0.997246,0.0011705896,0.00021138329,0.0012271506,0.00014476545,0.997246
20170327105803591.jpg,0,No DR,0,No DR,True,0.8184465,0.8184465,0.011630995,0.16921933,0.00044509643,0.00025806163
007-4798-300.jpg,2,Moderate,2,Moderate,True,0.73789907,0.008311167,0.0025598793,0.73789907,0.24544892,0.005781006
007-4976-300.jpg,2,Moderate,2,Moderate,True,0.69431037,0.2861493,0.014497854,0.69431037,0.0002530964,0.004789414
007-6702-400.jpg,4,Proliferative,2,Moderate,False,0.7440946,0.00027899115,3.1221414e-05,0.7440946,0.010083175,0.24551201
20170512230427333.jpg,2,Moderate,2,Moderate,True,0.44904655,0.33656785,0.20645618,0.44904655,0.0071283667,0.0008011157
007-6316-400.jpg,4,Proliferative,4,Proliferative,True,0.9248214,0.0043804967,0.0019053341,0.052353386,0.016539535,0.9248214
007-0160-000.jpg,0,No DR,0,No DR,True,0.892933,0.892933,0.07726401,0.029783092,1.0892687e-06,1.870868e-05
007-4263-200.jpg,2,Moderate,2,Moderate,True,0.9153676,0.04879821,0.032330193,0.9153676,0.002016051,0.0014878717
007-3085-100.jpg,0,No DR,0,No DR,True,0.82051384,0.82051384,0.0047004283,0.17468749,2.5419868e-06,9.5672876e-05
007-1551-000.jpg,0,No DR,0,No DR,True,0.53246045,0.53246045,0.0016201397,0.4596247,0.00075142994,0.005543266
007-6666-400.jpg,4,Proliferative,1,Mild,False,0.5075336,0.31540105,0.5075336,0.10292058,0.00025365985,0.07389104
20170401090207661.jpg,0,No DR,0,No DR,True,0.76082903,0.76082903,0.04175183,0.19734336,1.780818e-05,5.7999394e-05
007-7223-400.jpg,4,Proliferative,4,Proliferative,True,0.94199514,0.0023963111,0.0016549841,0.053416234,0.00053717475,0.94199514
007-3095-100.jpg,1,Mild,1,Mild,True,0.7743923,0.04526242,0.7743923,0.16644576,0.0004560693,0.013443395
007-4400-200.jpg,2,Moderate,2,Moderate,True,0.9843264,0.01468862,3.1756554e-05,0.9843264,0.0003891438,0.0005640838
007-6874-400.jpg,4,Proliferative,4,Proliferative,True,0.9840149,2.1884718e-05,3.4690972e-06,0.015441387,0.0005182907,0.9840149
007-6211-300.jpg,2,Moderate,2,Moderate,True,0.9052971,0.02906089,0.026084052,0.9052971,0.0108651295,0.028692832
007-3068-100.jpg,1,Mild,0,No DR,False,0.47902367,0.47902367,0.12753348,0.3933449,7.069895e-05,2.732332e-05
007-6971-400.jpg,4,Proliferative,4,Proliferative,True,0.9927112,0.00013255025,2.7500735e-05,0.0029362454,0.004192532,0.9927112
20170327103858459.jpg,0,No DR,0,No DR,True,0.96101594,0.96101594,0.00040174444,0.037303936,0.00017595946,0.0011023775
007-3686-200.jpg,2,Moderate,2,Moderate,True,0.9424468,0.014185714,0.00041170957,0.9424468,0.0038212088,0.039134506
20170428090925245.jpg,0,No DR,2,Moderate,False,0.47983736,0.43074584,0.08691665,0.47983736,0.001648293,0.00085178367
007-5428-300.jpg,2,Moderate,2,Moderate,True,0.6997739,0.1981267,0.09020917,0.6997739,0.0017099612,0.010180285
007-1964-100.jpg,0,No DR,1,Mild,False,0.7611766,0.18894516,0.7611766,0.04977329,7.099852e-05,3.4039127e-05
007-4582-200.jpg,2,Moderate,2,Moderate,True,0.9797157,0.00047208514,0.0021258455,0.9797157,0.00086468545,0.016821625
007-2991-100.jpg,2,Moderate,2,Moderate,True,0.9647768,0.02398299,0.00046085802,0.9647768,5.8163754e-05,0.010721173
007-6783-400.jpg,4,Proliferative,4,Proliferative,True,0.99210465,0.0007245988,0.0007008674,0.005743186,0.00072667416,0.99210465
20170429200502952.jpg,0,No DR,0,No DR,True,0.98381746,0.98381746,0.0006516091,0.014647713,0.0007038658,0.00017931183
007-7005-400.jpg,4,Proliferative,2,Moderate,False,0.5922822,0.2582753,0.001208992,0.5922822,0.0006094879,0.14762408
007-6615-400.jpg,4,Proliferative,3,Severe,False,0.4889288,0.000102471204,0.0004540643,0.13623616,0.4889288,0.3742786
007-6504-400.jpg,4,Proliferative,2,Moderate,False,0.9289744,0.0008437633,0.00010102632,0.9289744,0.0022824733,0.0677984
20170427182059997.jpg,0,No DR,0,No DR,True,0.90816724,0.90816724,0.003946919,0.08126052,0.006077055,0.0005482938
007-6467-400.jpg,4,Proliferative,4,Proliferative,True,0.99642986,2.2386117e-05,6.6688667e-06,0.0017619735,0.0017792884,0.99642986
007-6978-400.jpg,4,Proliferative,4,Proliferative,True,0.82265085,0.059150666,0.0038718332,0.112100035,0.0022266025,0.82265085
20170208102043208.jpg,0,No DR,0,No DR,True,0.82769084,0.82769084,0.0049695107,0.16732328,4.29143e-06,1.1993105e-05
20170511113811780.jpg,2,Moderate,1,Mild,False,0.9350778,0.02482171,0.9350778,0.038633507,0.0011787872,0.0002882352
20170208174537830.jpg,0,No DR,0,No DR,True,0.86380357,0.86380357,0.11309365,0.023053924,3.4879187e-05,1.4029493e-05
007-0603-000.jpg,0,No DR,0,No DR,True,0.76572895,0.76572895,0.14699064,0.0867325,0.0002884918,0.000259445
007-6462-400.jpg,4,Proliferative,4,Proliferative,True,0.99146855,0.00011829307,0.00015653721,0.0015252508,0.0067313877,0.99146855
007-7298-601.jpg,0,No DR,0,No DR,True,0.58505327,0.58505327,0.00080234616,0.40568164,1.0594424e-05,0.008452196
007-4211-200.jpg,2,Moderate,2,Moderate,True,0.93839496,0.02021133,0.037325855,0.93839496,0.0014666483,0.0026012314
007-4742-200.jpg,2,Moderate,0,No DR,False,0.53515697,0.53515697,0.006848548,0.4537734,0.002634514,0.001586621
20170215164839770.jpg,0,No DR,0,No DR,True,0.79255986,0.79255986,0.0005540275,0.20504153,0.00057927566,0.0012653762
007-0260-000.jpg,0,No DR,0,No DR,True,0.8381768,0.8381768,0.00078173017,0.16083434,7.3190467e-06,0.00019983282
007-5112-300.jpg,2,Moderate,1,Mild,False,0.6721546,0.032591574,0.6721546,0.29470208,0.0005140354,3.7720634e-05
007-4537-200.jpg,2,Moderate,2,Moderate,True,0.67872596,0.0020619761,0.0001322278,0.67872596,0.0029347925,0.3161451
20170327094324636.jpg,0,No DR,0,No DR,True,0.6479295,0.6479295,0.3379054,0.014058771,3.33104e-05,7.299206e-05
20170425180850064.jpg,0,No DR,0,No DR,True,0.72891384,0.72891384,0.029163562,0.24119234,0.0005789375,0.00015132294
007-5942-300.jpg,2,Moderate,2,Moderate,True,0.82907975,0.0012563826,0.13499509,0.82907975,0.034509394,0.00015941504
007-8331-602.jpg,0,No DR,2,Moderate,False,0.5242697,0.34818596,0.001739833,0.5242697,0.00080779067,0.12499672
007-3694-200.jpg,2,Moderate,2,Moderate,True,0.76360744,0.06250287,0.0007107544,0.76360744,0.16281827,0.010360675
20170615110729147.jpg,2,Moderate,1,Mild,False,0.8235086,0.047946546,0.8235086,0.12413385,0.003764943,0.00064611953
007-2860-100.jpg,2,Moderate,0,No DR,False,0.5445579,0.5445579,0.0071678576,0.4315525,0.00023697031,0.016484745
20170324085147957.jpg,0,No DR,0,No DR,True,0.6925176,0.6925176,0.26239237,0.04400521,0.0009882044,9.666166e-05
007-3928-200.jpg,2,Moderate,2,Moderate,True,0.88282466,0.02468727,0.03672201,0.88282466,0.001951744,0.053814363
007-1281-000.jpg,0,No DR,0,No DR,True,0.70908034,0.70908034,0.017940339,0.21554929,0.00011039921,0.057319675
007-2645-100.jpg,2,Moderate,2,Moderate,True,0.92210156,0.006144966,0.06110647,0.92210156,0.00936259,0.0012843561
20170206083214443.jpg,0,No DR,0,No DR,True,0.9393867,0.9393867,0.008409831,0.05077537,0.000121856545,0.0013061977
007-5213-300.jpg,2,Moderate,2,Moderate,True,0.935998,0.05068709,0.00661922,0.935998,0.00044256504,0.0062531577
007-1121-000.jpg,0,No DR,0,No DR,True,0.79150224,0.79150224,0.0944264,0.11393626,6.597332e-06,0.00012852678
007-0973-000.jpg,0,No DR,0,No DR,True,0.8833504,0.8833504,0.012496522,0.10395357,1.4254891e-05,0.00018521707
20170408222007842.jpg,0,No DR,0,No DR,True,0.9072224,0.9072224,0.010050822,0.08249544,0.00014172023,8.967794e-05
007-0357-000.jpg,0,No DR,0,No DR,True,0.8772403,0.8772403,0.0015280758,0.121070065,1.687466e-06,0.00015989746
20170408225045401.jpg,0,No DR,0,No DR,True,0.9160059,0.9160059,0.00058592146,0.08187276,0.00041693292,0.0011184518
20170527183642236.jpg,2,Moderate,2,Moderate,True,0.4121145,0.40317288,0.17586529,0.4121145,0.00860137,0.00024593793
007-0153-000.jpg,0,No DR,0,No DR,True,0.90906775,0.90906775,0.06077056,0.03005191,1.5818317e-05,9.391445e-05
20170330222644867.jpg,0,No DR,0,No DR,True,0.8063139,0.8063139,0.15261152,0.04106976,2.5978156e-06,2.2931197e-06
20170330153520843.jpg,0,No DR,0,No DR,True,0.93717486,0.93717486,0.0045851353,0.058229588,4.7520953e-06,5.6710055e-06
20170410143909882.jpg,0,No DR,0,No DR,True,0.6005765,0.6005765,0.28904024,0.11036329,7.167146e-06,1.2781999e-05
20170516163623154.jpg,2,Moderate,1,Mild,False,0.466072,0.34480977,0.466072,0.18161322,0.00040500393,0.0071000154
007-0842-000.jpg,0,No DR,0,No DR,True,0.83486176,0.83486176,0.13024916,0.03482288,3.156375e-05,3.462024e-05
007-2252-100.jpg,2,Moderate,2,Moderate,True,0.511009,0.0057746796,0.4792187,0.511009,0.0036007739,0.0003969036
007-7180-400.jpg,4,Proliferative,4,Proliferative,True,0.9137082,0.002098963,0.000121350175,0.08103,0.0030415095,0.9137082
20170326081652962.jpg,0,No DR,0,No DR,True,0.84747285,0.84747285,0.11315212,0.039321247,4.332019e-05,1.0513642e-05
007-7184-400.jpg,4,Proliferative,4,Proliferative,True,0.9913322,0.00010458757,0.00035735426,0.008000724,0.00020517931,0.9913322
007-2573-100.jpg,0,No DR,2,Moderate,False,0.39874706,0.2698924,0.2533756,0.39874706,0.004158098,0.07382683
20170430201007090.jpg,0,No DR,0,No DR,True,0.8765622,0.8765622,0.0030246642,0.11986767,0.0002969939,0.00024853088
20170618202047811.jpg,2,Moderate,1,Mild,False,0.68587786,0.18428962,0.68587786,0.12911338,0.00069671206,2.2452496e-05
20170430200001876.jpg,0,No DR,0,No DR,True,0.7953408,0.7953408,0.009105431,0.1943891,0.00083575456,0.00032887704
007-1192-000.jpg,0,No DR,1,Mild,False,0.89410836,0.026730865,0.89410836,0.078318596,0.00077682105,6.535232e-05
20170217105826821.jpg,0,No DR,0,No DR,True,0.69559115,0.69559115,0.2791606,0.025243867,2.0585912e-06,2.3381326e-06
007-0297-000.jpg,0,No DR,0,No DR,True,0.9778129,0.9778129,0.006174836,0.0153543465,0.0004964616,0.00016144147
007-6882-400.jpg,4,Proliferative,2,Moderate,False,0.86288136,0.020975923,0.0018247896,0.86288136,0.00045718343,0.11386084
007-4533-200.jpg,2,Moderate,2,Moderate,True,0.97837764,0.010535884,0.00871952,0.97837764,3.3109874e-05,0.0023338783
20170207084355189.jpg,0,No DR,0,No DR,True,0.8399447,0.8399447,0.0051811514,0.15470836,0.0001446389,2.1124535e-05
007-0518-000.jpg,0,No DR,0,No DR,True,0.972031,0.972031,0.0005803293,0.026855955,0.00017218792,0.0003605765
007-2013-100.jpg,1,Mild,0,No DR,False,0.9320916,0.9320916,0.0010158297,0.06681302,7.680227e-06,7.1945025e-05
007-1835-100.jpg,1,Mild,0,No DR,False,0.6147507,0.6147507,0.22991121,0.15523133,2.191781e-05,8.484002e-05
007-8456-603.jpg,2,Moderate,2,Moderate,True,0.92375845,0.009661247,0.00022625165,0.92375845,4.2663894e-05,0.06631138
20170517105302723.jpg,2,Moderate,3,Severe,False,0.7320395,0.03476215,0.0012606479,0.22579598,0.7320395,0.0061417287
007-4594-200.jpg,2,Moderate,2,Moderate,True,0.89718133,0.013794635,0.056844253,0.89718133,0.006595035,0.02558468
007-4136-200.jpg,2,Moderate,2,Moderate,True,0.9601131,0.01359329,0.004126926,0.9601131,0.0010121197,0.021154601
007-3070-100.jpg,2,Moderate,2,Moderate,True,0.6092077,0.064099796,0.31893533,0.6092077,0.003607548,0.0041496437
20170429203519271.jpg,0,No DR,0,No DR,True,0.84431535,0.84431535,0.008024912,0.14579007,0.00092710037,0.00094257615
20170627192035083.jpg,1,Mild,2,Moderate,False,0.6377573,0.008100337,0.30168006,0.6377573,0.05219451,0.0002677391
20170411141618642.jpg,0,No DR,0,No DR,True,0.76182103,0.76182103,0.03569097,0.20198187,4.612185e-05,0.0004600445
007-6103-300.jpg,2,Moderate,2,Moderate,True,0.9950355,0.00026744325,9.398e-06,0.9950355,0.00024194526,0.004445711
20170324090522483.jpg,0,No DR,0,No DR,True,0.8258428,0.8258428,0.035245974,0.13886209,7.659201e-06,4.1584433e-05
007-3994-200.jpg,2,Moderate,0,No DR,False,0.48910102,0.48910102,0.021753684,0.48556945,0.00075850997,0.002817329
007-2343-100.jpg,1,Mild,1,Mild,True,0.51861435,0.37750503,0.51861435,0.10307304,0.00080057385,7.052598e-06
007-6197-300.jpg,2,Moderate,1,Mild,False,0.7397234,0.084237546,0.7397234,0.13584419,0.034923334,0.0052716043
007-6376-400.jpg,4,Proliferative,2,Moderate,False,0.6149339,9.386346e-05,8.536347e-05,0.6149339,0.12680455,0.25808233
20170217154756331.jpg,0,No DR,1,Mild,False,0.99767286,0.0016771468,0.99767286,0.0006215954,2.5363943e-05,3.0845492e-06
20170324144304719.jpg,0,No DR,0,No DR,True,0.6118596,0.6118596,0.04024689,0.34688115,9.0820904e-05,0.0009214873
007-1957-100.jpg,2,Moderate,0,No DR,False,0.41365442,0.41365442,0.24774782,0.33749402,0.00091425865,0.00018952147
20170430202442721.jpg,0,No DR,0,No DR,True,0.98254126,0.98254126,0.009914115,0.0070094876,0.0004576207,7.757049e-05
007-5836-300.jpg,2,Moderate,2,Moderate,True,0.9050419,0.08863498,0.0052602366,0.9050419,9.2257265e-05,0.0009706135
20170429200829964.jpg,0,No DR,0,No DR,True,0.9435494,0.9435494,0.00061960024,0.054396834,0.00047477614,0.0009593532
20170614103846161.jpg,3,Severe,3,Severe,True,0.97061586,2.9689243e-05,1.6433496e-05,0.021132434,0.97061586,0.008205559
007-4309-200.jpg,2,Moderate,2,Moderate,True,0.7364646,0.034300365,0.14579432,0.7364646,0.018956637,0.06448407
007-4584-200.jpg,2,Moderate,2,Moderate,True,0.9695858,0.017631387,0.0006623502,0.9695858,0.008329367,0.0037911413
20170429211535495.jpg,0,No DR,0,No DR,True,0.8782606,0.8782606,0.0011457577,0.11063386,0.0046136626,0.0053461776
20170120221816237.jpg,0,No DR,0,No DR,True,0.91930646,0.91930646,0.04151019,0.039021134,6.324479e-05,9.900753e-05
007-2732-100.jpg,2,Moderate,2,Moderate,True,0.7255283,0.23268342,0.016113682,0.7255283,0.024434868,0.001239723
007-5499-300.jpg,2,Moderate,1,Mild,False,0.88281703,0.016420152,0.88281703,0.09785138,0.0011996358,0.0017117682
007-1296-000.jpg,0,No DR,0,No DR,True,0.61534345,0.61534345,0.01888099,0.36289084,0.002836699,4.8068363e-05
20170428093232618.jpg,0,No DR,0,No DR,True,0.9499677,0.9499677,0.00039560095,0.04869478,0.0006121989,0.00032982518
20170407220510910.jpg,0,No DR,0,No DR,True,0.94297516,0.94297516,0.015552703,0.040859666,0.00032098303,0.00029146377
007-1769-100.jpg,1,Mild,0,No DR,False,0.5722659,0.5722659,0.008450528,0.41920665,3.76954e-05,3.9245642e-05
20170323130835496.jpg,0,No DR,0,No DR,True,0.9149495,0.9149495,0.008505362,0.07616821,0.0002803547,9.659009e-05
20170612211133532.jpg,2,Moderate,2,Moderate,True,0.79440314,0.0008141873,0.0011300725,0.79440314,0.08457078,0.1190818
007-2758-100.jpg,2,Moderate,2,Moderate,True,0.81654525,0.00028114032,0.0029152757,0.81654525,0.17508878,0.0051695053
20170217161948427.jpg,0,No DR,0,No DR,True,0.7692725,0.7692725,0.09538263,0.13530406,1.9944438e-05,2.0951944e-05
007-4738-200.jpg,2,Moderate,2,Moderate,True,0.85168046,0.12866807,0.0009513126,0.85168046,0.00035723933,0.018342834
007-0807-000.jpg,0,No DR,0,No DR,True,0.85924834,0.85924834,0.032761477,0.10791762,1.6134543e-05,5.6480218e-05
007-1802-100.jpg,1,Mild,0,No DR,False,0.6078312,0.6078312,0.0055820476,0.37722486,0.0036973928,0.005664545
007-6896-400.jpg,4,Proliferative,4,Proliferative,True,0.87663984,0.00042291445,0.0012517452,0.12162623,5.92035e-05,0.87663984
007-0521-000.jpg,0,No DR,0,No DR,True,0.94089365,0.94089365,0.008099685,0.05082776,1.7381226e-05,0.00016153838
20170324080917203.jpg,0,No DR,0,No DR,True,0.98399854,0.98399854,0.0029888912,0.012997206,4.518607e-06,1.0864062e-05
20170429200249270.jpg,0,No DR,0,No DR,True,0.9352174,0.9352174,0.001606958,0.06286267,8.396115e-05,0.0002290318
20170429221517229.jpg,0,No DR,0,No DR,True,0.95922965,0.95922965,0.009811566,0.029757744,0.001089941,0.00011115866
007-2477-100.jpg,2,Moderate,1,Mild,False,0.6979655,0.0075851483,0.6979655,0.2828462,0.009229106,0.002374058
007-6394-400.jpg,4,Proliferative,4,Proliferative,True,0.93840945,0.00049046054,0.00016599403,0.057997968,0.0029361926,0.93840945
20170211082727722.jpg,0,No DR,0,No DR,True,0.69196254,0.69196254,0.009587495,0.29826573,1.7641752e-05,0.00016659645
20170220092338749.jpg,0,No DR,0,No DR,True,0.90473855,0.90473855,0.013182171,0.08204334,1.1081149e-05,2.4895236e-05
007-1813-100.jpg,2,Moderate,2,Moderate,True,0.9814563,0.014192128,0.001646036,0.9814563,0.001062737,0.0016427938
007-1554-000.jpg,0,No DR,0,No DR,True,0.80523056,0.80523056,0.033172157,0.16103329,0.0002352875,0.00032863178
007-3541-200.jpg,2,Moderate,1,Mild,False,0.55905014,0.045070205,0.55905014,0.38894448,0.0065975813,0.00033756442
007-2192-100.jpg,0,No DR,0,No DR,True,0.9490802,0.9490802,0.0068408656,0.04399625,3.4379766e-05,4.8288006e-05
20170629112225780.jpg,2,Moderate,2,Moderate,True,0.8891233,0.045016706,0.05303986,0.8891233,0.012485019,0.0003351497
20170324084144836.jpg,0,No DR,0,No DR,True,0.8738023,0.8738023,0.10538008,0.020725073,6.231582e-05,3.0214936e-05
20170223094123204.jpg,0,No DR,0,No DR,True,0.6249001,0.6249001,0.06493711,0.31000066,4.0946943e-05,0.00012114848
007-6384-400.jpg,4,Proliferative,2,Moderate,False,0.9899143,9.0118614e-05,6.9309506e-05,0.9899143,0.0010168502,0.008909496
20170429203054497.jpg,0,No DR,0,No DR,True,0.8232414,0.8232414,0.019564163,0.14793298,0.009008088,0.00025335234
007-1658-000.jpg,0,No DR,1,Mild,False,0.49075708,0.3739888,0.49075708,0.12749384,0.002112762,0.0056475345
20170224212408649.jpg,0,No DR,0,No DR,True,0.91443044,0.91443044,0.023125632,0.062426344,1.3425709e-05,4.0924074e-06
007-3458-200.jpg,2,Moderate,2,Moderate,True,0.94827473,2.7738848e-05,0.00017303794,0.94827473,0.025768908,0.025755582
007-2631-100.jpg,2,Moderate,0,No DR,False,0.83078015,0.83078015,0.13943923,0.02955149,0.00012374738,0.00010549223
007-0503-000.jpg,0,No DR,0,No DR,True,0.9224236,0.9224236,0.022889435,0.054664116,6.873273e-06,1.5898328e-05
20170323091629619.jpg,0,No DR,1,Mild,False,0.91291004,0.0555375,0.91291004,0.031501364,3.705215e-05,1.4129846e-05
007-4940-300.jpg,2,Moderate,0,No DR,False,0.5326149,0.5326149,0.026899727,0.43717587,0.00029015777,0.0030193352
007-1465-000.jpg,0,No DR,0,No DR,True,0.8768091,0.8768091,0.0046299845,0.118106015,0.00027133652,0.00018351007
007-1961-100.jpg,1,Mild,1,Mild,True,0.8490272,0.017685326,0.8490272,0.13281302,0.00019259477,0.00028186673
20170427191045918.jpg,0,No DR,1,Mild,False,0.57335573,0.4208807,0.57335573,0.0057347296,1.4367874e-05,1.4493813e-05
20170417152010581.jpg,0,No DR,0,No DR,True,0.8942858,0.8942858,0.090490066,0.015221389,2.2083124e-07,2.611389e-06
007-7175-400.jpg,4,Proliferative,2,Moderate,False,0.882896,0.0024454019,0.0012247047,0.882896,0.007031157,0.10640264
007-6540-400.jpg,4,Proliferative,4,Proliferative,True,0.9739571,0.0004887456,0.00022975347,0.022194248,0.0031301233,0.9739571
007-6875-400.jpg,4,Proliferative,4,Proliferative,True,0.98802537,3.4374243e-05,2.198737e-05,0.011828093,9.0108064e-05,0.98802537
007-2106-100.jpg,2,Moderate,2,Moderate,True,0.89872676,0.0073946533,0.064176515,0.89872676,0.0011793621,0.028522624
007-6360-400.jpg,4,Proliferative,4,Proliferative,True,0.9983102,0.00027974517,0.00010000424,0.0010879351,0.00022204904,0.9983102
20170430194549413.jpg,0,No DR,0,No DR,True,0.83926976,0.83926976,0.0071948394,0.15166773,0.0015543944,0.000313213
20170213091846694.jpg,0,No DR,0,No DR,True,0.5871811,0.5871811,0.21670587,0.19324622,0.0026842246,0.0001826157
20170428083313325.jpg,0,No DR,0,No DR,True,0.6733869,0.6733869,0.0019914191,0.32020518,0.0011129117,0.003303612
20170204103033420.jpg,0,No DR,0,No DR,True,0.90595895,0.90595895,0.011589845,0.08221186,2.040027e-06,0.00023728552
007-4329-200.jpg,2,Moderate,3,Severe,False,0.6218613,5.7397367e-05,0.00048727758,0.376584,0.6218613,0.001010079
20170214144743190.jpg,0,No DR,0,No DR,True,0.90539265,0.90539265,0.06952257,0.023995368,0.00031331097,0.0007760772
20170224222711000.jpg,0,No DR,0,No DR,True,0.7844759,0.7844759,0.05617645,0.15774503,0.0010546511,0.0005479915
20170206181327355.jpg,0,No DR,0,No DR,True,0.85465866,0.85465866,0.016653175,0.12828662,1.5299018e-05,0.00038624732
20170429214330890.jpg,0,No DR,0,No DR,True,0.92407554,0.92407554,0.0004187001,0.056199912,0.0071205394,0.012185292
20170427184310184.jpg,0,No DR,0,No DR,True,0.91113764,0.91113764,0.00072801975,0.08773556,8.7771936e-05,0.00031101223
20170608212719065.jpg,2,Moderate,2,Moderate,True,0.98866445,0.0036236958,0.0039942604,0.98866445,0.0024743117,0.0012434261
007-0232-000.jpg,0,No DR,0,No DR,True,0.933308,0.933308,0.0027019815,0.062750064,0.0004805165,0.00075944327
007-0630-000.jpg,0,No DR,0,No DR,True,0.92395043,0.92395043,0.018581616,0.057174794,5.4251424e-05,0.0002388723
007-3491-200.jpg,2,Moderate,2,Moderate,True,0.8401388,0.02308176,0.12740582,0.8401388,0.0006061608,0.008767384
007-3743-200.jpg,2,Moderate,3,Severe,False,0.53651714,4.109463e-05,0.0015349705,0.46156025,0.53651714,0.0003464752
007-0523-000.jpg,0,No DR,0,No DR,True,0.52233803,0.52233803,0.16309763,0.31409273,0.00015281288,0.00031882914
20170508222445492.jpg,2,Moderate,2,Moderate,True,0.3962014,0.3434546,0.2602389,0.3962014,2.115342e-05,8.3973864e-05
007-5167-300.jpg,3,Severe,3,Severe,True,0.91240424,1.539723e-05,3.4287457e-06,0.04026379,0.91240424,0.047313105
007-4861-300.jpg,2,Moderate,2,Moderate,True,0.9390845,0.028431864,0.0015227379,0.9390845,0.029450785,0.00151011
007-4013-200.jpg,2,Moderate,2,Moderate,True,0.93460387,0.029702213,0.029546764,0.93460387,0.00022302709,0.0059241094
007-6794-400.jpg,4,Proliferative,4,Proliferative,True,0.9979989,4.822658e-05,2.2898546e-05,0.0009780964,0.0009519725,0.9979989
20170411104820443.jpg,0,No DR,0,No DR,True,0.72675604,0.72675604,0.014514647,0.25861508,1.0236725e-05,0.00010396537
20170427183048684.jpg,0,No DR,0,No DR,True,0.97107893,0.97107893,0.001479757,0.025754265,0.0011988645,0.00048821297
007-0774-000.jpg,0,No DR,0,No DR,True,0.6517755,0.6517755,0.31370094,0.03405155,0.00011235108,0.00035967692
20170331110254863.jpg,0,No DR,0,No DR,True,0.8743239,0.8743239,0.03585962,0.0894061,0.00033104006,7.940572e-05
007-5035-300.jpg,2,Moderate,2,Moderate,True,0.82676554,0.16796537,0.004542064,0.82676554,2.9287057e-05,0.00069779466
20170331133825966.jpg,0,No DR,0,No DR,True,0.94966,0.94966,0.02935234,0.020914644,2.7002294e-05,4.5989607e-05
20170120222905288.jpg,0,No DR,0,No DR,True,0.80865467,0.80865467,0.001728949,0.18688321,0.0021519223,0.00058132224
007-4483-200.jpg,2,Moderate,2,Moderate,True,0.8505117,0.100244924,0.009960492,0.8505117,0.0069953743,0.032287456
20170428111534396.jpg,0,No DR,0,No DR,True,0.85091734,0.85091734,0.09875814,0.0502252,6.2618396e-06,9.306862e-05
20170429204745543.jpg,0,No DR,0,No DR,True,0.986889,0.986889,0.0008335266,0.0115449065,0.00055613264,0.00017651176
007-5945-300.jpg,2,Moderate,2,Moderate,True,0.8957929,0.0045123477,0.0012276248,0.8957929,0.07590301,0.02256407
007-3048-100.jpg,1,Mild,1,Mild,True,0.8278394,0.06029927,0.8278394,0.10960449,0.0019177217,0.00033908695
007-5795-300.jpg,2,Moderate,2,Moderate,True,0.97849077,0.0019989973,0.0019936315,0.97849077,0.017353328,0.00016325706
20170405090038424.jpg,0,No DR,0,No DR,True,0.9139292,0.9139292,0.0008282383,0.08496931,7.4159194e-05,0.00019904201
20170502095043169.jpg,2,Moderate,0,No DR,False,0.4288285,0.4288285,0.31755617,0.25287658,0.00017395816,0.00056479644
20170214220426150.jpg,0,No DR,0,No DR,True,0.881099,0.881099,0.012147101,0.1048495,0.0008429728,0.00106142
20170131090204290.jpg,0,No DR,0,No DR,True,0.7381076,0.7381076,0.2458643,0.01601476,1.849805e-06,1.1458485e-05
20170427181340648.jpg,0,No DR,0,No DR,True,0.9458039,0.9458039,0.00193743,0.05172996,0.00039749898,0.00013119157
20170429231120977.jpg,0,No DR,0,No DR,True,0.96109354,0.96109354,0.00060680474,0.035406254,0.0017807663,0.0011126181
20170324090524051.jpg,0,No DR,0,No DR,True,0.6622924,0.6622924,0.09356261,0.2434723,0.0004479865,0.0002245775
20170425160813048.jpg,0,No DR,1,Mild,False,0.6987976,0.23074456,0.6987976,0.070195325,5.735956e-05,0.00020516738
007-2386-100.jpg,1,Mild,1,Mild,True,0.47130188,0.43313494,0.47130188,0.0952505,0.0003030694,9.655727e-06
007-2724-100.jpg,2,Moderate,2,Moderate,True,0.57981724,0.28588676,0.09438882,0.57981724,0.00047662566,0.039430577
20170427191132650.jpg,0,No DR,0,No DR,True,0.970579,0.970579,0.001337319,0.020948453,0.0032627077,0.0038724057
20170429203248590.jpg,0,No DR,0,No DR,True,0.828885,0.828885,0.0051706866,0.11427973,0.010585108,0.041079503
007-4155-200.jpg,2,Moderate,2,Moderate,True,0.9412562,0.005810536,0.036074303,0.9412562,0.005942926,0.010916066
007-5212-300.jpg,2,Moderate,1,Mild,False,0.69114757,0.0051329406,0.69114757,0.30330828,0.00016299637,0.0002482379
20170430142545713.jpg,0,No DR,2,Moderate,False,0.69357306,0.1959868,0.10891323,0.69357306,0.0014272765,9.967345e-05
20170430195020637.jpg,0,No DR,0,No DR,True,0.59474146,0.59474146,0.0034424476,0.39422697,0.005340986,0.0022481307
007-3591-200.jpg,2,Moderate,2,Moderate,True,0.6008786,0.13680786,0.20008337,0.6008786,0.033634305,0.028595839
007-6565-400.jpg,4,Proliferative,2,Moderate,False,0.7069904,0.00786204,0.008612269,0.7069904,2.831214e-05,0.2765069
20170506145433804.jpg,2,Moderate,2,Moderate,True,0.6241277,0.12706581,0.23152767,0.6241277,0.0031932925,0.014085504
20170430175727365.jpg,0,No DR,0,No DR,True,0.95227253,0.95227253,0.0012238661,0.043147933,0.0016124358,0.0017432483
007-6527-400.jpg,4,Proliferative,4,Proliferative,True,0.97067654,0.008950405,0.0028287345,0.0126843965,0.004859862,0.97067654
20170429224704335.jpg,0,No DR,0,No DR,True,0.8818942,0.8818942,0.00077903667,0.10040973,0.005641189,0.0112759145
007-4957-300.jpg,2,Moderate,2,Moderate,True,0.7532307,0.0647498,0.17842777,0.7532307,0.0031531479,0.00043860613
20170428120313013.jpg,0,No DR,0,No DR,True,0.7977903,0.7977903,0.004703649,0.19697997,0.00045490498,7.114409e-05
007-1272-000.jpg,0,No DR,0,No DR,True,0.8911397,0.8911397,0.078948,0.029872378,1.6868004e-05,2.3007682e-05
007-3599-200.jpg,2,Moderate,0,No DR,False,0.45848078,0.45848078,0.36837682,0.17311558,8.66447e-06,1.811507e-05
20170429214814322.jpg,0,No DR,0,No DR,True,0.97179013,0.97179013,0.006514047,0.020989139,0.00036740818,0.0003392039
20170206131408329.jpg,0,No DR,0,No DR,True,0.7908349,0.7908349,0.003373749,0.2056124,9.003203e-05,8.88861e-05
007-0498-000.jpg,0,No DR,0,No DR,True,0.74368,0.74368,0.076472044,0.17980409,1.7941189e-05,2.6001117e-05
20170413085749781.jpg,0,No DR,0,No DR,True,0.83961034,0.83961034,0.10965354,0.050698377,3.121124e-05,6.5716777e-06
007-4018-200.jpg,2,Moderate,2,Moderate,True,0.7694436,0.07509735,0.11117504,0.7694436,0.04126431,0.003019713
20170324091347852.jpg,0,No DR,0,No DR,True,0.9120045,0.9120045,0.039608534,0.046620447,0.0014316317,0.00033492377
20170626093610343.jpg,2,Moderate,1,Mild,False,0.471457,0.0015830788,0.471457,0.43810552,0.08875045,0.00010387956
20170223174544090.jpg,0,No DR,0,No DR,True,0.7103702,0.7103702,0.16688782,0.12147864,0.0011474752,0.000115825744
007-7598-601.jpg,0,No DR,0,No DR,True,0.53958595,0.53958595,0.0024312881,0.45325774,0.00033366194,0.004391382
20170207083818918.jpg,0,No DR,0,No DR,True,0.83274597,0.83274597,0.0018820588,0.16523859,1.8591014e-05,0.00011483292
007-1488-000.jpg,0,No DR,0,No DR,True,0.72458714,0.72458714,0.0011550871,0.27335054,2.614533e-05,0.00088104693
20170612105012787.jpg,2,Moderate,1,Mild,False,0.48725536,0.069413334,0.48725536,0.43193227,0.003992191,0.007406878
20170617103821616.jpg,1,Mild,2,Moderate,False,0.61195546,0.34382412,0.04416719,0.61195546,3.8806065e-05,1.4417646e-05
20170427182705405.jpg,0,No DR,0,No DR,True,0.89480174,0.89480174,0.013759694,0.09066303,6.4769694e-05,0.00071071106
007-0689-000.jpg,0,No DR,0,No DR,True,0.82225543,0.82225543,0.021336287,0.15638018,8.883407e-06,1.9245539e-05
20170611090524022.jpg,2,Moderate,2,Moderate,True,0.90726525,0.08479436,0.0007984276,0.90726525,0.0043697185,0.0027722241
20170522100335384.jpg,2,Moderate,2,Moderate,True,0.71416336,0.15581857,0.0071904007,0.71416336,0.11708146,0.005746174
007-3125-100.jpg,0,No DR,2,Moderate,False,0.63587487,0.19551392,0.0050530196,0.63587487,0.0015899357,0.16196828
20170430200645200.jpg,0,No DR,0,No DR,True,0.9213326,0.9213326,0.0007136361,0.07413004,0.0010449163,0.0027788172
007-0129-000.jpg,0,No DR,0,No DR,True,0.7913434,0.7913434,0.01216061,0.19610955,2.4425106e-05,0.00036202758
007-4828-300.jpg,2,Moderate,4,Proliferative,False,0.5710334,0.0012404077,0.0012790335,0.4257245,0.00072258426,0.5710334
007-3758-200.jpg,2,Moderate,2,Moderate,True,0.9012659,0.0039097546,0.0003257919,0.9012659,0.0004285996,0.09406989
007-4886-300.jpg,2,Moderate,3,Severe,False,0.6288407,0.000104041996,2.4237032e-05,0.37031585,0.6288407,0.0007151742
007-6042-300.jpg,2,Moderate,2,Moderate,True,0.8336504,0.020340724,0.003030253,0.8336504,0.046927594,0.09605096
20170323085924938.jpg,0,No DR,0,No DR,True,0.9240697,0.9240697,0.029990287,0.04588965,2.3617036e-05,2.6759491e-05
007-3347-200.jpg,2,Moderate,2,Moderate,True,0.8935755,0.09667053,0.0058402373,0.8935755,0.00061860256,0.0032950265
007-0963-000.jpg,0,No DR,0,No DR,True,0.8965962,0.8965962,0.013828973,0.08946729,3.484146e-05,7.264472e-05
007-1745-000.jpg,0,No DR,0,No DR,True,0.74587405,0.74587405,0.1675055,0.0866045,1.2408242e-05,3.5944126e-06
20170429215929548.jpg,0,No DR,0,No DR,True,0.9260329,0.9260329,0.001151392,0.05956311,0.003964873,0.009287755
007-6274-300.jpg,2,Moderate,2,Moderate,True,0.9794592,0.00037310633,0.00014315872,0.9794592,0.019310722,0.00071387185
20170418102230027.jpg,0,No DR,0,No DR,True,0.8529337,0.8529337,0.0022755247,0.14199221,0.0019742243,0.00082438916
007-3750-200.jpg,2,Moderate,4,Proliferative,False,0.5401154,0.0031150081,0.008701593,0.44045514,0.0076128463,0.5401154
20170523085431841.jpg,2,Moderate,0,No DR,False,0.88711894,0.88711894,0.013786122,0.09902547,3.468115e-05,3.4768378e-05
007-4066-200.jpg,2,Moderate,4,Proliferative,False,0.9614475,2.543033e-05,3.2472283e-06,0.031820152,0.006703662,0.9614475
007-4384-200.jpg,2,Moderate,2,Moderate,True,0.96200716,0.03495356,0.00064870884,0.96200716,0.00019626251,0.002194308
20170430200245076.jpg,0,No DR,0,No DR,True,0.85307574,0.85307574,0.0015357193,0.14101507,0.00056504447,0.0038083985
20170329141551261.jpg,0,No DR,0,No DR,True,0.49140462,0.49140462,0.027342133,0.47975913,0.001173637,0.00032041554
20170605164035106.jpg,2,Moderate,2,Moderate,True,0.48465917,0.48424545,0.02567364,0.48465917,0.0048959223,0.0005257387
007-5143-300.jpg,2,Moderate,2,Moderate,True,0.98848444,0.0004118398,0.00054638664,0.98848444,0.00020019911,0.010357157
007-5762-300.jpg,2,Moderate,3,Severe,False,0.9303329,0.00018362798,0.0017326456,0.06689131,0.9303329,0.00085948146
007-7842-601.jpg,0,No DR,2,Moderate,False,0.47876504,0.36095366,0.028474087,0.47876504,0.002367077,0.12944014
007-5754-300.jpg,3,Severe,3,Severe,True,0.55422956,0.00035011768,0.00068394525,0.42586806,0.55422956,0.018868335
007-3167-100.jpg,0,No DR,0,No DR,True,0.7728247,0.7728247,0.0030922212,0.1955986,0.00022707951,0.02825741
007-4847-300.jpg,3,Severe,4,Proliferative,False,0.7484634,0.001941592,0.0017742486,0.11479712,0.13302365,0.7484634
007-1436-000.jpg,0,No DR,0,No DR,True,0.88547015,0.88547015,0.05124652,0.06314476,0.00010309553,3.5466677e-05
007-0684-000.jpg,0,No DR,0,No DR,True,0.7013521,0.7013521,0.010759424,0.28746447,0.00015767949,0.00026637246
20170326091858070.jpg,0,No DR,0,No DR,True,0.9480394,0.9480394,0.0070735733,0.04487788,6.2547624e-06,2.964235e-06
007-0171-000.jpg,0,No DR,0,No DR,True,0.6871557,0.6871557,0.05027456,0.26254657,2.6041855e-06,2.0523867e-05
007-4341-200.jpg,2,Moderate,2,Moderate,True,0.8521654,0.00011864883,0.00390977,0.8521654,0.13144353,0.012362613
007-7446-601.jpg,0,No DR,0,No DR,True,0.8266474,0.8266474,0.023185043,0.14750403,0.0003488914,0.002314707
20170428154912997.jpg,0,No DR,0,No DR,True,0.5611525,0.5611525,0.00046879804,0.43559507,4.069779e-05,0.0027430418
007-0386-000.jpg,0,No DR,0,No DR,True,0.949096,0.949096,0.044578988,0.0063235294,4.4488445e-07,1.0012268e-06
007-6873-400.jpg,4,Proliferative,4,Proliferative,True,0.98201615,0.00078380003,0.0006957085,0.014288291,0.0022160802,0.98201615
007-4283-200.jpg,2,Moderate,1,Mild,False,0.8213381,0.0030425368,0.8213381,0.17139383,0.0031919847,0.0010335277
20170430173804702.jpg,0,No DR,0,No DR,True,0.9379919,0.9379919,0.0033573117,0.05737072,2.9122826e-05,0.0012509862
007-7338-601.jpg,0,No DR,0,No DR,True,0.6715796,0.6715796,0.0049174363,0.32341826,2.9931537e-06,8.175472e-05
20170607110412679.jpg,2,Moderate,2,Moderate,True,0.95493364,0.030364338,0.013082092,0.95493364,0.0013142346,0.00030568833
007-1891-100.jpg,0,No DR,0,No DR,True,0.4988188,0.4988188,0.085820325,0.41441858,6.152386e-05,0.000880774
007-0303-000.jpg,0,No DR,0,No DR,True,0.8149443,0.8149443,0.004954147,0.17644697,0.0032299394,0.00042465905
20170430201414723.jpg,0,No DR,0,No DR,True,0.9087791,0.9087791,0.0025161987,0.08372053,0.0041857567,0.0007984243
20170106170829250.jpg,0,No DR,0,No DR,True,0.9293201,0.9293201,0.0056085293,0.061180692,0.0013552969,0.00253536
007-6135-300.jpg,2,Moderate,2,Moderate,True,0.9442686,0.0008753802,0.024235366,0.9442686,0.021292426,0.009328252
007-6809-400.jpg,4,Proliferative,4,Proliferative,True,0.9700926,2.8877477e-05,3.796148e-05,0.0014264617,0.02841405,0.9700926
20170407112129731.jpg,0,No DR,0,No DR,True,0.93740964,0.93740964,0.028476851,0.034072198,1.6064494e-05,2.5284231e-05
007-0705-000.jpg,1,Mild,0,No DR,False,0.8267963,0.8267963,0.057753872,0.11541566,2.6027934e-05,8.156591e-06
007-3812-200.jpg,2,Moderate,2,Moderate,True,0.91717094,0.0014020434,0.020380769,0.91717094,0.011837512,0.049208704
007-4583-200.jpg,2,Moderate,2,Moderate,True,0.93672484,0.028171236,0.0033571313,0.93672484,0.0003987218,0.03134802
20170420184012218.jpg,0,No DR,0,No DR,True,0.8752974,0.8752974,0.00051280623,0.11684037,0.0001525566,0.0071967873
20170429211817042.jpg,0,No DR,0,No DR,True,0.93847924,0.93847924,0.00048329573,0.058413688,0.0015835795,0.0010402342
20170506144601373.jpg,2,Moderate,2,Moderate,True,0.40725118,0.21751375,0.31776783,0.40725118,0.0031566175,0.054310568
20170616085940941.jpg,2,Moderate,2,Moderate,True,0.6448322,0.051249146,0.2454703,0.6448322,0.05822216,0.00022620837
007-3723-200.jpg,3,Severe,2,Moderate,False,0.6125372,0.08041289,0.029003303,0.6125372,0.2707618,0.007284799
20170214091106462.jpg,0,No DR,0,No DR,True,0.72448736,0.72448736,0.23033363,0.044714488,0.00042715124,3.743534e-05
007-2461-100.jpg,1,Mild,2,Moderate,False,0.8913969,0.037385516,0.041879687,0.8913969,0.002268578,0.027069382
007-4224-200.jpg,2,Moderate,2,Moderate,True,0.8331756,0.01218168,0.016819313,0.8331756,0.12292862,0.01489472
007-2595-100.jpg,1,Mild,0,No DR,False,0.7627695,0.7627695,0.1344892,0.09816779,0.0040716515,0.0005018704
20170429223429622.jpg,0,No DR,0,No DR,True,0.9724142,0.9724142,0.001160047,0.024594113,0.0017077185,0.00012395212
20170429231046998.jpg,0,No DR,0,No DR,True,0.95987624,0.95987624,0.0020463937,0.034242027,0.0032641857,0.00057109236
20170223092417385.jpg,0,No DR,0,No DR,True,0.90622747,0.90622747,0.0088051045,0.08490517,3.378112e-05,2.8521205e-05
20170408211833240.jpg,0,No DR,0,No DR,True,0.7494992,0.7494992,0.011930109,0.23839435,3.831023e-06,0.00017254558
20170430201632652.jpg,0,No DR,0,No DR,True,0.6413903,0.6413903,0.035343364,0.32289222,0.00015573339,0.0002183989
007-5723-300.jpg,2,Moderate,2,Moderate,True,0.97539675,0.00995814,0.0006527108,0.97539675,0.001791696,0.012200765
007-3318-200.jpg,2,Moderate,2,Moderate,True,0.80410236,0.0042125722,0.056113094,0.80410236,2.8003777e-05,0.13554393
20170208175254303.jpg,0,No DR,0,No DR,True,0.83916485,0.83916485,0.034691315,0.12585662,0.0002127634,7.454531e-05
20170418083234348.jpg,0,No DR,0,No DR,True,0.8860993,0.8860993,0.0037873096,0.11010827,5.2328437e-07,4.6441955e-06
007-5487-300.jpg,2,Moderate,1,Mild,False,0.73801297,0.138426,0.73801297,0.1226768,0.0008634925,2.0681833e-05
007-6959-400.jpg,4,Proliferative,4,Proliferative,True,0.9512163,0.012923062,0.00080762326,0.034473166,0.0005798321,0.9512163
007-3851-200.jpg,2,Moderate,2,Moderate,True,0.7082847,0.02109449,0.262021,0.7082847,0.0049990606,0.0036007846
20170509113000522.jpg,2,Moderate,0,No DR,False,0.82955176,0.82955176,0.0058337986,0.16441843,7.1691546e-05,0.00012434163
007-3072-100.jpg,2,Moderate,2,Moderate,True,0.9040089,0.030846028,0.0638113,0.9040089,0.00080462435,0.0005291638
20170422185554513.jpg,0,No DR,1,Mild,False,0.60452545,0.36937368,0.60452545,0.025932841,0.00015045854,1.7578604e-05
20170427201458706.jpg,0,No DR,0,No DR,True,0.9215273,0.9215273,0.04137491,0.03662188,0.00044622427,2.968054e-05
007-5244-300.jpg,2,Moderate,2,Moderate,True,0.7924618,0.0064636483,0.004960457,0.7924618,0.018657904,0.1774562
007-2356-100.jpg,2,Moderate,1,Mild,False,0.91351986,0.062156443,0.91351986,0.024097094,0.00020970147,1.69147e-05
20170428105022800.jpg,0,No DR,0,No DR,True,0.7447735,0.7447735,0.004686296,0.24871153,0.00037691934,0.0014516666
20170523101901691.jpg,2,Moderate,0,No DR,False,0.44366723,0.44366723,0.2794202,0.27618167,0.0004853773,0.00024558604
007-0329-000.jpg,0,No DR,0,No DR,True,0.93323326,0.93323326,0.0028532816,0.059193328,0.0033935898,0.0013265652
007-4811-300.jpg,2,Moderate,2,Moderate,True,0.9132382,0.0031023484,0.014739254,0.9132382,0.0012093588,0.067710884
007-5561-300.jpg,2,Moderate,2,Moderate,True,0.98187065,4.158528e-05,1.1294671e-05,0.98187065,0.004738523,0.013337963
20170427214203947.jpg,0,No DR,0,No DR,True,0.8610956,0.8610956,0.001936715,0.11908331,0.017628303,0.00025608094
20170427184535071.jpg,0,No DR,0,No DR,True,0.9524355,0.9524355,0.004444306,0.04168509,0.00080461934,0.000630471
007-5412-300.jpg,2,Moderate,2,Moderate,True,0.98138887,0.0054916954,0.0044218968,0.98138887,0.0045933384,0.004104179
20170324140648051.jpg,0,No DR,0,No DR,True,0.9482592,0.9482592,0.0045647738,0.047078222,4.1486866e-05,5.643165e-05
20170223104629220.jpg,0,No DR,0,No DR,True,0.6635616,0.6635616,0.03776728,0.2985057,0.0001361132,2.936558e-05
007-1722-000.jpg,0,No DR,0,No DR,True,0.71778727,0.71778727,0.010593599,0.27111524,3.7317088e-05,0.000466606
007-6547-400.jpg,4,Proliferative,4,Proliferative,True,0.5556036,0.0029930093,0.0008084659,0.41701153,0.023583356,0.5556036
20170427100644556.jpg,0,No DR,0,No DR,True,0.69035155,0.69035155,0.13147973,0.17780584,0.00014038985,0.00022254787
20170411113808410.jpg,0,No DR,0,No DR,True,0.83430004,0.83430004,0.081738755,0.0839474,8.712549e-07,1.28815755e-05
007-6502-400.jpg,4,Proliferative,4,Proliferative,True,0.8879185,7.96777e-05,8.237107e-06,0.10968821,0.0023054057,0.8879185
20170622084331077.jpg,2,Moderate,2,Moderate,True,0.6003829,0.0021111036,0.0036393367,0.6003829,0.0012808376,0.3925858
20170427092001417.jpg,0,No DR,0,No DR,True,0.9128127,0.9128127,0.0017319109,0.08418942,2.7153319e-05,0.0012388119
007-4681-200.jpg,2,Moderate,2,Moderate,True,0.52391565,0.4632986,0.0025132028,0.52391565,2.9603969e-05,0.010243001
20170326095038980.jpg,0,No DR,0,No DR,True,0.8654551,0.8654551,0.10202791,0.032483272,2.409717e-05,9.568278e-06
007-7182-400.jpg,4,Proliferative,4,Proliferative,True,0.97255635,5.1364223e-05,0.00015592207,0.02631809,0.00091827346,0.97255635
007-1006-000.jpg,0,No DR,0,No DR,True,0.5612387,0.5612387,0.0012910349,0.43598825,4.3228843e-05,0.0014388049
007-6046-300.jpg,2,Moderate,2,Moderate,True,0.9175555,0.00015476729,0.000267356,0.9175555,0.051355686,0.030666595
007-2839-100.jpg,1,Mild,2,Moderate,False,0.5043987,0.24575432,0.20608024,0.5043987,0.0018976708,0.04186904
007-3954-200.jpg,2,Moderate,2,Moderate,True,0.85769135,0.13863583,0.0011971692,0.85769135,0.0002863921,0.0021892507
007-2449-100.jpg,2,Moderate,1,Mild,False,0.81137216,0.014399804,0.81137216,0.1733391,9.964806e-06,0.0008789501
20170517095552898.jpg,1,Mild,0,No DR,False,0.4825696,0.4825696,0.11788831,0.39426073,0.0022653134,0.003015978
20170324092423588.jpg,0,No DR,0,No DR,True,0.9335094,0.9335094,0.0024514622,0.06373392,0.00014834783,0.00015691144
007-5554-300.jpg,2,Moderate,2,Moderate,True,0.53532356,0.019201586,0.0040395684,0.53532356,0.25330758,0.18812774
20170313105829885.jpg,0,No DR,0,No DR,True,0.5082811,0.5082811,0.45717093,0.033966597,0.00026350285,0.00031782992
20170413084028675.jpg,0,No DR,0,No DR,True,0.79189503,0.79189503,0.00083219947,0.20704816,8.8837776e-05,0.00013571681
007-6247-300.jpg,2,Moderate,2,Moderate,True,0.804526,0.0109517295,0.021564918,0.804526,0.088064775,0.07489254
20170429213236557.jpg,0,No DR,0,No DR,True,0.9200851,0.9200851,0.021825736,0.055491082,0.0020311,0.00056694605
007-5011-300.jpg,2,Moderate,2,Moderate,True,0.9847537,0.00020095565,0.00023636575,0.9847537,0.010151821,0.004657071
20170221095742351.jpg,0,No DR,0,No DR,True,0.9670486,0.9670486,0.021221269,0.011699124,1.0954328e-05,2.0071075e-05
007-0475-000.jpg,0,No DR,0,No DR,True,0.51122177,0.51122177,0.33976114,0.14738064,0.0011113114,0.00052513956
20170429200702514.jpg,0,No DR,0,No DR,True,0.9372878,0.9372878,0.022457823,0.040041625,0.00013463994,7.809778e-05
20170330085309517.jpg,0,No DR,0,No DR,True,0.8403699,0.8403699,0.0041630515,0.15514906,0.00013641732,0.000181608
20170215165517404.jpg,0,No DR,0,No DR,True,0.81857806,0.81857806,0.01031447,0.17102742,4.1004947e-05,3.9053302e-05
20170429221122514.jpg,0,No DR,0,No DR,True,0.9300813,0.9300813,0.00029343227,0.06683669,0.001157704,0.0016308163
20170427191346267.jpg,0,No DR,0,No DR,True,0.9449347,0.9449347,0.00014551984,0.054054547,0.00021461344,0.0006506563
20170612144724662.jpg,2,Moderate,2,Moderate,True,0.5761722,0.0257421,0.39797983,0.5761722,8.5735825e-05,2.0147536e-05
007-8039-601.jpg,2,Moderate,2,Moderate,True,0.7716881,0.04333652,0.006678165,0.7716881,0.0015904832,0.17670669
007-6020-300.jpg,2,Moderate,2,Moderate,True,0.81127614,0.18323874,0.003843349,0.81127614,0.0010157207,0.0006260831
007-5576-300.jpg,2,Moderate,2,Moderate,True,0.6393084,0.0019360855,0.0022397789,0.6393084,0.35412666,0.002389037
007-4610-200.jpg,2,Moderate,2,Moderate,True,0.9190441,0.05847407,0.0067131664,0.9190441,0.00017518555,0.0155934775
20170216173745712.jpg,0,No DR,0,No DR,True,0.6522419,0.6522419,0.24849004,0.09904954,6.918555e-05,0.0001493304
20170329083804001.jpg,0,No DR,0,No DR,True,0.94889086,0.94889086,0.015513405,0.03373026,0.0010385655,0.000826848
007-1807-100.jpg,2,Moderate,0,No DR,False,0.4867542,0.4867542,0.1431628,0.36504823,4.4654016e-06,0.005030231
20170326080816565.jpg,0,No DR,0,No DR,True,0.8635168,0.8635168,0.1039251,0.03255014,2.2498043e-06,5.768255e-06
007-1904-100.jpg,1,Mild,1,Mild,True,0.96739787,0.013134251,0.96739787,0.018367968,0.00045804842,0.0006418706
20170418085617538.jpg,0,No DR,0,No DR,True,0.80067974,0.80067974,0.0067495406,0.19246493,2.3392347e-05,8.2400926e-05
007-2152-100.jpg,2,Moderate,0,No DR,False,0.5408599,0.5408599,0.022570418,0.43624717,0.00022409979,9.836014e-05
007-1806-100.jpg,0,No DR,2,Moderate,False,0.4446159,0.41214955,0.13710265,0.4446159,0.0013916816,0.0047402335
007-1369-000.jpg,0,No DR,0,No DR,True,0.49315563,0.49315563,0.48080298,0.025930284,5.4591587e-06,0.00010564317
20170412090143066.jpg,0,No DR,0,No DR,True,0.8680198,0.8680198,0.010592803,0.12131599,9.320307e-06,6.195807e-05
007-2104-100.jpg,1,Mild,1,Mild,True,0.592401,0.3708553,0.592401,0.03670216,3.373407e-05,7.716619e-06
007-0993-000.jpg,2,Moderate,2,Moderate,True,0.9093669,0.030925527,0.010747428,0.9093669,0.038216047,0.010744041
20170323102532714.jpg,0,No DR,0,No DR,True,0.94798636,0.94798636,0.00024640773,0.051287893,2.4934261e-05,0.0004544009
007-0248-000.jpg,0,No DR,0,No DR,True,0.9289944,0.9289944,4.9349623e-05,0.06471185,2.3836852e-05,0.0062205396
20170421081130565.jpg,0,No DR,0,No DR,True,0.9326511,0.9326511,0.0031774428,0.06385072,0.0001240284,0.00019668952
007-4564-200.jpg,3,Severe,2,Moderate,False,0.5480274,0.007664556,0.0030151252,0.5480274,0.43963242,0.0016604862
007-5870-300.jpg,2,Moderate,3,Severe,False,0.7590102,0.0077713295,0.00472292,0.2228716,0.7590102,0.0056239837
20170412191552082.jpg,0,No DR,0,No DR,True,0.7431417,0.7431417,0.109332986,0.14743085,5.5335462e-05,3.9161183e-05
20170622165310431.jpg,2,Moderate,2,Moderate,True,0.8912553,0.08973819,0.017877536,0.8912553,0.0010312744,9.771297e-05
007-0424-000.jpg,0,No DR,0,No DR,True,0.81763273,0.81763273,0.007076315,0.16529374,0.000837787,0.009159411
007-0447-000.jpg,0,No DR,0,No DR,True,0.93580633,0.93580633,0.009406227,0.05468626,9.568728e-06,9.160255e-05
007-3361-200.jpg,2,Moderate,2,Moderate,True,0.90557575,0.090780914,0.0006591138,0.90557575,7.525134e-05,0.0029089246
20170503090730660.jpg,2,Moderate,2,Moderate,True,0.9841546,6.9407615e-05,0.00024550996,0.9841546,0.012846779,0.002683794
007-2784-100.jpg,2,Moderate,0,No DR,False,0.47808498,0.47808498,0.14103366,0.3707319,0.010097342,5.207048e-05
007-1514-000.jpg,0,No DR,0,No DR,True,0.70539844,0.70539844,0.053525064,0.24085876,0.00015934237,5.8322905e-05
007-2169-100.jpg,1,Mild,0,No DR,False,0.7861764,0.7861764,0.01795441,0.19574727,8.945472e-06,0.0001130565
20170207103824784.jpg,0,No DR,0,No DR,True,0.8460198,0.8460198,0.0040868334,0.14948094,3.30198e-05,0.00037942143
007-4363-200.jpg,2,Moderate,2,Moderate,True,0.47231254,0.10252684,0.33762234,0.47231254,0.00043747906,0.08710076
007-2572-100.jpg,0,No DR,0,No DR,True,0.708114,0.708114,0.0009794794,0.24813572,0.040604353,0.0021664186
20170424153738041.jpg,0,No DR,0,No DR,True,0.91995126,0.91995126,0.034615282,0.044229075,2.8966659e-05,0.0011753861
007-0091-000.jpg,0,No DR,0,No DR,True,0.66395783,0.66395783,0.23138231,0.10464871,1.4189145e-06,9.772218e-06
20170429203302982.jpg,0,No DR,0,No DR,True,0.9464305,0.9464305,0.00045050526,0.05191828,0.0005865979,0.00061420724
007-3043-100.jpg,1,Mild,0,No DR,False,0.55574775,0.55574775,0.40269276,0.041327767,1.1826909e-05,0.00021991403
007-3190-100.jpg,2,Moderate,1,Mild,False,0.72539306,0.0038144449,0.72539306,0.27023223,5.5186883e-05,0.00050503097
20170428085349919.jpg,0,No DR,2,Moderate,False,0.5322498,0.46363947,0.0033556123,0.5322498,0.00060064206,0.00015450043
007-0635-000.jpg,0,No DR,0,No DR,True,0.84338695,0.84338695,0.0038412747,0.13894615,0.0015116753,0.012313967
20170221145536662.jpg,0,No DR,0,No DR,True,0.8197134,0.8197134,0.0011652126,0.17911592,1.2189884e-06,4.2397537e-06
007-4600-200.jpg,2,Moderate,2,Moderate,True,0.98609865,0.0012959938,0.00012260262,0.98609865,0.009107692,0.0033750855
007-4553-200.jpg,2,Moderate,2,Moderate,True,0.9522244,0.011752308,0.03545129,0.9522244,0.00017128777,0.0004007651
007-0644-000.jpg,0,No DR,0,No DR,True,0.5755499,0.5755499,0.022764867,0.4011102,1.7574283e-05,0.00055746204
007-0278-000.jpg,0,No DR,0,No DR,True,0.9704014,0.9704014,0.004351805,0.024029747,0.00045706535,0.0007599793
20170217105540766.jpg,0,No DR,0,No DR,True,0.8608475,0.8608475,0.020618442,0.118409656,6.972764e-05,5.469176e-05
007-5515-300.jpg,2,Moderate,1,Mild,False,0.75601625,0.00064757257,0.75601625,0.09545623,0.14285202,0.0050279615
20170417105107608.jpg,0,No DR,0,No DR,True,0.7172616,0.7172616,0.0049349233,0.2773722,1.0192296e-05,0.00042098833
20170326085552768.jpg,0,No DR,0,No DR,True,0.7376805,0.7376805,0.25585574,0.006456568,2.6076607e-06,4.5524016e-06
007-5502-300.jpg,3,Severe,3,Severe,True,0.9921795,4.6624164e-06,9.400971e-05,0.00067055225,0.9921795,0.00705122
20170409202147097.jpg,0,No DR,0,No DR,True,0.7270703,0.7270703,0.0025636805,0.24612857,0.0028413576,0.021396134
007-4832-300.jpg,2,Moderate,3,Severe,False,0.6852448,0.00025901766,0.0002831741,0.23361684,0.6852448,0.08059613
20170413114550593.jpg,0,No DR,0,No DR,True,0.76228756,0.76228756,0.0009160239,0.23667178,3.1811664e-06,0.00012150793
20170606165241723.jpg,2,Moderate,3,Severe,False,0.7820273,0.0018388792,0.07796988,0.12587151,0.7820273,0.012292496
007-4098-200.jpg,2,Moderate,2,Moderate,True,0.92099726,0.053372025,0.0013907511,0.92099726,0.0005351091,0.02370489
20170401095608158.jpg,0,No DR,0,No DR,True,0.9017544,0.9017544,0.008548931,0.08888475,0.00012669564,0.00068534206
20170301132539765.jpg,0,No DR,0,No DR,True,0.7581879,0.7581879,0.028459735,0.21319115,4.7375823e-05,0.00011389173
20170327111445864.jpg,0,No DR,0,No DR,True,0.76414347,0.76414347,0.006843006,0.22776322,0.0005612696,0.0006890112
20170430141507700.jpg,0,No DR,0,No DR,True,0.75828445,0.75828445,0.024231477,0.21537098,0.0020232461,8.98613e-05
007-0965-000.jpg,0,No DR,0,No DR,True,0.4872315,0.4872315,0.151846,0.35779452,0.000865716,0.0022623432
007-2207-100.jpg,0,No DR,0,No DR,True,0.75941205,0.75941205,0.0005667661,0.23959135,1.3092605e-05,0.00041680018
20170502204843387.jpg,2,Moderate,2,Moderate,True,0.62392837,0.32365376,0.00081319193,0.62392837,0.020611107,0.030993566
007-6098-300.jpg,2,Moderate,2,Moderate,True,0.9525976,0.001984058,0.00027630542,0.9525976,0.04404059,0.0011013868
20170408215821373.jpg,0,No DR,0,No DR,True,0.98067904,0.98067904,0.008600676,0.009966033,0.00044166826,0.00031254848
20170619102743501.jpg,2,Moderate,2,Moderate,True,0.6641582,0.23984551,0.09074442,0.6641582,0.005215608,3.6198508e-05
007-6808-400.jpg,4,Proliferative,4,Proliferative,True,0.96152383,0.0010512748,0.01331147,0.023903621,0.00020975227,0.96152383
20170429210408066.jpg,0,No DR,0,No DR,True,0.9638355,0.9638355,0.0012700092,0.03354669,0.00028145473,0.0010664173
007-7154-400.jpg,4,Proliferative,4,Proliferative,True,0.9943389,0.0012914946,2.8024342e-05,0.0042474405,9.4045376e-05,0.9943389
20170505142933410.jpg,2,Moderate,2,Moderate,True,0.96706575,0.0049011963,0.0058962987,0.96706575,0.02208146,5.5280907e-05
20170223145813763.jpg,0,No DR,0,No DR,True,0.8479193,0.8479193,0.07918611,0.07288786,7.068291e-07,5.935396e-06
20170429203606004.jpg,0,No DR,0,No DR,True,0.88886976,0.88886976,0.08255675,0.027730219,0.0006854371,0.00015776423
20170406133140034.jpg,0,No DR,0,No DR,True,0.9214641,0.9214641,0.034625966,0.0438926,1.5868405e-05,1.5711387e-06
20170429200419712.jpg,0,No DR,0,No DR,True,0.9386338,0.9386338,0.0052556186,0.052202925,0.0019195245,0.0019879662
20170430193625923.jpg,0,No DR,0,No DR,True,0.96401304,0.96401304,0.013427655,0.021825079,0.0004378873,0.00029626084
007-6710-400.jpg,4,Proliferative,4,Proliferative,True,0.9950597,0.0019027529,0.00086849474,0.0012888657,0.00088014844,0.9950597
007-5881-300.jpg,2,Moderate,2,Moderate,True,0.90787816,0.009586864,0.053811546,0.90787816,0.02829714,0.00042636978
20170612083632767.jpg,2,Moderate,2,Moderate,True,0.62922716,0.25913078,0.1025112,0.62922716,0.00021231272,0.008918575
007-5040-300.jpg,2,Moderate,2,Moderate,True,0.8210133,0.0041986853,0.00034725634,0.8210133,0.0005804329,0.17386028
007-3594-200.jpg,2,Moderate,2,Moderate,True,0.95601773,0.006623887,0.03460311,0.95601773,0.0007003275,0.0020549682
007-1719-000.jpg,0,No DR,1,Mild,False,0.39875638,0.3963435,0.39875638,0.20419295,0.00014464314,0.0005625582
007-3845-200.jpg,2,Moderate,2,Moderate,True,0.6763079,0.0007054874,0.00016457736,0.6763079,0.16900861,0.15381344
007-0609-000.jpg,0,No DR,0,No DR,True,0.9240613,0.9240613,0.00290999,0.072982825,2.4843128e-05,2.1010364e-05
007-2458-100.jpg,1,Mild,1,Mild,True,0.9839409,0.0011025496,0.9839409,0.014720738,0.000103974635,0.0001318445
007-7190-400.jpg,4,Proliferative,2,Moderate,False,0.713772,0.17722745,0.012882894,0.713772,0.0037374264,0.092380226
007-2291-100.jpg,2,Moderate,2,Moderate,True,0.65803695,0.3363249,0.0030879371,0.65803695,9.480141e-05,0.00245545
007-2628-100.jpg,2,Moderate,2,Moderate,True,0.6096465,0.32299602,0.065625966,0.6096465,0.001140034,0.00059149374
007-5370-300.jpg,2,Moderate,2,Moderate,True,0.9671533,0.0002897095,0.0008290033,0.9671533,0.029879302,0.0018486375
007-4032-200.jpg,2,Moderate,1,Mild,False,0.9146059,0.0039108773,0.9146059,0.079288155,0.001818369,0.0003766871
007-1956-100.jpg,2,Moderate,1,Mild,False,0.5686838,0.05701077,0.5686838,0.3509415,0.021203388,0.002160519
007-2017-100.jpg,0,No DR,0,No DR,True,0.6894732,0.6894732,0.001008208,0.30864263,1.7915349e-05,0.00085799524
20170221195952465.jpg,0,No DR,0,No DR,True,0.72011274,0.72011274,0.18505684,0.09474067,4.285538e-05,4.6900204e-05
007-5218-300.jpg,2,Moderate,2,Moderate,True,0.79541063,0.18979725,0.010093757,0.79541063,2.414155e-05,0.0046742163
007-6818-400.jpg,4,Proliferative,4,Proliferative,True,0.7145924,0.0064837667,0.022795245,0.24912743,0.0070011294,0.7145924
007-4655-200.jpg,2,Moderate,4,Proliferative,False,0.5835604,0.059737805,0.012763464,0.34352994,0.00040833018,0.5835604
007-0042-000.jpg,0,No DR,2,Moderate,False,0.5024402,0.47441286,0.02228109,0.5024402,0.0005406384,0.0003252279
007-6214-300.jpg,3,Severe,2,Moderate,False,0.78586143,0.012433819,0.0035574567,0.78586143,0.078241974,0.11990531
20170427092355911.jpg,0,No DR,0,No DR,True,0.89814156,0.89814156,0.006185951,0.095350236,9.1464586e-05,0.0002307297
007-7000-400.jpg,4,Proliferative,4,Proliferative,True,0.91332453,0.031016745,0.0135736605,0.040466145,0.0016190514,0.91332453
007-4465-200.jpg,2,Moderate,2,Moderate,True,0.8374445,0.00928363,0.0047184597,0.8374445,0.14632048,0.0022329234
007-6043-300.jpg,2,Moderate,4,Proliferative,False,0.505541,0.007192522,0.005179359,0.4810401,0.0010469785,0.505541
007-3789-200.jpg,2,Moderate,2,Moderate,True,0.9710834,0.009179708,0.00081180746,0.9710834,4.602682e-05,0.018879084
007-2948-100.jpg,2,Moderate,1,Mild,False,0.41925782,0.24287155,0.41925782,0.30382523,0.003009623,0.031035839
20170428082500827.jpg,0,No DR,0,No DR,True,0.512954,0.512954,0.008072124,0.47781998,0.00079874555,0.0003551604
007-0059-000.jpg,0,No DR,0,No DR,True,0.7812729,0.7812729,0.17944312,0.039120216,0.0001378519,2.5864283e-05
20170323141914278.jpg,0,No DR,0,No DR,True,0.73706055,0.73706055,0.24778602,0.015041147,8.032769e-06,0.00010421057
20170209151052217.jpg,0,No DR,0,No DR,True,0.95507747,0.95507747,0.021948842,0.022968315,2.825614e-07,5.024514e-06
20170417092512583.jpg,0,No DR,0,No DR,True,0.9634721,0.9634721,0.01329781,0.018853648,0.002408515,0.0019678995
20170409200748007.jpg,0,No DR,0,No DR,True,0.7947755,0.7947755,0.00440681,0.1991062,2.5173536e-05,0.0016863991
007-4979-300.jpg,2,Moderate,3,Severe,False,0.7066939,0.014130327,0.018450228,0.2602665,0.7066939,0.00045907253
007-2924-100.jpg,2,Moderate,2,Moderate,True,0.47597122,0.04599753,0.002393853,0.47597122,0.031280737,0.44435656
007-5153-300.jpg,2,Moderate,2,Moderate,True,0.9220271,0.010588129,0.00010678679,0.9220271,0.0029666338,0.06431139
007-6986-400.jpg,4,Proliferative,4,Proliferative,True,0.99090683,0.0013324225,0.00018942606,0.0041733915,0.0033979362,0.99090683
007-4164-200.jpg,2,Moderate,2,Moderate,True,0.90231884,0.008436073,0.084802315,0.90231884,0.004225189,0.00021764149
007-6828-400.jpg,4,Proliferative,4,Proliferative,True,0.50408757,7.871967e-05,0.0022332885,0.49152866,0.0020717306,0.50408757
007-6992-400.jpg,4,Proliferative,4,Proliferative,True,0.9930876,6.366187e-07,3.0805296e-08,0.0011840261,0.0057277908,0.9930876
20170215224039102.jpg,0,No DR,1,Mild,False,0.9405606,0.035501696,0.9405606,0.023710193,0.00017002042,5.751489e-05
20170323142918454.jpg,0,No DR,0,No DR,True,0.90403813,0.90403813,0.08257185,0.013378005,6.055984e-06,5.938845e-06
007-2168-100.jpg,1,Mild,0,No DR,False,0.8353583,0.8353583,0.0008148839,0.16225463,1.3347414e-05,0.0015588385
007-3719-200.jpg,2,Moderate,2,Moderate,True,0.6106348,0.10160073,0.0047293827,0.6106348,0.2578837,0.02515135
007-7575-601.jpg,0,No DR,0,No DR,True,0.78954345,0.78954345,0.00010768267,0.2088876,7.2214552e-06,0.0014540197
007-6229-300.jpg,2,Moderate,2,Moderate,True,0.862717,0.11631287,0.018330237,0.862717,0.00025810482,0.002381814
007-5454-300.jpg,2,Moderate,2,Moderate,True,0.9776419,0.0015475977,0.00075694395,0.9776419,0.007498882,0.012554726
007-2513-100.jpg,2,Moderate,1,Mild,False,0.46117046,0.24902438,0.46117046,0.28699192,0.002072758,0.0007403903
007-3572-200.jpg,2,Moderate,0,No DR,False,0.60759944,0.60759944,0.117469236,0.27465677,8.259829e-05,0.00019195376
20170214220241697.jpg,0,No DR,0,No DR,True,0.73733497,0.73733497,0.21436356,0.048166793,4.8244547e-05,8.645906e-05
007-0419-000.jpg,0,No DR,0,No DR,True,0.9185925,0.9185925,0.005809003,0.075542584,1.1778183e-05,4.406925e-05
007-2047-100.jpg,1,Mild,0,No DR,False,0.55765146,0.55765146,0.02743936,0.41436547,8.670539e-05,0.00045700575
007-6119-300.jpg,2,Moderate,0,No DR,False,0.38665444,0.38665444,0.30432636,0.30711526,5.9232214e-05,0.0018447033
20170429200631121.jpg,0,No DR,0,No DR,True,0.9643365,0.9643365,0.002331272,0.03166473,0.00069787644,0.0009696645
20170324083949673.jpg,0,No DR,0,No DR,True,0.9390134,0.9390134,0.0002877818,0.0581608,2.5951911e-05,0.0025120662
20170605153408818.jpg,2,Moderate,1,Mild,False,0.7855731,0.029595867,0.7855731,0.17195456,0.012758663,0.000117834265
007-5921-300.jpg,2,Moderate,2,Moderate,True,0.8931283,0.0034376003,0.003352687,0.8931283,0.010494648,0.08958674
20170208144423443.jpg,0,No DR,0,No DR,True,0.7443465,0.7443465,0.011526855,0.24331541,1.391675e-05,0.0007972686
007-5059-300.jpg,2,Moderate,2,Moderate,True,0.93115234,0.05615821,0.008135736,0.93115234,0.0028874294,0.0016663098
20170417105010250.jpg,0,No DR,0,No DR,True,0.88553816,0.88553816,0.0005261107,0.11377889,1.5489444e-06,0.0001553492
007-6278-300.jpg,2,Moderate,2,Moderate,True,0.9497824,0.014652614,0.009590851,0.9497824,0.00018567375,0.0257885
007-4278-200.jpg,2,Moderate,2,Moderate,True,0.7862588,0.109449446,0.09240735,0.7862588,0.00051844853,0.011365941
007-3484-200.jpg,2,Moderate,2,Moderate,True,0.86186254,0.05022993,0.034570247,0.86186254,0.0015954747,0.051741794
007-5622-300.jpg,2,Moderate,2,Moderate,True,0.9560638,0.042907283,0.00014464147,0.9560638,0.00055793516,0.00032637076
007-3731-200.jpg,2,Moderate,2,Moderate,True,0.9608126,0.034981813,0.0026797822,0.9608126,0.0007354054,0.0007903926
007-5910-300.jpg,2,Moderate,2,Moderate,True,0.9148059,0.03280828,0.042772844,0.9148059,0.005942508,0.0036705243
20170412105203855.jpg,0,No DR,0,No DR,True,0.9292884,0.9292884,0.026725667,0.03959805,8.42079e-05,0.004303763
20170222183911260.jpg,0,No DR,0,No DR,True,0.84943223,0.84943223,0.14062576,0.009922065,1.5860758e-05,4.0055183e-06
007-4581-200.jpg,2,Moderate,2,Moderate,True,0.6899389,0.26226625,0.004170245,0.6899389,6.427847e-05,0.043560363
20170417084222767.jpg,0,No DR,0,No DR,True,0.86453736,0.86453736,0.042258102,0.09317092,9.773492e-06,2.3797278e-05
20170401171141317.jpg,0,No DR,0,No DR,True,0.93106043,0.93106043,0.016570838,0.052271158,2.2055901e-05,7.549281e-05
20170418084844664.jpg,0,No DR,0,No DR,True,0.9147326,0.9147326,0.045388363,0.039625496,0.00021142824,4.2102958e-05
007-1290-000.jpg,0,No DR,0,No DR,True,0.76066726,0.76066726,0.19343068,0.045766916,0.00011569655,1.9449404e-05
007-2264-100.jpg,1,Mild,1,Mild,True,0.63106817,0.0015762942,0.63106817,0.023974363,0.3431205,0.0002607304
20170206163611382.jpg,0,No DR,0,No DR,True,0.8546083,0.8546083,0.00231571,0.12458577,0.017147109,0.0013430092
007-6230-300.jpg,3,Severe,2,Moderate,False,0.7276115,0.0012919356,0.00043382077,0.7276115,0.092785075,0.1778776
20170429200338006.jpg,0,No DR,0,No DR,True,0.95214295,0.95214295,0.004305057,0.04346826,1.1468601e-05,7.2230054e-05
007-6151-300.jpg,2,Moderate,2,Moderate,True,0.9737673,0.010354361,0.00960024,0.9737673,0.0022586216,0.0040194783
20170323092202683.jpg,0,No DR,0,No DR,True,0.93675625,0.93675625,0.03234644,0.029987263,0.00023488859,0.00067511055
20170217172030131.jpg,0,No DR,0,No DR,True,0.9595015,0.9595015,0.0040985174,0.035515882,0.00068033225,0.00020374807
20170508165808866.jpg,2,Moderate,2,Moderate,True,0.6136009,0.33379647,0.04173601,0.6136009,0.010697344,0.00016934889
007-5063-300.jpg,2,Moderate,2,Moderate,True,0.95882386,0.00027820206,0.012337934,0.95882386,0.004934908,0.023625026
007-4523-200.jpg,2,Moderate,2,Moderate,True,0.7759299,0.21542741,0.0059835883,0.7759299,0.0007402834,0.0019187891
20170615155127636.jpg,2,Moderate,1,Mild,False,0.5899416,0.22027093,0.5899416,0.18950212,6.6389766e-06,0.00027869723
007-3331-200.jpg,2,Moderate,2,Moderate,True,0.8881663,0.069327995,0.032211248,0.8881663,0.00024560618,0.010048954
007-0951-000.jpg,0,No DR,0,No DR,True,0.8152876,0.8152876,0.10710816,0.07751539,6.599e-05,2.2880517e-05
20170611091117657.jpg,2,Moderate,2,Moderate,True,0.8179011,0.10741194,0.012012924,0.8179011,0.056314375,0.006359592
007-4376-200.jpg,2,Moderate,2,Moderate,True,0.9425983,0.02532307,0.00039764706,0.9425983,0.009366146,0.022314964
007-8852-605.jpg,2,Moderate,2,Moderate,True,0.62637603,0.3175559,0.0014318068,0.62637603,0.00010652189,0.054529782
007-4697-200.jpg,2,Moderate,1,Mild,False,0.4967111,0.08298446,0.4967111,0.41988003,2.723798e-05,0.000397244
007-4701-200.jpg,2,Moderate,2,Moderate,True,0.937639,0.042629853,0.0009510367,0.937639,0.00042104273,0.01835915
007-5991-300.jpg,2,Moderate,2,Moderate,True,0.92277604,0.00027211974,5.666924e-05,0.92277604,0.02154412,0.055351038
007-4197-200.jpg,2,Moderate,2,Moderate,True,0.8606915,0.0359799,0.08989791,0.8606915,0.004334371,0.009096277
20170408212938554.jpg,0,No DR,0,No DR,True,0.8928744,0.8928744,0.0016519919,0.097797625,0.0016689969,0.006006985
007-0139-000.jpg,2,Moderate,0,No DR,False,0.69472104,0.69472104,0.19876719,0.10636862,1.0699317e-06,0.00014214241
20170618204640005.jpg,2,Moderate,2,Moderate,True,0.69688946,0.29522017,0.007434334,0.69688946,0.0003452632,0.00011076755
007-2128-100.jpg,1,Mild,0,No DR,False,0.46470827,0.46470827,0.043442402,0.4576155,0.030201685,0.004032147
20170630160336716.jpg,2,Moderate,0,No DR,False,0.82491374,0.82491374,0.037221085,0.13694663,0.0007480236,0.00017050294
20170427185626846.jpg,0,No DR,0,No DR,True,0.97875184,0.97875184,0.0041281227,0.01709083,7.6081133e-06,2.1630878e-05
007-1478-000.jpg,0,No DR,1,Mild,False,0.52794003,0.40131715,0.52794003,0.068537906,0.0021716305,3.3302786e-05
20170221162616970.jpg,0,No DR,0,No DR,True,0.78646487,0.78646487,0.031970013,0.18144989,2.0790689e-05,9.445591e-05
007-6632-400.jpg,4,Proliferative,4,Proliferative,True,0.9084417,0.023333395,0.0015087808,0.0637093,0.0030067936,0.9084417
20170221160520948.jpg,0,No DR,0,No DR,True,0.8105204,0.8105204,0.121503994,0.06784527,0.00010412608,2.6291016e-05
20170428163613368.jpg,0,No DR,0,No DR,True,0.9076961,0.9076961,0.0005828758,0.08729586,7.55848e-05,0.004349597
007-4619-200.jpg,2,Moderate,2,Moderate,True,0.78361243,0.007345775,0.000872951,0.78361243,0.00021370786,0.20795514
007-7621-601.jpg,0,No DR,2,Moderate,False,0.6739079,0.29297635,0.029318208,0.6739079,0.00036504632,0.0034325288
007-2202-100.jpg,0,No DR,0,No DR,True,0.7415691,0.7415691,0.012987764,0.24538548,2.3135477e-05,3.4470577e-05
007-0215-000.jpg,0,No DR,0,No DR,True,0.87092024,0.87092024,0.009569169,0.11449504,0.004485756,0.0005297626
007-6475-400.jpg,4,Proliferative,4,Proliferative,True,0.9882158,9.196467e-06,1.5589646e-06,0.009020261,0.0027532107,0.9882158
20170418094314732.jpg,0,No DR,0,No DR,True,0.9486843,0.9486843,0.007205105,0.04393966,3.677306e-05,0.00013421786
007-6863-400.jpg,4,Proliferative,4,Proliferative,True,0.98859614,0.00014076695,0.00038478646,0.009664866,0.0012134541,0.98859614
007-2730-100.jpg,0,No DR,0,No DR,True,0.79411423,0.79411423,0.13846266,0.06724881,4.2096162e-05,0.00013228957
007-5664-300.jpg,2,Moderate,2,Moderate,True,0.715537,0.0010774373,0.20667394,0.715537,0.062391587,0.014319989
007-2629-100.jpg,1,Mild,0,No DR,False,0.73760474,0.73760474,0.016233401,0.2461155,2.3157847e-05,2.317446e-05
007-4338-200.jpg,2,Moderate,2,Moderate,True,0.70360786,0.020408275,0.275569,0.70360786,0.00030807714,0.000106762134
20170215104620399.jpg,0,No DR,0,No DR,True,0.81695944,0.81695944,0.0123999175,0.17058012,1.82943e-06,5.8714337e-05
20170407112130686.jpg,0,No DR,0,No DR,True,0.83362514,0.83362514,0.02321935,0.1430855,2.8666796e-05,4.1367202e-05
007-8426-603.jpg,2,Moderate,4,Proliferative,False,0.7774437,0.18486395,0.008505138,0.028555477,0.00063174864,0.7774437
20170323085836351.jpg,0,No DR,1,Mild,False,0.38874653,0.3389053,0.38874653,0.27212173,7.4338655e-05,0.00015209861
007-1895-100.jpg,1,Mild,2,Moderate,False,0.6280922,0.20995991,0.1616967,0.6280922,0.00017976762,7.139623e-05
007-5140-300.jpg,3,Severe,3,Severe,True,0.7914595,0.00023158824,0.00010974542,0.13350475,0.7914595,0.07469445
20170220100624432.jpg,0,No DR,0,No DR,True,0.7229072,0.7229072,0.11445699,0.16209047,0.0002719094,0.000273439
20170417103919386.jpg,0,No DR,1,Mild,False,0.86372554,0.10457999,0.86372554,0.030930087,0.0005096688,0.00025472298
20170424162218960.jpg,0,No DR,0,No DR,True,0.67054063,0.67054063,0.005001686,0.32437673,9.002455e-07,8.012976e-05
007-2473-100.jpg,2,Moderate,1,Mild,False,0.70004344,0.15017669,0.70004344,0.14565949,0.000580236,0.0035401005
007-0804-000.jpg,0,No DR,0,No DR,True,0.7379045,0.7379045,0.008304668,0.25364348,1.25843035e-05,0.00013478687
20170625205421758.jpg,2,Moderate,2,Moderate,True,0.5420499,0.4549148,0.0018507366,0.5420499,0.00012668905,0.0010578999
007-1509-000.jpg,0,No DR,0,No DR,True,0.4923269,0.4923269,0.11602435,0.3325044,0.052321628,0.0068227705
007-4988-300.jpg,2,Moderate,2,Moderate,True,0.89924866,0.020650124,0.008544266,0.89924866,0.053647056,0.017909918
20170427191213157.jpg,0,No DR,0,No DR,True,0.958335,0.958335,0.004648839,0.036931954,2.5374076e-05,5.8799676e-05
007-7050-400.jpg,4,Proliferative,4,Proliferative,True,0.85434675,0.010993725,0.0005440277,0.082814224,0.051301237,0.85434675
20170428095433963.jpg,0,No DR,0,No DR,True,0.8809537,0.8809537,0.0029584682,0.110124886,0.00084514346,0.005117714
007-4647-200.jpg,2,Moderate,2,Moderate,True,0.9622708,0.017700505,0.008557422,0.9622708,0.0035843079,0.007886989
007-0178-000.jpg,0,No DR,0,No DR,True,0.40551624,0.40551624,0.27480298,0.31905845,8.16079e-05,0.0005406847
007-3451-200.jpg,2,Moderate,2,Moderate,True,0.65019625,0.13774255,0.1933504,0.65019625,0.00088321284,0.017827585
007-7031-400.jpg,4,Proliferative,0,No DR,False,0.53752005,0.53752005,0.09646481,0.21443903,0.05490327,0.09667283
007-4332-200.jpg,2,Moderate,2,Moderate,True,0.8970857,0.029248072,0.0036801505,0.8970857,0.0005899567,0.069396056
20170414102854581.jpg,0,No DR,0,No DR,True,0.83961034,0.83961034,0.10965354,0.050698377,3.121124e-05,6.5716777e-06
007-5467-300.jpg,2,Moderate,2,Moderate,True,0.9169388,0.0020658479,0.0059181633,0.9169388,0.07491385,0.00016339449
20170327112501066.jpg,0,No DR,0,No DR,True,0.95063674,0.95063674,0.0006007596,0.048104696,0.00011031639,0.0005474988
20170324093012821.jpg,0,No DR,0,No DR,True,0.7706588,0.7706588,0.1712859,0.058014866,3.666731e-05,3.7658992e-06
20170525152509382.jpg,2,Moderate,0,No DR,False,0.4651744,0.4651744,0.43266246,0.100876726,0.0008289637,0.0004574119
007-5122-300.jpg,3,Severe,2,Moderate,False,0.66918355,0.0042080586,0.00040384705,0.66918355,0.32296085,0.0032436813
007-4470-200.jpg,2,Moderate,2,Moderate,True,0.9658365,0.016577503,0.00060218276,0.9658365,0.00035025724,0.01663358
007-2664-100.jpg,2,Moderate,2,Moderate,True,0.8900457,0.03465606,0.042629786,0.8900457,0.0006960562,0.03197232
20170429222819822.jpg,0,No DR,0,No DR,True,0.8835,0.8835,0.002786093,0.110170394,0.0026747917,0.0008686669
007-3238-100.jpg,1,Mild,1,Mild,True,0.85840833,0.06354464,0.85840833,0.07723058,0.00048446696,0.00033206976
007-4880-300.jpg,2,Moderate,2,Moderate,True,0.96633166,0.011114128,0.00038395514,0.96633166,0.0008105823,0.021359637
007-1315-000.jpg,0,No DR,0,No DR,True,0.8711669,0.8711669,0.023981543,0.10451041,0.00024307233,9.802679e-05
20170429224516433.jpg,0,No DR,0,No DR,True,0.9858839,0.9858839,0.00050245825,0.012042131,0.0011708626,0.00040067788
20170428093035789.jpg,0,No DR,0,No DR,True,0.6787718,0.6787718,0.0026676087,0.3169925,0.0011185511,0.00044959094
20170221080104334.jpg,0,No DR,0,No DR,True,0.94044083,0.94044083,0.050587483,0.00896877,1.9799875e-06,9.87648e-07
20170602115729351.jpg,2,Moderate,3,Severe,False,0.60253,0.06324598,0.0007887495,0.33130807,0.60253,0.002127192
007-3708-200.jpg,2,Moderate,2,Moderate,True,0.7576655,0.1970762,0.0017838946,0.7576655,0.03488367,0.008590765
20170120224018218.jpg,0,No DR,0,No DR,True,0.7182489,0.7182489,0.003580679,0.27675512,0.0010386308,0.0003766748
20170330153216510.jpg,0,No DR,0,No DR,True,0.7176676,0.7176676,0.034497377,0.23723973,0.009539775,0.0010554488
007-4698-200.jpg,2,Moderate,2,Moderate,True,0.47993845,0.04007812,0.024257861,0.47993845,0.00022822437,0.4554974
007-4968-300.jpg,2,Moderate,2,Moderate,True,0.76222986,0.20725332,0.027331822,0.76222986,0.00010895147,0.003076069
007-1028-000.jpg,0,No DR,0,No DR,True,0.8690712,0.8690712,0.015362029,0.11550935,1.17225845e-05,4.5647703e-05
007-1289-000.jpg,0,No DR,0,No DR,True,0.57991433,0.57991433,0.21903335,0.20021977,0.000596226,0.00023625855
007-1629-000.jpg,0,No DR,0,No DR,True,0.77983546,0.77983546,0.10282093,0.11482048,0.0021959108,0.0003271952
20170222154243162.jpg,0,No DR,2,Moderate,False,0.5120701,0.44162014,0.046228293,0.5120701,5.5762815e-05,2.5642124e-05
20170524105439342.jpg,2,Moderate,0,No DR,False,0.57743233,0.57743233,0.0026068422,0.40854588,0.010168854,0.001246157
007-1487-000.jpg,0,No DR,0,No DR,True,0.8998869,0.8998869,0.008885753,0.09077257,0.00011441219,0.0003404283
007-4269-200.jpg,2,Moderate,2,Moderate,True,0.9732231,0.0018274673,0.0025652642,0.9732231,0.0007533632,0.021630717
007-2081-100.jpg,2,Moderate,2,Moderate,True,0.8690971,0.12271958,0.0020775544,0.8690971,0.0005002085,0.0056055677
007-6159-300.jpg,2,Moderate,2,Moderate,True,0.95457715,0.0004259133,0.002363411,0.95457715,0.041940663,0.00069287
20170602120015765.jpg,2,Moderate,2,Moderate,True,0.69977576,0.1664167,0.08704926,0.69977576,0.039944265,0.0068140063
007-3210-100.jpg,1,Mild,0,No DR,False,0.6236111,0.6236111,0.0027886129,0.37155774,0.0012773497,0.0007652343
007-2381-100.jpg,1,Mild,1,Mild,True,0.86748594,0.009206215,0.86748594,0.11884086,2.361779e-05,0.0044434485
007-7215-400.jpg,4,Proliferative,4,Proliferative,True,0.74599355,0.002346408,0.007971813,0.24347554,0.0002127295,0.74599355
007-0407-000.jpg,0,No DR,0,No DR,True,0.93285465,0.93285465,0.010362279,0.056769196,9.629012e-06,4.2798383e-06
007-3217-100.jpg,1,Mild,0,No DR,False,0.5340942,0.5340942,0.026181115,0.43910846,0.00054861855,6.76059e-05
007-3683-200.jpg,2,Moderate,2,Moderate,True,0.85552776,0.0132700335,0.06893561,0.85552776,0.010866084,0.051400527
007-2731-100.jpg,1,Mild,0,No DR,False,0.576958,0.576958,0.027811045,0.39490727,3.474784e-05,0.00028891148
007-0372-000.jpg,0,No DR,0,No DR,True,0.925257,0.925257,0.030172894,0.04451868,1.4516915e-05,3.690674e-05
007-4152-200.jpg,2,Moderate,1,Mild,False,0.50966704,0.006823091,0.50966704,0.4751272,0.007547634,0.0008350921
20170427190312316.jpg,0,No DR,0,No DR,True,0.929517,0.929517,0.00043014027,0.068238184,0.0010989397,0.00071576645
007-6143-300.jpg,2,Moderate,2,Moderate,True,0.7739381,0.20446196,0.01123851,0.7739381,0.0001372862,0.010224044
007-1091-000.jpg,0,No DR,0,No DR,True,0.8997615,0.8997615,0.006095719,0.093550935,0.00019263734,0.00039918983
20170412102256852.jpg,0,No DR,0,No DR,True,0.44551003,0.44551003,0.3707221,0.16785668,0.014667044,0.00124424
20170429205621477.jpg,0,No DR,0,No DR,True,0.9476294,0.9476294,0.0016186768,0.049632818,0.0008837102,0.00023528472
007-0726-000.jpg,0,No DR,2,Moderate,False,0.5367641,0.4523653,0.010261108,0.5367641,5.807756e-05,0.000551401
20170418100817701.jpg,0,No DR,0,No DR,True,0.5757128,0.5757128,0.112319015,0.30219665,0.008689876,0.0010816085
20170411135935799.jpg,0,No DR,0,No DR,True,0.7768556,0.7768556,0.04696657,0.17533633,0.0002344838,0.0006070267
007-2218-100.jpg,2,Moderate,0,No DR,False,0.7899883,0.7899883,0.058154333,0.15184681,3.373309e-06,7.2159373e-06
20170429230556168.jpg,0,No DR,0,No DR,True,0.9159317,0.9159317,0.0071486467,0.06195636,0.013845074,0.0011182107
007-7124-400.jpg,4,Proliferative,4,Proliferative,True,0.9944613,0.00037371705,0.00011243194,0.005044617,8.068917e-06,0.9944613
007-2821-100.jpg,2,Moderate,2,Moderate,True,0.9177183,0.001136352,0.020110276,0.9177183,0.017094951,0.04394011
007-3957-200.jpg,2,Moderate,2,Moderate,True,0.7062689,0.14087959,0.062486444,0.7062689,0.0068910066,0.08347402
20170329084151044.jpg,0,No DR,0,No DR,True,0.9616216,0.9616216,0.015923738,0.021982163,0.00015362156,0.00031886785
20170428110010416.jpg,0,No DR,0,No DR,True,0.75828445,0.75828445,0.024231477,0.21537098,0.0020232461,8.98613e-05
007-5618-300.jpg,2,Moderate,2,Moderate,True,0.6505219,0.29155347,0.037529882,0.6505219,0.01969172,0.00070303277
20170427175714216.jpg,0,No DR,0,No DR,True,0.9897933,0.9897933,0.002643537,0.007421743,0.00010759269,3.388232e-05
20170427185530761.jpg,0,No DR,0,No DR,True,0.9835015,0.9835015,0.0012362387,0.0135373855,0.0015844302,0.00014050893
20170224110411568.jpg,0,No DR,0,No DR,True,0.8272099,0.8272099,0.0073385797,0.16527817,0.00013686632,3.6610963e-05
007-2111-100.jpg,2,Moderate,1,Mild,False,0.95448416,0.0123628555,0.95448416,0.032750707,0.00021430511,0.00018803807
20170613152259694.jpg,2,Moderate,2,Moderate,True,0.8103579,0.015032368,0.0030130348,0.8103579,0.02273383,0.14886285
20170126114743588.jpg,0,No DR,1,Mild,False,0.459255,0.44746283,0.459255,0.088780075,0.0041911257,0.0003109093
20170612142737909.jpg,2,Moderate,2,Moderate,True,0.9751975,0.0023839273,0.009954833,0.9751975,0.008064227,0.004399577
007-1002-000.jpg,0,No DR,0,No DR,True,0.79939055,0.79939055,0.022346064,0.17525859,0.00026584443,0.0027388253
007-6179-300.jpg,2,Moderate,2,Moderate,True,0.80220675,0.19034769,0.0049508545,0.80220675,2.9676554e-05,0.0024649946
007-3890-200.jpg,2,Moderate,2,Moderate,True,0.9699812,0.00052899757,0.017335035,0.9699812,0.0020831085,0.010071688
20170629164127116.jpg,2,Moderate,2,Moderate,True,0.62882894,0.31278926,0.054112423,0.62882894,0.004122244,0.00014717769
20170224104635817.jpg,0,No DR,0,No DR,True,0.80563015,0.80563015,0.0091831535,0.1846118,0.00054124725,3.3656503e-05
20170428091458070.jpg,0,No DR,0,No DR,True,0.96827906,0.96827906,0.0066592484,0.02195538,0.002631416,0.0004749264
20170228225708650.jpg,0,No DR,0,No DR,True,0.8427105,0.8427105,0.1152009,0.040811095,1.903542e-05,0.0012584724
20170408231438226.jpg,0,No DR,0,No DR,True,0.8616646,0.8616646,0.00918509,0.12892441,0.00015839323,6.758189e-05
007-1365-000.jpg,0,No DR,0,No DR,True,0.8848121,0.8848121,0.009817364,0.10480158,8.408432e-05,0.00048489106
20170406093306267.jpg,0,No DR,0,No DR,True,0.94049007,0.94049007,0.00031074506,0.059172403,5.2467267e-06,2.1688342e-05
007-0496-000.jpg,0,No DR,0,No DR,True,0.8643959,0.8643959,0.100297324,0.03526377,3.2734944e-05,1.03347975e-05
007-2402-100.jpg,2,Moderate,1,Mild,False,0.86116177,0.083579145,0.86116177,0.054946516,0.00030990058,2.6674047e-06
20170515164700647.jpg,2,Moderate,3,Severe,False,0.83179975,0.040105958,0.0011034877,0.121824294,0.83179975,0.0051665152
20170410110440627.jpg,0,No DR,0,No DR,True,0.8542964,0.8542964,0.057022985,0.0880077,0.00048707658,0.00018580207
007-6310-400.jpg,4,Proliferative,4,Proliferative,True,0.9919485,6.965328e-06,4.8398756e-06,0.0013457147,0.006694037,0.9919485
20170214091449944.jpg,0,No DR,0,No DR,True,0.7102371,0.7102371,0.049599186,0.23968954,0.00040460963,6.957722e-05
20170531140735053.jpg,2,Moderate,0,No DR,False,0.6624519,0.6624519,0.00068059016,0.336693,0.00014422879,3.0241741e-05
20170430190716742.jpg,0,No DR,0,No DR,True,0.9815539,0.9815539,0.0023691333,0.015048052,0.0007168765,0.00031205945
007-0325-000.jpg,0,No DR,0,No DR,True,0.9653921,0.9653921,0.0038623158,0.030070959,0.0004389916,0.00023565211
007-5175-300.jpg,2,Moderate,2,Moderate,True,0.91638607,0.017983483,0.005560065,0.91638607,0.05984071,0.00022979046
007-2295-100.jpg,2,Moderate,2,Moderate,True,0.5903773,0.029270269,0.36006233,0.5903773,0.019069336,0.001220824
007-5687-300.jpg,3,Severe,3,Severe,True,0.9834921,2.0747217e-05,8.170715e-05,0.012899195,0.9834921,0.0035062789
20170327134214648.jpg,0,No DR,0,No DR,True,0.92328763,0.92328763,0.061144892,0.01501202,0.00052766566,2.788689e-05
007-6063-300.jpg,2,Moderate,2,Moderate,True,0.79406804,0.1490215,0.05669528,0.79406804,8.187635e-05,0.00013326193
007-6929-400.jpg,4,Proliferative,2,Moderate,False,0.6020344,0.009607838,0.015933238,0.6020344,0.0021314526,0.37029305
20170615112339862.jpg,2,Moderate,2,Moderate,True,0.8461577,0.0201643,0.08315048,0.8461577,0.05034495,0.00018256814
007-1317-000.jpg,0,No DR,0,No DR,True,0.589778,0.589778,0.059123088,0.34333864,0.0027947512,0.00496558
20170512225813757.jpg,2,Moderate,1,Mild,False,0.6816362,0.09945432,0.6816362,0.21794452,1.9409925e-05,0.0009454854
20170226084101981.jpg,0,No DR,0,No DR,True,0.5765659,0.5765659,0.041823097,0.37026018,0.009870133,0.0014806942
20170208133103727.jpg,0,No DR,0,No DR,True,0.8575328,0.8575328,0.006422097,0.13587648,2.3225335e-05,0.00014531762
007-8131-601.jpg,0,No DR,0,No DR,True,0.64870286,0.64870286,0.012013512,0.32543814,2.068252e-05,0.013824846
007-4411-200.jpg,2,Moderate,2,Moderate,True,0.8906889,0.0001504062,0.0002384839,0.8906889,0.011919325,0.09700286
20170429203344819.jpg,0,No DR,0,No DR,True,0.8112437,0.8112437,0.00609223,0.18253297,9.956993e-05,3.15734e-05
007-6225-300.jpg,2,Moderate,2,Moderate,True,0.9526398,0.01366313,6.772876e-05,0.9526398,0.014148846,0.01948053
007-7596-601.jpg,2,Moderate,2,Moderate,True,0.6749904,0.3227151,0.0014619034,0.6749904,0.00010905657,0.00072354515
20170427190812183.jpg,0,No DR,0,No DR,True,0.96396184,0.96396184,0.00020883836,0.034812957,0.0003185359,0.00069786684
20170429212859624.jpg,0,No DR,0,No DR,True,0.8943836,0.8943836,0.07849317,0.025421882,0.0010418802,0.00065945665
20170430200908093.jpg,0,No DR,0,No DR,True,0.9514745,0.9514745,0.0004856012,0.045005742,0.000829157,0.0022051332
20170412103630403.jpg,0,No DR,0,No DR,True,0.9076276,0.9076276,0.002578138,0.08905576,8.90327e-05,0.0006495556
20170327082614262.jpg,0,No DR,0,No DR,True,0.80860883,0.80860883,0.002092782,0.18918002,8.3782244e-05,3.460704e-05
007-6522-400.jpg,4,Proliferative,4,Proliferative,True,0.94605005,0.0004970296,1.3550344e-05,0.053070977,0.00036845196,0.94605005
007-0202-000.jpg,0,No DR,0,No DR,True,0.6578283,0.6578283,0.008062483,0.33320475,7.50543e-05,0.00082936476
007-2838-100.jpg,2,Moderate,2,Moderate,True,0.7728209,0.07512641,0.022048343,0.7728209,0.0036990428,0.12630531
007-5621-300.jpg,2,Moderate,2,Moderate,True,0.9671619,0.002713277,0.0060711782,0.9671619,0.023997325,5.6285982e-05
20170607082814304.jpg,2,Moderate,2,Moderate,True,0.7273968,0.037730727,0.07352224,0.7273968,0.15877753,0.002572709
007-1910-100.jpg,1,Mild,1,Mild,True,0.5147346,0.042127464,0.5147346,0.43152753,0.010760858,0.0008494932
007-3870-200.jpg,2,Moderate,2,Moderate,True,0.94766873,0.0017503646,0.003943699,0.94766873,7.1805676e-05,0.046565384
007-5463-300.jpg,2,Moderate,2,Moderate,True,0.5734023,0.062198598,0.25345534,0.5734023,0.110106535,0.000837262
007-6768-400.jpg,4,Proliferative,4,Proliferative,True,0.99823207,5.2026637e-05,7.034902e-05,0.00069514354,0.0009503746,0.99823207
20170511205922006.jpg,2,Moderate,2,Moderate,True,0.7379753,0.01780373,0.044317614,0.7379753,0.00058436213,0.19931903
20170227234628176.jpg,0,No DR,0,No DR,True,0.94762343,0.94762343,0.009274191,0.04283993,0.00014250101,0.000119961616
20170514222515286.jpg,2,Moderate,2,Moderate,True,0.5031367,0.039184142,0.0035010758,0.5031367,0.4538089,0.00036918314
20170601160745959.jpg,3,Severe,3,Severe,True,0.81998533,0.0042464803,9.145851e-05,0.17498125,0.81998533,0.0006954238
20170626103616982.jpg,2,Moderate,2,Moderate,True,0.66191465,0.06355093,0.27184263,0.66191465,0.0025196772,0.00017210511
007-2618-100.jpg,2,Moderate,0,No DR,False,0.7772801,0.7772801,0.13368711,0.08895966,3.565978e-05,3.7437698e-05
007-7038-400.jpg,4,Proliferative,4,Proliferative,True,0.99152946,6.031344e-05,3.17658e-05,0.007724204,0.00065431703,0.99152946
20170429205542770.jpg,0,No DR,0,No DR,True,0.9644398,0.9644398,0.0056751394,0.02982814,2.2039148e-05,3.4783327e-05
007-6239-300.jpg,3,Severe,2,Moderate,False,0.65810776,0.0013922186,5.867342e-05,0.65810776,0.18220279,0.1582386
007-5660-300.jpg,2,Moderate,3,Severe,False,0.9572128,0.00012605288,0.0008023993,0.037902817,0.9572128,0.003955883
20170228222045497.jpg,0,No DR,0,No DR,True,0.8631034,0.8631034,0.0039100675,0.13286048,8.179915e-05,4.4358556e-05
20170430201405963.jpg,0,No DR,0,No DR,True,0.9666785,0.9666785,0.0056914603,0.02687031,6.23448e-05,0.0006974107
007-0203-000.jpg,0,No DR,0,No DR,True,0.90222925,0.90222925,0.0010529067,0.09605198,3.616639e-05,0.0006296794
20170209151248467.jpg,0,No DR,0,No DR,True,0.82306015,0.82306015,0.009477304,0.16722225,0.00017887246,6.1464365e-05
20170213170102397.jpg,0,No DR,0,No DR,True,0.78563946,0.78563946,0.06066934,0.15359527,6.183992e-05,3.4057997e-05
007-1185-000.jpg,1,Mild,0,No DR,False,0.5628681,0.5628681,0.39085472,0.046065796,6.6591296e-05,0.0001447091
007-5065-300.jpg,2,Moderate,2,Moderate,True,0.8437875,0.004079223,0.051157437,0.8437875,0.042291693,0.0586841
20170427190805533.jpg,0,No DR,0,No DR,True,0.9365775,0.9365775,0.0024591815,0.056005545,0.0022738525,0.0026838793
20170120215348972.jpg,0,No DR,0,No DR,True,0.9602462,0.9602462,0.018099621,0.02118305,0.00043090232,4.021451e-05
007-2239-100.jpg,2,Moderate,0,No DR,False,0.35673612,0.35673612,0.3398062,0.29866678,0.004647417,0.00014349932
007-6630-400.jpg,4,Proliferative,4,Proliferative,True,0.99706584,0.00049921795,0.00045320415,0.00087094854,0.0011107993,0.99706584
20170123085823477.jpg,0,No DR,0,No DR,True,0.9669367,0.9669367,0.008807082,0.02418218,2.1580603e-05,5.240664e-05
007-1603-000.jpg,0,No DR,0,No DR,True,0.8931005,0.8931005,0.041843463,0.06467333,0.0002943772,8.8376015e-05
007-3751-200.jpg,3,Severe,2,Moderate,False,0.7950647,4.244864e-05,0.003471254,0.7950647,0.011760663,0.18966095
007-2499-100.jpg,2,Moderate,1,Mild,False,0.72149396,0.23161104,0.72149396,0.046802655,8.581673e-05,6.485882e-06
007-7104-400.jpg,4,Proliferative,4,Proliferative,True,0.9894315,0.0005005339,0.00035163984,0.0077062952,0.0020099985,0.9894315
007-4148-200.jpg,2,Moderate,2,Moderate,True,0.96555585,0.00021560915,0.0001331132,0.96555585,0.022056893,0.012038455
007-2901-100.jpg,2,Moderate,2,Moderate,True,0.9898302,0.005678636,0.00013272068,0.9898302,0.0007080318,0.0036504182
007-6050-300.jpg,2,Moderate,2,Moderate,True,0.98992586,0.0013209463,0.0011557401,0.98992586,0.00015151215,0.007445854
20170430194922807.jpg,0,No DR,0,No DR,True,0.59127283,0.59127283,0.0032816145,0.39111465,0.0056726066,0.008658271
007-1103-000.jpg,0,No DR,0,No DR,True,0.94730794,0.94730794,0.0017606326,0.050080623,4.636891e-05,0.0008045231
007-4120-200.jpg,2,Moderate,2,Moderate,True,0.9565518,0.005544788,0.0040280856,0.9565518,0.00071564264,0.03315964
20170427211751211.jpg,0,No DR,0,No DR,True,0.7982111,0.7982111,0.033631817,0.16790728,0.00016836454,8.1461905e-05
007-3108-100.jpg,2,Moderate,2,Moderate,True,0.8592209,0.12452573,0.006410548,0.8592209,0.001471509,0.008371282
20170407223435565.jpg,0,No DR,0,No DR,True,0.94539446,0.94539446,0.00999137,0.043355238,0.00046891219,0.00079004705
007-6816-400.jpg,4,Proliferative,4,Proliferative,True,0.97840357,0.00037079208,0.0016693245,0.019015372,0.0005410283,0.97840357
20170227235708188.jpg,0,No DR,0,No DR,True,0.8436205,0.8436205,0.000811861,0.1534475,0.0011249142,0.0009953439
007-0244-000.jpg,0,No DR,0,No DR,True,0.8249652,0.8249652,0.0004187585,0.17028266,0.0018787403,0.0024546566
007-3049-100.jpg,2,Moderate,0,No DR,False,0.48405656,0.48405656,0.07451888,0.42688462,0.0025965879,0.011943359
20170429221751727.jpg,0,No DR,0,No DR,True,0.93686587,0.93686587,0.008970735,0.05203942,0.0014533617,0.00067064026
20170609102229501.jpg,2,Moderate,0,No DR,False,0.44280413,0.44280413,0.17485496,0.38201582,4.0156217e-05,0.00028489623
007-6900-400.jpg,4,Proliferative,4,Proliferative,True,0.9976623,3.8842e-06,0.00041127537,0.0017617814,0.00016065552,0.9976623
007-3791-200.jpg,2,Moderate,2,Moderate,True,0.9705711,0.009913495,0.01940634,0.9705711,7.488242e-05,3.423838e-05
20170429200334930.jpg,0,No DR,0,No DR,True,0.87546533,0.87546533,0.0019790751,0.1104453,0.004394021,0.007716359
007-2487-100.jpg,2,Moderate,1,Mild,False,0.60800236,0.10974494,0.60800236,0.2818245,0.0002513264,0.00017680861
007-3733-200.jpg,2,Moderate,2,Moderate,True,0.87320244,0.05037038,0.006930344,0.87320244,0.05862808,0.010868792
007-3151-100.jpg,2,Moderate,2,Moderate,True,0.61364806,0.24156666,0.05086274,0.61364806,0.08105888,0.012863609
20170407131109468.jpg,0,No DR,2,Moderate,False,0.608098,0.2913825,0.09734128,0.608098,0.0024590967,0.0007191974
007-6922-400.jpg,4,Proliferative,2,Moderate,False,0.6157413,0.06301273,0.016521428,0.6157413,0.05524325,0.24948126
007-3110-100.jpg,2,Moderate,2,Moderate,True,0.9618323,0.015108126,0.0011896411,0.9618323,0.0015954942,0.020274416
20170216090134393.jpg,0,No DR,0,No DR,True,0.87550944,0.87550944,0.019076135,0.1048353,5.6399946e-05,0.0005227284
007-0517-000.jpg,0,No DR,0,No DR,True,0.5356035,0.5356035,0.3145392,0.14967042,0.00014664768,4.0317613e-05
007-2919-100.jpg,2,Moderate,0,No DR,False,0.75200266,0.75200266,0.20612796,0.041703664,3.6763027e-05,0.00012897661
007-1501-000.jpg,1,Mild,0,No DR,False,0.91942817,0.91942817,0.060173277,0.020381814,6.367887e-06,1.0419334e-05
20170430200115232.jpg,0,No DR,0,No DR,True,0.97022825,0.97022825,0.00088134495,0.028781202,5.4619904e-05,5.457195e-05
007-1173-000.jpg,0,No DR,0,No DR,True,0.8381802,0.8381802,0.052767422,0.10899426,2.729656e-05,3.0728595e-05
20170331095158526.jpg,0,No DR,0,No DR,True,0.82951665,0.82951665,0.0012065021,0.16544954,0.00014364821,0.0036835875
007-2960-100.jpg,1,Mild,1,Mild,True,0.5091636,0.21092014,0.5091636,0.26936474,0.0096282065,0.00092329114
007-6765-400.jpg,4,Proliferative,2,Moderate,False,0.9185548,0.0016577824,0.0011130526,0.9185548,0.04330469,0.035369672
007-6525-400.jpg,4,Proliferative,4,Proliferative,True,0.91361386,0.0010849815,9.610671e-05,0.081215404,0.0039895913,0.91361386
20170616090736049.jpg,2,Moderate,2,Moderate,True,0.739839,0.2479284,0.011473082,0.739839,0.00049058883,0.00026889727
007-0131-000.jpg,0,No DR,0,No DR,True,0.85401714,0.85401714,0.002412594,0.14280054,1.015151e-05,0.00075972994
20170429204331636.jpg,0,No DR,0,No DR,True,0.9570647,0.9570647,0.0005071643,0.04044871,0.0009474045,0.0010320573
007-6996-400.jpg,2,Moderate,2,Moderate,True,0.69828343,0.014287143,0.00053380255,0.69828343,0.003868804,0.28302684
20170324081733358.jpg,0,No DR,0,No DR,True,0.8489933,0.8489933,0.011494752,0.1366171,0.0021039434,0.00079098233
007-4568-200.jpg,2,Moderate,2,Moderate,True,0.9864834,0.0019325977,0.00017523803,0.9864834,0.0029470196,0.008461724
20170214100611376.jpg,0,No DR,1,Mild,False,0.7351958,0.25487843,0.7351958,0.009754011,0.00016594109,5.815142e-06
20170106171110532.jpg,0,No DR,0,No DR,True,0.9293201,0.9293201,0.0056085293,0.061180692,0.0013552969,0.00253536
007-5512-300.jpg,2,Moderate,2,Moderate,True,0.7560025,0.0001337427,0.07796447,0.7560025,0.16288479,0.0030145494
007-1844-100.jpg,2,Moderate,1,Mild,False,0.6689838,0.16678004,0.6689838,0.093101054,0.00094954495,0.07018553
20170621140503365.jpg,2,Moderate,2,Moderate,True,0.73065096,0.1932724,0.07464524,0.73065096,0.0013039752,0.00012748915
20170429200158774.jpg,0,No DR,0,No DR,True,0.91688406,0.91688406,0.0075739007,0.06901145,0.005809679,0.0007209004
20170427182611210.jpg,0,No DR,0,No DR,True,0.9706604,0.9706604,0.0014579685,0.025065072,0.0024209644,0.0003956675
20170627112932912.jpg,2,Moderate,2,Moderate,True,0.98965865,0.0013691455,0.007645396,0.98965865,0.00041225037,0.00091449625
20170414102752964.jpg,0,No DR,0,No DR,True,0.8924259,0.8924259,0.04033491,0.06723624,1.7137695e-07,2.7957315e-06
20170316103544609.jpg,0,No DR,1,Mild,False,0.46813655,0.33646175,0.46813655,0.1906816,0.0046446044,7.5511874e-05
007-4220-200.jpg,2,Moderate,1,Mild,False,0.7716507,0.01597172,0.7716507,0.20535353,0.0006809439,0.0063431347
20170323130757983.jpg,0,No DR,2,Moderate,False,0.59164286,0.29807812,0.10843462,0.59164286,0.0007436155,0.0011008307
20170326095045439.jpg,0,No DR,0,No DR,True,0.90372545,0.90372545,0.064166665,0.032076012,9.888228e-07,3.0882475e-05
007-1511-000.jpg,0,No DR,0,No DR,True,0.9112192,0.9112192,0.015837189,0.0717619,0.0003705231,0.0008111745
007-3261-100.jpg,1,Mild,2,Moderate,False,0.49581337,0.42310926,0.041806467,0.49581337,0.001723313,0.037547506
007-0969-000.jpg,0,No DR,0,No DR,True,0.8134808,0.8134808,0.049080227,0.13693355,0.0003756014,0.00012983203
007-1219-000.jpg,0,No DR,0,No DR,True,0.53411746,0.53411746,0.014208315,0.45141214,0.0002272829,3.480726e-05
007-3036-100.jpg,1,Mild,2,Moderate,False,0.4005673,0.34368125,0.25491533,0.4005673,0.00016063647,0.0006755146
007-6567-400.jpg,4,Proliferative,4,Proliferative,True,0.9820779,0.0011987628,0.0003727048,0.0040802094,0.012270444,0.9820779
007-2555-100.jpg,2,Moderate,2,Moderate,True,0.5641237,0.051385943,0.34148455,0.5641237,0.0028029268,0.04020293
20170215225711779.jpg,0,No DR,0,No DR,True,0.90053743,0.90053743,0.05516389,0.04410079,5.8178444e-05,0.0001396792
007-2506-100.jpg,2,Moderate,2,Moderate,True,0.45928198,0.45349967,0.013375826,0.45928198,0.0003262036,0.07351627
007-0226-000.jpg,0,No DR,0,No DR,True,0.7522023,0.7522023,0.0010006201,0.22437944,0.0008056245,0.02161201
20170430201528262.jpg,0,No DR,0,No DR,True,0.86055446,0.86055446,0.01822747,0.11886072,0.0006214188,0.0017359272
007-7192-400.jpg,4,Proliferative,4,Proliferative,True,0.9888243,0.0033310594,0.0013347066,0.004609832,0.0019000467,0.9888243
007-4178-200.jpg,2,Moderate,2,Moderate,True,0.85876304,0.0021253587,0.041421276,0.85876304,0.09154172,0.0061485763
007-2462-100.jpg,2,Moderate,1,Mild,False,0.9435393,0.0009635267,0.9435393,0.053377938,0.0003824409,0.0017368491
007-7729-601.jpg,2,Moderate,2,Moderate,True,0.61768186,0.24362606,0.0029894395,0.61768186,0.0014224177,0.13428015
007-6548-400.jpg,4,Proliferative,4,Proliferative,True,0.937752,0.00028392533,0.0001224908,0.005217044,0.056624446,0.937752
007-2367-100.jpg,1,Mild,0,No DR,False,0.7469943,0.7469943,0.027340544,0.22564034,1.451052e-05,1.0291099e-05
20170215223446750.jpg,0,No DR,0,No DR,True,0.660504,0.660504,0.2888865,0.049673844,0.00066717307,0.00026856284
20170222152702689.jpg,0,No DR,0,No DR,True,0.74753046,0.74753046,0.18672548,0.06557375,0.00014530458,2.5069881e-05
007-6605-400.jpg,4,Proliferative,4,Proliferative,True,0.7371108,0.004959322,0.0006634591,0.25394633,0.0033201221,0.7371108
20170404145601593.jpg,0,No DR,0,No DR,True,0.6542052,0.6542052,0.23979977,0.10444635,0.0015063704,4.2368003e-05
007-4630-200.jpg,2,Moderate,2,Moderate,True,0.8652705,0.00011836424,3.3350984e-06,0.8652705,0.00014574068,0.13446212
20170429202319993.jpg,0,No DR,0,No DR,True,0.502361,0.502361,0.0006462699,0.48132914,0.0030476723,0.0126158865
007-2267-100.jpg,1,Mild,1,Mild,True,0.8035009,0.003994673,0.8035009,0.19236621,6.0161412e-05,7.806684e-05
20170410095228806.jpg,0,No DR,0,No DR,True,0.7708894,0.7708894,0.02941425,0.19815758,0.00032045733,0.0012183221
007-6235-300.jpg,2,Moderate,2,Moderate,True,0.8828703,0.06378588,0.05248685,0.8828703,6.453515e-05,0.00079247257
20170516092409004.jpg,2,Moderate,2,Moderate,True,0.973092,0.0013004439,0.0008899354,0.973092,0.0011443906,0.023573173
20170424155625870.jpg,0,No DR,0,No DR,True,0.9504692,0.9504692,0.01645015,0.033028327,2.7237835e-05,2.5189918e-05
007-6261-300.jpg,2,Moderate,2,Moderate,True,0.8187826,0.09071057,0.086910486,0.8187826,0.0015890575,0.0020073426
007-7146-400.jpg,4,Proliferative,4,Proliferative,True,0.9872973,0.0023611241,8.923366e-05,0.004551197,0.0057011945,0.9872973
007-0620-000.jpg,0,No DR,0,No DR,True,0.8668588,0.8668588,0.001459573,0.13156465,2.5839163e-05,9.1211055e-05
20170226094501379.jpg,0,No DR,0,No DR,True,0.97171247,0.97171247,0.013687851,0.014594667,2.1964363e-06,2.7351832e-06
20170327112955216.jpg,0,No DR,0,No DR,True,0.5901053,0.5901053,0.0011437477,0.4085432,0.00016991167,3.783862e-05
007-2785-100.jpg,1,Mild,2,Moderate,False,0.9329318,0.042065065,0.009726105,0.9329318,0.013844949,0.0014321345
20170209143329557.jpg,0,No DR,1,Mild,False,0.47394186,0.38331172,0.47394186,0.1418833,0.0006276413,0.00023549145
20170616090841491.jpg,2,Moderate,2,Moderate,True,0.84436715,0.10980224,0.0020360274,0.84436715,0.04120044,0.002594081
007-4004-200.jpg,2,Moderate,0,No DR,False,0.7737838,0.7737838,0.008014328,0.2181359,4.229896e-05,2.3669438e-05
20170408215230674.jpg,0,No DR,0,No DR,True,0.9684525,0.9684525,0.005382999,0.026098218,1.7053657e-05,4.9216393e-05
007-8268-602.jpg,2,Moderate,4,Proliferative,False,0.9610388,0.0059296563,0.001999857,0.030204693,0.00082705094,0.9610388
20170412084611885.jpg,0,No DR,0,No DR,True,0.88738984,0.88738984,0.09800009,0.014474198,8.79238e-05,4.8007005e-05
007-6864-400.jpg,4,Proliferative,4,Proliferative,True,0.85692996,0.060126293,0.0069692396,0.075678825,0.00029565842,0.85692996
007-3352-200.jpg,2,Moderate,2,Moderate,True,0.91871315,0.06212454,0.01463524,0.91871315,0.0012122857,0.003314759
007-4807-300.jpg,2,Moderate,2,Moderate,True,0.53815866,0.42665687,0.016960273,0.53815866,6.347005e-05,0.018160686
20170428090609601.jpg,0,No DR,0,No DR,True,0.8888223,0.8888223,0.021234805,0.08992422,9.819435e-06,8.872643e-06
007-6832-400.jpg,4,Proliferative,4,Proliferative,True,0.9935928,0.0009529197,0.002198235,0.0029585408,0.00029757438,0.9935928
20170609165633187.jpg,2,Moderate,1,Mild,False,0.51363194,0.023542222,0.51363194,0.45842844,0.0035820648,0.00081536477
007-2450-100.jpg,2,Moderate,2,Moderate,True,0.5085716,0.3025213,0.18797168,0.5085716,9.724201e-05,0.00083810627
007-6815-400.jpg,4,Proliferative,4,Proliferative,True,0.99551827,9.027631e-05,0.00042375643,0.0039000895,6.756652e-05,0.99551827
20170207174536612.jpg,0,No DR,0,No DR,True,0.92967623,0.92967623,0.058533307,0.011282657,0.00039202368,0.00011584856
20170503192804965.jpg,2,Moderate,2,Moderate,True,0.5579641,0.39011863,0.04651103,0.5579641,0.0016013832,0.0038048553
007-2452-100.jpg,2,Moderate,1,Mild,False,0.7640496,0.001402772,0.7640496,0.22274892,0.00755393,0.004244776
20170429211807328.jpg,0,No DR,0,No DR,True,0.9438321,0.9438321,0.005159243,0.04160972,0.0062520597,0.0031468165
007-1700-000.jpg,0,No DR,0,No DR,True,0.589103,0.589103,0.0032163865,0.40766126,2.6189678e-06,1.6803944e-05
007-5787-300.jpg,2,Moderate,3,Severe,False,0.59701526,0.0031811523,0.0028415048,0.3817645,0.59701526,0.015197525
007-1068-000.jpg,0,No DR,0,No DR,True,0.58753,0.58753,0.37954897,0.032330304,0.00045467442,0.00013602812
007-2856-100.jpg,1,Mild,0,No DR,False,0.51173615,0.51173615,0.10455547,0.3832352,0.00042411973,4.906804e-05
007-5849-300.jpg,2,Moderate,2,Moderate,True,0.91762626,0.03120286,0.049096655,0.91762626,0.001937813,0.00013637754
007-4889-300.jpg,2,Moderate,0,No DR,False,0.5658066,0.5658066,0.023873128,0.39923155,0.0017684593,0.009320242
20170525100049684.jpg,2,Moderate,2,Moderate,True,0.9959293,0.0001724424,0.00065544166,0.9959293,0.0029654966,0.00027724443
007-1174-000.jpg,0,No DR,1,Mild,False,0.48707888,0.47553715,0.48707888,0.03737149,1.94408e-06,1.05425215e-05
007-2348-100.jpg,1,Mild,1,Mild,True,0.7576272,0.21199976,0.7576272,0.029733386,0.0006022611,3.7488062e-05
007-8236-602.jpg,0,No DR,0,No DR,True,0.54295605,0.54295605,0.04001213,0.41543072,0.0010591461,0.00054200744
007-2584-100.jpg,2,Moderate,2,Moderate,True,0.7265737,0.26634273,0.0016292467,0.7265737,0.004905184,0.0005490759
20170401095655999.jpg,0,No DR,0,No DR,True,0.85555977,0.85555977,0.0032153788,0.14120306,7.760292e-07,2.1015838e-05
007-5662-300.jpg,2,Moderate,2,Moderate,True,0.878618,0.01808394,0.0069418848,0.878618,0.017094782,0.079261385
007-0998-000.jpg,0,No DR,0,No DR,True,0.82250214,0.82250214,0.020317726,0.15420906,0.0011571441,0.0018138932
007-4803-300.jpg,2,Moderate,2,Moderate,True,0.9209904,0.051827677,0.0062329895,0.9209904,0.020624032,0.00032497686
007-0514-000.jpg,0,No DR,0,No DR,True,0.89190406,0.89190406,0.04383675,0.06398355,1.520016e-05,0.0002605197
20170324091735788.jpg,0,No DR,0,No DR,True,0.9280678,0.9280678,0.0003759976,0.06737168,0.00021721177,0.0039673154
20170428082715541.jpg,0,No DR,0,No DR,True,0.9719721,0.9719721,0.00036249956,0.02751026,0.00014195807,1.3253714e-05
007-6890-400.jpg,4,Proliferative,4,Proliferative,True,0.9874276,2.675602e-05,2.3130355e-05,0.005242165,0.007280414,0.9874276
007-8237-602.jpg,0,No DR,2,Moderate,False,0.56266624,0.02450225,0.0022473724,0.56266624,0.0050376956,0.4055464
20170429213412314.jpg,0,No DR,0,No DR,True,0.9255828,0.9255828,0.0006197459,0.07238257,0.00128936,0.00012559326
20170329085831428.jpg,0,No DR,0,No DR,True,0.8569358,0.8569358,0.00083927746,0.14198126,0.00021064188,3.2974043e-05
007-2698-100.jpg,2,Moderate,2,Moderate,True,0.83448684,0.0340026,0.100850396,0.83448684,0.0067155357,0.023944648
20170424094834530.jpg,0,No DR,0,No DR,True,0.7261384,0.7261384,0.031488378,0.24211463,4.5803063e-06,0.00025393168
007-1457-000.jpg,0,No DR,0,No DR,True,0.80634797,0.80634797,0.036351677,0.15660328,0.0005796201,0.000117491094
007-4620-200.jpg,2,Moderate,4,Proliferative,False,0.59640455,0.15361884,0.0012367443,0.24690855,0.0018313361,0.59640455
20170430193321931.jpg,0,No DR,0,No DR,True,0.94292057,0.94292057,0.002281189,0.048208207,0.0039743287,0.002615624
007-0660-000.jpg,0,No DR,0,No DR,True,0.8481501,0.8481501,0.010012242,0.1417188,2.0113143e-06,0.00011676931
007-2273-100.jpg,1,Mild,0,No DR,False,0.47486305,0.47486305,0.19772601,0.32480213,0.001973266,0.00063549844
007-6949-400.jpg,4,Proliferative,4,Proliferative,True,0.9845079,0.005163933,0.00038116798,0.009758202,0.0001887633,0.9845079
007-0414-000.jpg,0,No DR,0,No DR,True,0.95037353,0.95037353,0.012732717,0.036744922,1.9248366e-05,0.00012965496
007-6696-400.jpg,4,Proliferative,4,Proliferative,True,0.8877079,0.010802065,0.0033131605,0.091007404,0.007169474,0.8877079
20170407231958802.jpg,0,No DR,0,No DR,True,0.89879775,0.89879775,0.0008579104,0.096541114,0.00010073989,0.003702555
20170409201706285.jpg,0,No DR,0,No DR,True,0.7338581,0.7338581,0.00029643942,0.26257542,0.00106122,0.0022088739
007-6422-400.jpg,4,Proliferative,4,Proliferative,True,0.6022302,0.020905871,0.0033360342,0.27504793,0.09847991,0.6022302
007-3109-100.jpg,2,Moderate,0,No DR,False,0.52895385,0.52895385,0.07053129,0.39881963,6.463512e-06,0.0016887687
20170522095812915.jpg,2,Moderate,0,No DR,False,0.6705824,0.6705824,0.096814975,0.23141436,0.0009515467,0.00023667907
20170605153241003.jpg,1,Mild,2,Moderate,False,0.9206905,0.05969389,0.016997209,0.9206905,0.00052992936,0.0020885067
20170323110340307.jpg,0,No DR,0,No DR,True,0.96131635,0.96131635,0.02967358,0.008999561,3.3647086e-06,7.118029e-06
007-0156-000.jpg,2,Moderate,0,No DR,False,0.7817657,0.7817657,0.0031329833,0.21495084,8.698711e-06,0.00014183947
007-5837-300.jpg,2,Moderate,2,Moderate,True,0.983093,0.0004956446,0.00023521582,0.983093,0.011469268,0.0047068503
20170530104857438.jpg,2,Moderate,2,Moderate,True,0.47092512,0.14413364,0.37722117,0.47092512,0.0049026543,0.0028173437
007-6149-300.jpg,2,Moderate,2,Moderate,True,0.95637053,0.02514404,0.010139968,0.95637053,0.00013263358,0.008212843
20170226230728104.jpg,0,No DR,0,No DR,True,0.9190226,0.9190226,0.021598216,0.059334606,1.819905e-05,2.640074e-05
20170327114657010.jpg,0,No DR,0,No DR,True,0.9520212,0.9520212,0.0018588074,0.04590173,0.00012831386,9.00048e-05
007-6586-400.jpg,4,Proliferative,4,Proliferative,True,0.9816301,0.0013115151,0.0013972161,0.012427643,0.003233527,0.9816301
007-3093-100.jpg,2,Moderate,1,Mild,False,0.429663,0.18569855,0.429663,0.38155305,0.00026383728,0.0028215793
20170629195200847.jpg,2,Moderate,2,Moderate,True,0.8105699,0.16452377,0.022702977,0.8105699,0.0020383582,0.00016500273
20170428100642582.jpg,0,No DR,0,No DR,True,0.8873097,0.8873097,0.059975058,0.05253447,2.3292829e-05,0.00015746285
007-2833-100.jpg,2,Moderate,2,Moderate,True,0.7273245,0.24860899,0.015032692,0.7273245,0.0046535027,0.0043802853
007-0869-000.jpg,0,No DR,0,No DR,True,0.8870228,0.8870228,0.0017845389,0.093650214,0.0032599813,0.014282493
20170324091221882.jpg,0,No DR,0,No DR,True,0.6713721,0.6713721,0.26838416,0.058442626,0.0013695108,0.00043164147
007-2309-100.jpg,0,No DR,0,No DR,True,0.79798824,0.79798824,0.01547609,0.18486431,0.00027399758,0.0013973591
007-2819-100.jpg,2,Moderate,2,Moderate,True,0.6694034,0.18307987,0.0662,0.6694034,0.0008446647,0.080472074
007-5590-300.jpg,2,Moderate,2,Moderate,True,0.39037952,0.31068277,0.29195967,0.39037952,0.0053452626,0.0016327116
20170323082951101.jpg,0,No DR,0,No DR,True,0.7465718,0.7465718,0.004673586,0.24844055,0.0001526758,0.00016143596
20170321103950081.jpg,0,No DR,0,No DR,True,0.5425219,0.5425219,0.21726833,0.2397361,0.0003741832,9.9518555e-05
007-4277-200.jpg,2,Moderate,2,Moderate,True,0.85952055,0.118230514,0.004696971,0.85952055,0.008026303,0.009525596
007-2518-100.jpg,1,Mild,2,Moderate,False,0.4921018,0.41254717,0.09397787,0.4921018,0.00044228544,0.0009309577
007-6016-300.jpg,2,Moderate,2,Moderate,True,0.9607874,0.015903113,0.00041285035,0.9607874,0.018466262,0.00443038
007-0853-000.jpg,0,No DR,0,No DR,True,0.7303171,0.7303171,0.23300813,0.036617186,4.0387364e-05,1.7110042e-05
20170427190551011.jpg,0,No DR,0,No DR,True,0.94468147,0.94468147,0.0012803272,0.049328003,0.0021593503,0.0025508418
007-5524-300.jpg,3,Severe,3,Severe,True,0.91715354,3.893848e-05,0.00019231503,0.0015283128,0.91715354,0.08108696
007-2321-100.jpg,2,Moderate,1,Mild,False,0.6194069,0.2100047,0.6194069,0.16688366,1.2255643e-05,0.0036925008
20170612142011722.jpg,2,Moderate,2,Moderate,True,0.70554084,0.020688443,0.2726395,0.70554084,0.00039328414,0.0007379784
007-0685-000.jpg,0,No DR,0,No DR,True,0.76541305,0.76541305,0.04314275,0.18968102,0.0011522537,0.0006108472
007-0328-000.jpg,0,No DR,0,No DR,True,0.9399518,0.9399518,0.007888954,0.049985453,0.0005110487,0.0016626773
20170123102700555.jpg,0,No DR,0,No DR,True,0.92671084,0.92671084,0.0013786246,0.071444,6.5514956e-05,0.00040104924
007-4699-200.jpg,2,Moderate,2,Moderate,True,0.8861728,0.010716173,0.004130736,0.8861728,0.0126775,0.0863028
20170612233619184.jpg,2,Moderate,1,Mild,False,0.6286703,0.07896058,0.6286703,0.28957027,0.0006541087,0.0021447786
007-2492-100.jpg,1,Mild,1,Mild,True,0.7442502,0.11344779,0.7442502,0.1401902,0.00030262064,0.0018092211
20170520101042385.jpg,2,Moderate,0,No DR,False,0.6315951,0.6315951,0.003002091,0.36381704,0.00042188348,0.0011639394
007-5661-300.jpg,3,Severe,3,Severe,True,0.7666312,0.00017483647,9.6554875e-05,0.056834344,0.7666312,0.17626305
007-4108-200.jpg,2,Moderate,2,Moderate,True,0.7179648,0.19807766,0.024939898,0.7179648,2.3734923e-05,0.058993846
007-1752-000.jpg,0,No DR,1,Mild,False,0.4439053,0.37116435,0.4439053,0.18460205,0.00015795471,0.00017026528
20170612085457865.jpg,2,Moderate,2,Moderate,True,0.9093901,0.016973356,0.0020769516,0.9093901,0.057553146,0.014006394
007-0188-000.jpg,0,No DR,1,Mild,False,0.87735146,0.030330516,0.87735146,0.092274874,8.741922e-06,3.4416535e-05
007-4816-300.jpg,2,Moderate,2,Moderate,True,0.6424984,0.047246207,0.048420195,0.6424984,0.009727042,0.25210813
007-4007-200.jpg,2,Moderate,2,Moderate,True,0.7845804,0.19607,0.007130858,0.7845804,0.00990423,0.0023145706
007-4328-200.jpg,2,Moderate,2,Moderate,True,0.9592203,0.013586561,0.0111973975,0.9592203,0.004352674,0.011643018
007-7707-601.jpg,2,Moderate,2,Moderate,True,0.5111233,0.23729672,0.026210336,0.5111233,0.026913533,0.19845611
20170430145041016.jpg,0,No DR,0,No DR,True,0.7977903,0.7977903,0.004703649,0.19697997,0.00045490498,7.114409e-05
20170408215951874.jpg,0,No DR,0,No DR,True,0.8926308,0.8926308,0.0063616866,0.10089884,2.3666576e-05,8.5072475e-05
20170430200912409.jpg,0,No DR,0,No DR,True,0.95209724,0.95209724,0.00012504248,0.04166871,0.004178877,0.00193013
007-4863-300.jpg,2,Moderate,1,Mild,False,0.8122394,0.0014595977,0.8122394,0.1797357,0.006483894,8.142278e-05
20170221145429884.jpg,0,No DR,0,No DR,True,0.8167141,0.8167141,0.06826828,0.114938304,6.8262666e-06,7.2403236e-05
007-6339-400.jpg,4,Proliferative,3,Severe,False,0.41292232,0.004326984,0.0016383956,0.3161127,0.41292232,0.26499957
007-5758-300.jpg,2,Moderate,2,Moderate,True,0.91825515,0.009830666,0.06679655,0.91825515,0.004206629,0.0009110114
007-5471-300.jpg,2,Moderate,2,Moderate,True,0.89861953,0.022912867,0.07343592,0.89861953,0.005003665,2.8014076e-05
007-7255-400.jpg,4,Proliferative,4,Proliferative,True,0.97403675,0.013949271,0.001726695,0.010215233,7.1997056e-05,0.97403675
007-8149-601.jpg,2,Moderate,2,Moderate,True,0.741823,0.09718889,0.00207763,0.741823,9.9494435e-05,0.15881093
007-1625-000.jpg,0,No DR,0,No DR,True,0.7333661,0.7333661,0.23001799,0.036447145,0.00014673077,2.2067865e-05
007-3923-200.jpg,2,Moderate,0,No DR,False,0.6375874,0.6375874,0.036357995,0.325152,0.00069650536,0.0002061532
007-2642-100.jpg,2,Moderate,0,No DR,False,0.80124176,0.80124176,0.013574159,0.18469322,9.666958e-05,0.0003941509
007-7685-601.jpg,0,No DR,0,No DR,True,0.6753002,0.6753002,0.001069318,0.31248698,3.7028105e-05,0.011106562
007-4370-200.jpg,2,Moderate,2,Moderate,True,0.94438094,0.0006276146,7.697432e-05,0.94438094,0.0019704194,0.05294413
007-0436-000.jpg,0,No DR,0,No DR,True,0.85192126,0.85192126,0.010849882,0.13721375,7.069949e-06,8.064762e-06
20170327104857725.jpg,0,No DR,0,No DR,True,0.89324665,0.89324665,0.003893876,0.09334227,0.0038355547,0.005681656
007-6087-300.jpg,2,Moderate,2,Moderate,True,0.85178185,0.018040223,0.0006495218,0.85178185,0.12851498,0.0010133856
20170417141233374.jpg,0,No DR,0,No DR,True,0.60321414,0.60321414,0.36242086,0.034340046,3.5389724e-06,2.1423797e-05
20170518092011904.jpg,2,Moderate,2,Moderate,True,0.78090775,0.001858037,0.032395758,0.78090775,0.16160397,0.023234503
007-0759-000.jpg,0,No DR,0,No DR,True,0.75136536,0.75136536,0.007796681,0.23898263,0.0006635188,0.0011918409
007-7240-400.jpg,4,Proliferative,2,Moderate,False,0.62981594,0.0034133892,0.00014716486,0.62981594,0.0026638522,0.36395964
20170430192959163.jpg,0,No DR,0,No DR,True,0.9665198,0.9665198,0.012931057,0.019568242,0.0009322218,4.873733e-05
20170608153659715.jpg,2,Moderate,2,Moderate,True,0.75475466,0.094313994,0.119330235,0.75475466,0.02594161,0.0056595714
007-2108-100.jpg,2,Moderate,2,Moderate,True,0.8668949,0.00013866527,0.00012952652,0.8668949,0.0022262607,0.13061066
007-0698-000.jpg,0,No DR,0,No DR,True,0.7096815,0.7096815,0.06658469,0.22336675,0.00019606933,0.00017094884
007-0552-000.jpg,0,No DR,0,No DR,True,0.8636778,0.8636778,0.0032921508,0.13151391,5.9614814e-07,0.0015155523
20170210165822208.jpg,0,No DR,0,No DR,True,0.72295177,0.72295177,0.22725724,0.049422964,0.00030414827,6.394749e-05
007-5214-300.jpg,2,Moderate,4,Proliferative,False,0.5757936,0.06309068,0.005246136,0.35553905,0.0003305481,0.5757936
007-6257-300.jpg,2,Moderate,2,Moderate,True,0.8809083,0.012215309,0.0164314,0.8809083,0.09006293,0.0003819447
20170602155247616.jpg,2,Moderate,2,Moderate,True,0.77521783,0.0033968808,0.012126601,0.77521783,0.20140003,0.007858638
007-3004-100.jpg,2,Moderate,2,Moderate,True,0.5748303,0.39700007,0.027717477,0.5748303,0.00015990609,0.00029225159
20170504211026647.jpg,2,Moderate,0,No DR,False,0.8547681,0.8547681,0.0026096227,0.13993518,0.002299352,0.00038767225
20170420184440359.jpg,0,No DR,0,No DR,True,0.5922121,0.5922121,0.30547604,0.10183564,0.0002123371,0.00026386834
20170524083940499.jpg,2,Moderate,2,Moderate,True,0.81757075,0.007191865,0.030301021,0.81757075,0.008158813,0.13677752
007-5107-300.jpg,2,Moderate,2,Moderate,True,0.975969,0.00010307844,1.6775659e-05,0.975969,0.022194233,0.0017168783
007-5223-300.jpg,3,Severe,3,Severe,True,0.9531809,2.6011217e-05,8.86128e-06,0.04663472,0.9531809,0.00014947295
007-2683-100.jpg,1,Mild,2,Moderate,False,0.50728035,0.40189558,0.087783076,0.50728035,0.00022482034,0.0028161446
20170329091959859.jpg,0,No DR,0,No DR,True,0.6502314,0.6502314,0.31261152,0.036839105,1.44499645e-05,0.00030353223
007-3341-200.jpg,2,Moderate,0,No DR,False,0.5094894,0.5094894,0.004731877,0.4855781,6.9903863e-06,0.00019363355
20170209164906911.jpg,0,No DR,0,No DR,True,0.8520315,0.8520315,0.11471899,0.033225194,6.182392e-06,1.8055876e-05
007-4157-200.jpg,2,Moderate,2,Moderate,True,0.8802703,0.0023012636,0.003112778,0.8802703,0.0053967847,0.10891886
007-0398-000.jpg,0,No DR,0,No DR,True,0.8515757,0.8515757,0.13224362,0.016102929,6.411469e-05,1.3583212e-05
007-3566-200.jpg,2,Moderate,2,Moderate,True,0.5813976,0.19446574,0.10383193,0.5813976,0.00034747523,0.11995724
007-7332-601.jpg,0,No DR,0,No DR,True,0.44827417,0.44827417,0.2434027,0.19637656,0.0007599899,0.11118666
007-4489-200.jpg,2,Moderate,2,Moderate,True,0.9472658,0.044112362,0.000696502,0.9472658,0.0007237355,0.0072015882
007-6170-300.jpg,2,Moderate,2,Moderate,True,0.7958546,0.20008193,0.00033431195,0.7958546,0.00021690421,0.0035122135
20170328081016390.jpg,0,No DR,0,No DR,True,0.95194244,0.95194244,0.032118622,0.015903933,1.44223495e-05,2.062591e-05
007-2050-100.jpg,2,Moderate,2,Moderate,True,0.6568944,0.20104748,0.14084783,0.6568944,0.000659282,0.0005510686
007-4457-200.jpg,2,Moderate,2,Moderate,True,0.9435873,0.01398029,0.0085651325,0.9435873,0.0004287507,0.033438504
007-3091-100.jpg,2,Moderate,2,Moderate,True,0.69181126,0.23436783,0.021975085,0.69181126,0.00027801268,0.051567763
007-3377-200.jpg,2,Moderate,2,Moderate,True,0.9819495,0.0023961319,0.00095459365,0.9819495,0.008344071,0.0063556363
007-3796-200.jpg,2,Moderate,2,Moderate,True,0.948307,0.007253378,0.03620421,0.948307,0.001035441,0.0072000287
20170324112557007.jpg,0,No DR,1,Mild,False,0.588731,0.11867819,0.588731,0.29018435,0.0022906838,0.000115795905
20170418105730020.jpg,0,No DR,0,No DR,True,0.8643148,0.8643148,0.0088190455,0.12586589,0.0006006907,0.00039967068
20170405133534347.jpg,0,No DR,0,No DR,True,0.8257419,0.8257419,0.03846425,0.13559279,0.00012296409,7.806687e-05
007-3634-200.jpg,3,Severe,2,Moderate,False,0.92410475,0.00017615876,0.00034965127,0.92410475,0.046832033,0.028537374
007-0341-000.jpg,0,No DR,0,No DR,True,0.8285558,0.8285558,0.017486207,0.15321775,0.00054358307,0.00019668318
007-4840-300.jpg,2,Moderate,2,Moderate,True,0.99103725,0.0012200502,4.3459895e-05,0.99103725,0.0016857813,0.00601349
20170302092821598.jpg,0,No DR,0,No DR,True,0.9241204,0.9241204,0.05056962,0.02528937,1.5628179e-05,4.969617e-06
007-0065-000.jpg,0,No DR,0,No DR,True,0.43660787,0.43660787,0.37147492,0.18968777,0.0018415276,0.00038787126
20170323110609014.jpg,0,No DR,0,No DR,True,0.7458225,0.7458225,0.01964519,0.2342413,0.00023867957,5.2411742e-05
20170327104159249.jpg,0,No DR,0,No DR,True,0.6523581,0.6523581,0.31811473,0.029489074,2.4695115e-05,1.3357495e-05
007-3413-200.jpg,2,Moderate,2,Moderate,True,0.9883243,0.00013620415,0.00701895,0.9883243,0.0028823137,0.0016382085
007-3961-200.jpg,2,Moderate,2,Moderate,True,0.7822462,0.21592517,0.00061756873,0.7822462,9.81732e-05,0.001112905
007-2634-100.jpg,0,No DR,0,No DR,True,0.5716649,0.5716649,0.12569413,0.30038422,0.0008282246,0.0014284545
20170422183243272.jpg,0,No DR,0,No DR,True,0.88415414,0.88415414,0.012187348,0.1024374,0.0011371602,8.396235e-05
20170427212809393.jpg,0,No DR,0,No DR,True,0.9315521,0.9315521,0.04099384,0.027194548,0.00022767621,3.192398e-05
20170215223846997.jpg,0,No DR,1,Mild,False,0.54486114,0.25597385,0.54486114,0.19769122,0.0013316771,0.0001421753
007-2977-100.jpg,2,Moderate,0,No DR,False,0.49609527,0.49609527,0.16371019,0.339258,0.00047220936,0.00046431881
20170622165648655.jpg,2,Moderate,2,Moderate,True,0.99242556,0.0013780061,0.0010090787,0.99242556,0.0046544774,0.00053289725
007-0572-000.jpg,0,No DR,0,No DR,True,0.86279523,0.86279523,0.023829073,0.11332102,4.4657867e-05,1.0002324e-05
20170618220954488.jpg,2,Moderate,2,Moderate,True,0.6871498,0.0033390112,0.006364668,0.6871498,0.30011854,0.0030279327
20170428090532281.jpg,0,No DR,0,No DR,True,0.59710276,0.59710276,0.04346497,0.3366038,0.01807155,0.004756878
007-2606-100.jpg,0,No DR,2,Moderate,False,0.54317516,0.2907805,0.005673842,0.54317516,0.000950773,0.15941967
007-4585-200.jpg,2,Moderate,2,Moderate,True,0.99534863,1.35135015e-05,3.194748e-05,0.99534863,0.00081400643,0.0037918387
007-1829-100.jpg,2,Moderate,2,Moderate,True,0.39574805,0.25761178,0.3458005,0.39574805,5.9690603e-05,0.00077996444
007-1112-000.jpg,0,No DR,0,No DR,True,0.957764,0.957764,0.02332484,0.018546432,0.0003159083,4.874902e-05
007-4747-200.jpg,2,Moderate,2,Moderate,True,0.9689019,0.002296323,0.00092424866,0.9689019,0.021567414,0.0063102474
007-3836-200.jpg,2,Moderate,2,Moderate,True,0.4979792,0.00047441004,0.44673756,0.4979792,0.05310261,0.0017061839
20170408233819816.jpg,0,No DR,0,No DR,True,0.8508526,0.8508526,0.020767106,0.041310888,0.011861381,0.075207956
20170323084320632.jpg,0,No DR,0,No DR,True,0.95425636,0.95425636,0.0006216091,0.043768,0.00012350631,0.0012305555
007-6365-400.jpg,4,Proliferative,4,Proliferative,True,0.7952335,0.00015794275,7.456811e-05,0.024567198,0.17996676,0.7952335
007-2466-100.jpg,2,Moderate,1,Mild,False,0.67929137,0.028612083,0.67929137,0.29109865,0.00043798593,0.00055990415
007-5740-300.jpg,2,Moderate,2,Moderate,True,0.89750713,0.044850264,0.038958073,0.89750713,0.0004011189,0.01828337
20170408231532801.jpg,0,No DR,0,No DR,True,0.98179525,0.98179525,0.0039210697,0.014146017,7.943938e-05,5.8210615e-05
007-6798-400.jpg,4,Proliferative,4,Proliferative,True,0.9867177,0.0021327191,0.005114985,0.0058053844,0.00022926123,0.9867177
007-5606-300.jpg,2,Moderate,2,Moderate,True,0.6987219,0.0035579188,0.00291762,0.6987219,0.1623167,0.13248587
007-3051-100.jpg,1,Mild,2,Moderate,False,0.40464672,0.31625953,0.27832386,0.40464672,0.00054992904,0.00021996933
007-4015-200.jpg,2,Moderate,2,Moderate,True,0.9825644,0.0065797237,0.005641155,0.9825644,0.0010946342,0.0041200253
007-6898-400.jpg,4,Proliferative,4,Proliferative,True,0.99068004,8.559829e-05,0.00016944842,0.0008798523,0.008185033,0.99068004
007-5335-300.jpg,2,Moderate,2,Moderate,True,0.9221338,5.616636e-06,0.00011071547,0.9221338,0.009072133,0.06867771
20170509100157978.jpg,2,Moderate,2,Moderate,True,0.92877144,0.06776273,0.0025638074,0.92877144,0.00034012043,0.0005618859
007-1243-000.jpg,0,No DR,0,No DR,True,0.873983,0.873983,0.020010574,0.10583077,2.9113073e-06,0.00017277901
20170408222505701.jpg,0,No DR,0,No DR,True,0.87721884,0.87721884,0.00023406737,0.12238004,3.7153626e-05,0.00012993094
20170329095907382.jpg,0,No DR,0,No DR,True,0.819588,0.819588,0.036025222,0.14178509,0.0015921321,0.001009595
007-8028-601.jpg,2,Moderate,2,Moderate,True,0.8021501,0.14192435,5.7583784e-05,0.8021501,0.00014777566,0.05572014
007-7181-400.jpg,4,Proliferative,4,Proliferative,True,0.82825303,0.00029569172,0.00022636665,0.1711051,0.000119827404,0.82825303
007-2297-100.jpg,2,Moderate,2,Moderate,True,0.97595507,0.0049997396,0.016216183,0.97595507,0.0018139124,0.0010150747
007-6901-400.jpg,4,Proliferative,4,Proliferative,True,0.9968624,0.00033940506,9.9828736e-05,0.0013421612,0.0013562893,0.9968624
007-6870-400.jpg,4,Proliferative,3,Severe,False,0.6164348,0.0003051595,0.00083303737,0.23398343,0.6164348,0.14844358
007-6184-300.jpg,2,Moderate,2,Moderate,True,0.9367076,0.00065064366,0.010829845,0.9367076,0.031939298,0.019872567
007-3912-200.jpg,2,Moderate,2,Moderate,True,0.892929,0.0069827805,0.0068739783,0.892929,0.0021381758,0.091076076
20170427185156957.jpg,0,No DR,0,No DR,True,0.94719446,0.94719446,0.018152716,0.03033405,0.004096964,0.00022191615
007-0030-000.jpg,0,No DR,0,No DR,True,0.8113373,0.8113373,0.14183888,0.046803493,5.2447176e-06,1.5088021e-05
20170609083431717.jpg,2,Moderate,2,Moderate,True,0.9449752,0.04652087,0.003885115,0.9449752,0.0044936533,0.00012516713
007-6343-400.jpg,4,Proliferative,3,Severe,False,0.56022656,0.0047720904,0.0008586704,0.0853078,0.56022656,0.34883487
20170430201256556.jpg,0,No DR,0,No DR,True,0.965953,0.965953,0.003956316,0.029295037,0.00067867973,0.00011700923
007-6883-400.jpg,4,Proliferative,4,Proliferative,True,0.99963176,2.1890495e-05,1.9590185e-05,0.0003247693,2.0308023e-06,0.99963176
20170406102954330.jpg,0,No DR,0,No DR,True,0.85789376,0.85789376,0.0020595754,0.13985972,3.1849682e-05,0.00015518277
20170428100042138.jpg,0,No DR,0,No DR,True,0.9258707,0.9258707,0.00068330445,0.07023051,0.00065601047,0.0025594465
007-7412-601.jpg,0,No DR,2,Moderate,False,0.7555671,0.23842654,0.0008076477,0.7555671,0.0021780499,0.003020718
20170413112758639.jpg,0,No DR,0,No DR,True,0.7675735,0.7675735,0.11830618,0.11373989,8.4171945e-05,0.00029632595
20170616130013868.jpg,2,Moderate,2,Moderate,True,0.6756988,0.009654042,0.31424576,0.6756988,0.00014058173,0.00026083481
007-2045-100.jpg,1,Mild,0,No DR,False,0.72747195,0.72747195,0.0071026566,0.26412952,7.844927e-06,0.0012881018
20170331142808935.jpg,0,No DR,0,No DR,True,0.70512116,0.70512116,0.010693683,0.2833522,0.00081107684,2.1886923e-05
20170313172619640.jpg,0,No DR,0,No DR,True,0.91323406,0.91323406,0.03909237,0.047260106,0.0002667404,0.00014677629
007-3124-100.jpg,0,No DR,2,Moderate,False,0.49403903,0.469435,0.001781484,0.49403903,0.00014896535,0.03459548
007-7160-400.jpg,4,Proliferative,2,Moderate,False,0.4565298,0.29208001,0.049661044,0.4565298,0.0029583962,0.19877073
20170616125215801.jpg,2,Moderate,2,Moderate,True,0.64887196,0.19820893,0.13316195,0.64887196,0.00010033281,0.019656803
20170223114531468.jpg,0,No DR,0,No DR,True,0.93330824,0.93330824,0.008088927,0.05321561,0.0006498792,0.0047373096
007-1131-000.jpg,0,No DR,0,No DR,True,0.54681915,0.54681915,0.09277113,0.25754505,0.0013416441,0.10152296
20170214135751487.jpg,0,No DR,0,No DR,True,0.93404627,0.93404627,0.0012501703,0.059473824,0.00255878,0.0026708886
20170122165423738.jpg,0,No DR,0,No DR,True,0.95306724,0.95306724,0.024688229,0.022192022,5.1548635e-05,1.0399613e-06
007-1462-000.jpg,2,Moderate,2,Moderate,True,0.5160178,0.48067057,0.0031616401,0.5160178,8.87953e-06,0.00014114576
007-5085-300.jpg,3,Severe,4,Proliferative,False,0.5037578,9.247655e-05,0.0013978272,0.49051347,0.0042384784,0.5037578
007-5226-300.jpg,2,Moderate,0,No DR,False,0.7026284,0.7026284,0.013663316,0.27060565,0.008174675,0.0049278955
20170120223854648.jpg,0,No DR,0,No DR,True,0.879217,0.879217,0.00043481519,0.11662725,0.00015714146,0.0035637352
20170330083717316.jpg,0,No DR,0,No DR,True,0.92100406,0.92100406,0.002476514,0.07546458,0.0009052473,0.00014970041
007-3421-200.jpg,2,Moderate,1,Mild,False,0.7973276,0.052450765,0.7973276,0.15003149,1.19495435e-05,0.00017819741
007-0450-000.jpg,0,No DR,0,No DR,True,0.8629318,0.8629318,0.009407482,0.12759763,2.855648e-05,3.4545898e-05
20170413133512678.jpg,0,No DR,2,Moderate,False,0.45407227,0.40916178,0.11815642,0.45407227,0.0183407,0.0002688696
20170429222810408.jpg,0,No DR,0,No DR,True,0.92714834,0.92714834,0.0023619642,0.0661712,0.0039273505,0.00039113063
007-3598-200.jpg,2,Moderate,2,Moderate,True,0.9138235,0.010959389,0.07235705,0.9138235,0.0022246575,0.0006354823
20170223115353186.jpg,0,No DR,0,No DR,True,0.8059194,0.8059194,0.023305267,0.16761106,0.0029760336,0.00018832381
007-6985-400.jpg,4,Proliferative,4,Proliferative,True,0.99558496,0.0015195471,0.00018870246,0.0023438297,0.0003629594,0.99558496
007-3231-100.jpg,1,Mild,0,No DR,False,0.6837287,0.6837287,0.15039673,0.16294162,0.0025632917,0.00036973794
007-1524-000.jpg,0,No DR,0,No DR,True,0.8893383,0.8893383,0.05217502,0.05846794,8.524544e-06,1.021708e-05
20170408231430698.jpg,0,No DR,0,No DR,True,0.9585909,0.9585909,0.0008283046,0.040536333,2.7422866e-05,1.7044873e-05
20170327140646337.jpg,0,No DR,0,No DR,True,0.787869,0.787869,0.0033704045,0.1010156,0.0012259482,0.10651916
007-1051-000.jpg,0,No DR,0,No DR,True,0.71531004,0.71531004,0.19127057,0.09311857,0.00018997306,0.00011097114
20170417114049699.jpg,0,No DR,0,No DR,True,0.93429565,0.93429565,0.011802046,0.05383514,8.6370765e-06,5.8469068e-05
007-5415-300.jpg,2,Moderate,2,Moderate,True,0.86121714,0.03864311,0.042457763,0.86121714,0.056374095,0.001307905
20170407231656714.jpg,0,No DR,0,No DR,True,0.95580834,0.95580834,0.020947676,0.021796523,0.0012818354,0.00016562044
20170427184911862.jpg,0,No DR,0,No DR,True,0.9390232,0.9390232,0.00037930216,0.056620058,0.0032623557,0.0007151018
007-2255-100.jpg,2,Moderate,2,Moderate,True,0.6845982,0.025663791,0.28422982,0.6845982,0.00044326877,0.0050649256
20170412093126547.jpg,0,No DR,0,No DR,True,0.8128828,0.8128828,0.0057188696,0.17994082,0.00014036596,0.0013171495
20170525110437479.jpg,2,Moderate,2,Moderate,True,0.92859113,0.0001264097,0.00012400858,0.92859113,0.066736095,0.0044223038
007-4034-200.jpg,2,Moderate,3,Severe,False,0.7930946,0.0076329582,0.030125119,0.15745187,0.7930946,0.011695473
007-1129-000.jpg,0,No DR,0,No DR,True,0.82049835,0.82049835,0.1377708,0.04085542,0.00076741946,0.00010802334
007-5544-300.jpg,2,Moderate,2,Moderate,True,0.72026837,0.06681935,0.06255039,0.72026837,0.14474118,0.005620698
20170408092517109.jpg,0,No DR,0,No DR,True,0.8608988,0.8608988,0.0034061996,0.13409643,0.0009759778,0.0006226043
007-0725-000.jpg,1,Mild,1,Mild,True,0.5490626,0.40068457,0.5490626,0.05015552,1.2530079e-05,8.4833024e-05
007-4986-300.jpg,2,Moderate,1,Mild,False,0.6961796,0.07527678,0.6961796,0.20912434,0.003221686,0.016197532
007-6061-300.jpg,2,Moderate,2,Moderate,True,0.9708049,0.026229823,0.0028561924,0.9708049,5.1627717e-06,0.00010379915
007-6371-400.jpg,4,Proliferative,4,Proliferative,True,0.65721625,4.100456e-05,4.1183306e-05,0.047844335,0.29485723,0.65721625
20170214165305181.jpg,0,No DR,0,No DR,True,0.53006655,0.53006655,0.3658522,0.10399257,2.8331126e-05,6.040464e-05
20170417094353146.jpg,0,No DR,0,No DR,True,0.59305304,0.59305304,0.049716324,0.3436515,0.013206971,0.00037224332
20170415090800978.jpg,0,No DR,1,Mild,False,0.6454354,0.30742323,0.6454354,0.04545316,0.0015855555,0.000102589154
20170430175855104.jpg,0,No DR,0,No DR,True,0.8748709,0.8748709,0.0024734354,0.10727355,0.009355381,0.006026758
007-4481-200.jpg,2,Moderate,2,Moderate,True,0.9590594,0.0015208722,0.0006726728,0.9590594,0.0008473688,0.037899677
007-4629-200.jpg,2,Moderate,2,Moderate,True,0.9690205,0.007838888,0.00026043932,0.9690205,2.5169102e-05,0.02285504
20170221143959074.jpg,0,No DR,0,No DR,True,0.6329266,0.6329266,0.004299506,0.36246848,2.9052142e-05,0.0002763393
007-3204-100.jpg,2,Moderate,2,Moderate,True,0.7246076,0.15114063,0.0028062167,0.7246076,0.060611106,0.060834497
20170217100112164.jpg,0,No DR,0,No DR,True,0.7439049,0.7439049,0.24278842,0.0133019695,1.0304925e-06,3.7582863e-06
20170324095528097.jpg,0,No DR,0,No DR,True,0.94951254,0.94951254,0.00028341828,0.049325496,0.00032489322,0.00055375195
007-3744-200.jpg,2,Moderate,2,Moderate,True,0.94070774,0.0027543467,0.019590322,0.94070774,0.032492135,0.00445547
007-2775-100.jpg,2,Moderate,1,Mild,False,0.7258198,0.12314238,0.7258198,0.1507499,9.860412e-05,0.00018925754
20170428115910093.jpg,0,No DR,0,No DR,True,0.7224441,0.7224441,0.03945819,0.23700836,0.00082174054,0.0002674897
007-3073-100.jpg,2,Moderate,2,Moderate,True,0.99036425,0.0059611225,0.00056813203,0.99036425,0.00019391683,0.0029125928
20170429204652538.jpg,0,No DR,0,No DR,True,0.9743469,0.9743469,0.00075664226,0.024246067,0.00020110377,0.000449291
20170427184052074.jpg,0,No DR,0,No DR,True,0.964312,0.964312,0.0012161706,0.033214197,0.0007253241,0.0005323933
007-3046-100.jpg,2,Moderate,2,Moderate,True,0.71961844,0.23223677,0.040423606,0.71961844,0.0029694368,0.004751695
20170427203229867.jpg,0,No DR,0,No DR,True,0.9067989,0.9067989,0.032664303,0.05758249,0.0021727285,0.0007815652
20170427180931834.jpg,0,No DR,0,No DR,True,0.9864797,0.9864797,0.0045393407,0.0088571375,0.00011872033,5.164993e-06
007-5378-300.jpg,2,Moderate,2,Moderate,True,0.6844185,0.012155214,0.033101223,0.6844185,0.25199333,0.018331742
007-2419-100.jpg,2,Moderate,2,Moderate,True,0.79075086,0.023355922,0.1752817,0.79075086,0.006643199,0.0039682654
20170616085451671.jpg,2,Moderate,0,No DR,False,0.6074452,0.6074452,0.12673531,0.2604829,7.741148e-05,0.0052591437
20170427185627251.jpg,0,No DR,0,No DR,True,0.9106505,0.9106505,0.0013822105,0.086017415,0.0011531825,0.0007967449
20170206083729696.jpg,0,No DR,0,No DR,True,0.9203624,0.9203624,0.016105793,0.06346657,5.4874404e-06,5.967731e-05
20170609174510289.jpg,2,Moderate,2,Moderate,True,0.7740789,0.19686584,0.028582765,0.7740789,0.00037971072,9.277277e-05
20170511173940961.jpg,2,Moderate,0,No DR,False,0.57778996,0.57778996,0.09498737,0.31029883,0.0154345045,0.0014893328
007-4493-200.jpg,2,Moderate,2,Moderate,True,0.99302316,0.005073032,2.1710466e-05,0.99302316,2.8933697e-05,0.001853078
007-1917-100.jpg,0,No DR,0,No DR,True,0.7939283,0.7939283,0.06166493,0.14282161,3.7174563e-05,0.0015479714
007-3713-200.jpg,2,Moderate,0,No DR,False,0.43553773,0.43553773,0.04193618,0.43456918,0.0851193,0.002837699
007-6879-400.jpg,4,Proliferative,4,Proliferative,True,0.99559116,0.0009836257,0.00013958884,0.001616114,0.0016695273,0.99559116
20170429213519463.jpg,0,No DR,0,No DR,True,0.9387177,0.9387177,0.0015563914,0.056393605,0.00075808744,0.002574133
007-1147-000.jpg,0,No DR,0,No DR,True,0.7951183,0.7951183,0.001954729,0.20284498,1.2917806e-05,6.9095695e-05
20170512123420362.jpg,2,Moderate,2,Moderate,True,0.6060841,0.012885774,0.0007965712,0.6060841,0.37944138,0.0007921172
007-4087-200.jpg,2,Moderate,2,Moderate,True,0.9122311,0.025599772,0.058355846,0.9122311,0.0014821162,0.0023311735
20170430193616817.jpg,0,No DR,0,No DR,True,0.94203246,0.94203246,0.00054237415,0.054428104,0.001446487,0.0015506395
007-6165-300.jpg,2,Moderate,2,Moderate,True,0.6559296,0.033936832,0.12074988,0.6559296,0.0018839785,0.18749973
007-4312-200.jpg,2,Moderate,1,Mild,False,0.6788198,0.036954302,0.6788198,0.26325879,0.02084768,0.00011945865
007-2113-100.jpg,2,Moderate,2,Moderate,True,0.9394325,0.0054682307,0.030272482,0.9394325,0.00020670854,0.024620133
20170327101529137.jpg,0,No DR,0,No DR,True,0.9017219,0.9017219,0.0063852808,0.090876624,0.00051736657,0.00049890403
20170206143044048.jpg,0,No DR,0,No DR,True,0.6905665,0.6905665,0.00070916297,0.3085843,0.00011961129,2.0463314e-05
007-7900-601.jpg,0,No DR,0,No DR,True,0.64112145,0.64112145,0.012372407,0.20829864,0.0002522747,0.13795526
007-2406-100.jpg,1,Mild,2,Moderate,False,0.7867011,0.18487456,0.0047114613,0.7867011,0.023593526,0.000119301236
20170429214037193.jpg,0,No DR,0,No DR,True,0.94805706,0.94805706,0.014258031,0.037629113,2.9845394e-05,2.594455e-05
007-3666-200.jpg,2,Moderate,4,Proliferative,False,0.61779004,0.00040928667,5.896218e-05,0.36060923,0.021132525,0.61779004
20170629163635747.jpg,3,Severe,2,Moderate,False,0.5036542,0.00039374782,0.0025342742,0.5036542,0.49262688,0.00079092593
007-0894-000.jpg,0,No DR,0,No DR,True,0.61145484,0.61145484,0.06935818,0.30724642,0.0016740956,0.0102664055
20170204145953613.jpg,0,No DR,0,No DR,True,0.93856263,0.93856263,0.022673849,0.038714785,3.24544e-06,4.5500332e-05
20170429210854778.jpg,0,No DR,0,No DR,True,0.8943646,0.8943646,0.0026171668,0.09909977,0.001337146,0.002581278
20170429212303368.jpg,0,No DR,0,No DR,True,0.9875557,0.9875557,0.004824156,0.0069555943,0.00031130802,0.00035335383
007-5146-300.jpg,2,Moderate,2,Moderate,True,0.59115076,0.15686831,0.16074017,0.59115076,0.07246232,0.018778428
007-5526-300.jpg,2,Moderate,3,Severe,False,0.86267084,0.0059739905,0.055221755,0.07520392,0.86267084,0.0009295331
007-4446-200.jpg,2,Moderate,2,Moderate,True,0.9756876,0.0040039388,0.0023061906,0.9756876,0.006214307,0.011787944
007-2587-100.jpg,1,Mild,0,No DR,False,0.76007086,0.76007086,0.18360141,0.056265876,5.3155363e-06,5.6530545e-05
007-1868-100.jpg,0,No DR,0,No DR,True,0.5834443,0.5834443,0.038975876,0.37609744,0.00078795967,0.00069447036
007-5721-300.jpg,2,Moderate,2,Moderate,True,0.94476277,0.0060733366,0.04760627,0.94476277,0.001156486,0.00040109697
20170328180141830.jpg,0,No DR,0,No DR,True,0.7224369,0.7224369,0.008320714,0.26785952,0.0008618615,0.0005209416
007-6400-400.jpg,2,Moderate,2,Moderate,True,0.79219806,0.11094479,0.0013078306,0.79219806,0.0001275264,0.095421866
007-4249-200.jpg,3,Severe,3,Severe,True,0.7970574,1.7810213e-05,1.5970727e-05,0.20057154,0.7970574,0.002337307
007-5584-300.jpg,2,Moderate,2,Moderate,True,0.6366748,0.2847698,0.0760159,0.6366748,0.0024787188,6.075697e-05
20170419160330690.jpg,0,No DR,0,No DR,True,0.814561,0.814561,0.097266905,0.08798396,0.00012081859,6.730098e-05
007-0063-000.jpg,0,No DR,0,No DR,True,0.74314123,0.74314123,0.06555095,0.19116722,2.7188455e-05,0.000113417336
20170120215632028.jpg,0,No DR,0,No DR,True,0.86269367,0.86269367,0.00868518,0.12814869,0.00021139813,0.0002610899
20170228182851681.jpg,0,No DR,0,No DR,True,0.93692476,0.93692476,0.007947623,0.054319993,0.00034760978,0.00046000187
007-2714-100.jpg,2,Moderate,2,Moderate,True,0.9255324,0.011143814,0.026188852,0.9255324,0.0040292162,0.033105772
20170408224556563.jpg,0,No DR,0,No DR,True,0.97636557,0.97636557,0.0064016315,0.016632225,0.00054382376,5.6632536e-05
20170224212717668.jpg,0,No DR,0,No DR,True,0.66960716,0.66960716,0.118456066,0.210629,0.0008722677,0.0004355104
007-6379-400.jpg,4,Proliferative,4,Proliferative,True,0.93180853,0.0014352339,6.486078e-05,0.06537604,0.0013153162,0.93180853
007-2887-100.jpg,2,Moderate,1,Mild,False,0.9676532,0.010706093,0.9676532,0.021616329,1.7923527e-05,6.523394e-06
007-3514-200.jpg,2,Moderate,2,Moderate,True,0.4962166,0.39272213,0.1067029,0.4962166,0.00096158084,0.003396791
20170628114825603.jpg,2,Moderate,2,Moderate,True,0.90755963,0.031385124,0.053986467,0.90755963,0.000502901,0.0065659587
20170331082942953.jpg,0,No DR,0,No DR,True,0.6519105,0.6519105,0.22147833,0.1262066,0.0003648646,3.975005e-05
20170508100004333.jpg,2,Moderate,2,Moderate,True,0.6876755,0.3060972,0.0027269344,0.6876755,0.0017677437,0.0017326616
007-4230-200.jpg,2,Moderate,2,Moderate,True,0.38309136,0.078756414,0.38193947,0.38309136,0.15532318,0.0008895307
20170504152807089.jpg,2,Moderate,2,Moderate,True,0.97329235,0.00073637353,0.00049200514,0.97329235,0.023783013,0.0016963247
20170429222818277.jpg,0,No DR,0,No DR,True,0.96624774,0.96624774,0.019461064,0.013963463,0.00013284852,0.00019494368
20170324144241048.jpg,0,No DR,0,No DR,True,0.7025092,0.7025092,0.013758581,0.28338918,0.00021877284,0.00012423893
20170120223247141.jpg,0,No DR,0,No DR,True,0.8767792,0.8767792,0.0138783315,0.10662683,0.00057270506,0.0021428834
007-1300-000.jpg,0,No DR,0,No DR,True,0.6049214,0.6049214,0.00043147607,0.39257172,5.6899113e-05,0.002018562
007-2235-100.jpg,2,Moderate,2,Moderate,True,0.6241929,0.1711798,0.20103647,0.6241929,0.0024406519,0.0011502028
007-6501-400.jpg,4,Proliferative,4,Proliferative,True,0.99452174,2.5635478e-05,9.520965e-05,0.0051147034,0.00024272838,0.99452174
20170429221253283.jpg,0,No DR,0,No DR,True,0.9662593,0.9662593,0.00983871,0.023865512,2.521128e-05,1.13278e-05
20170429232324229.jpg,0,No DR,0,No DR,True,0.7271207,0.7271207,0.0022348152,0.26818344,9.335861e-05,0.0023676609
007-5036-300.jpg,2,Moderate,2,Moderate,True,0.72535586,0.18595074,0.057816036,0.72535586,0.021759924,0.009117514
007-3653-200.jpg,2,Moderate,2,Moderate,True,0.92704535,0.0051889825,0.050710067,0.92704535,3.5064837e-05,0.017020566
20170509110625480.jpg,2,Moderate,2,Moderate,True,0.5977086,0.3952605,0.0066415416,0.5977086,0.00033511483,5.4210635e-05
007-2435-100.jpg,1,Mild,2,Moderate,False,0.4330989,0.23422883,0.3293781,0.4330989,0.0017947308,0.0014994227
007-4673-200.jpg,2,Moderate,1,Mild,False,0.75392485,0.07244138,0.75392485,0.17228943,0.00019821488,0.001146205
007-3651-200.jpg,2,Moderate,2,Moderate,True,0.9763123,0.016226033,9.3495546e-05,0.9763123,3.3380893e-05,0.007334863
007-4351-200.jpg,2,Moderate,2,Moderate,True,0.970363,0.009943261,0.0019118955,0.970363,0.011609328,0.0061725653
007-2049-100.jpg,1,Mild,2,Moderate,False,0.6455698,0.123111926,0.07915529,0.6455698,0.0052100504,0.14695293
20170221145944716.jpg,0,No DR,0,No DR,True,0.84635544,0.84635544,0.055425175,0.098215476,1.9164358e-07,3.5936312e-06
007-1733-000.jpg,0,No DR,2,Moderate,False,0.618944,0.3319821,0.028431054,0.618944,0.004434104,0.016208757
007-4254-200.jpg,3,Severe,2,Moderate,False,0.42012587,0.043688957,0.26524878,0.42012587,0.0008074119,0.27012905
007-3215-100.jpg,2,Moderate,0,No DR,False,0.74626976,0.74626976,0.07074258,0.18176478,0.00092522433,0.00029753867
007-0427-000.jpg,0,No DR,0,No DR,True,0.9667907,0.9667907,0.0065729097,0.026634619,7.4797106e-07,9.987086e-07
20170407215253772.jpg,0,No DR,0,No DR,True,0.7072755,0.7072755,0.0010462618,0.29024175,0.0004879274,0.0009485314
20170221140104225.jpg,0,No DR,0,No DR,True,0.75162345,0.75162345,0.0007701851,0.24461485,3.1395914e-05,0.0029601222
007-2824-100.jpg,1,Mild,2,Moderate,False,0.71897686,0.060568135,0.05381887,0.71897686,0.0495301,0.11710602
007-4922-300.jpg,2,Moderate,3,Severe,False,0.49584615,1.530908e-06,9.747084e-07,0.43986955,0.49584615,0.06428179
007-6303-400.jpg,4,Proliferative,2,Moderate,False,0.75571555,0.0007156509,2.7267472e-05,0.75571555,0.0012047798,0.24233675
20170120154404132.jpg,0,No DR,0,No DR,True,0.69888186,0.69888186,0.07796892,0.22213444,0.0009858032,2.8895984e-05
20170324103349937.jpg,0,No DR,1,Mild,False,0.5008382,0.48452365,0.5008382,0.0146210315,1.3063374e-05,4.015359e-06
20170412091847055.jpg,0,No DR,0,No DR,True,0.8596869,0.8596869,0.0018111983,0.13823849,1.928886e-05,0.00024422302
20170414124917250.jpg,0,No DR,0,No DR,True,0.76560575,0.76560575,0.008355009,0.22595862,6.5665205e-05,1.5011855e-05
007-3270-100.jpg,0,No DR,0,No DR,True,0.5157542,0.5157542,0.01513824,0.46445367,0.0006819713,0.0039719013
20170425101622817.jpg,0,No DR,0,No DR,True,0.9720981,0.9720981,0.01748562,0.010389685,5.9008785e-06,2.0683388e-05
007-5120-300.jpg,2,Moderate,2,Moderate,True,0.9125027,0.038750056,0.009224836,0.9125027,0.01142878,0.028093647
007-3644-200.jpg,2,Moderate,2,Moderate,True,0.96253103,0.0037526058,0.000490548,0.96253103,0.00035267702,0.032873128
007-8391-603.jpg,0,No DR,0,No DR,True,0.47988287,0.47988287,0.007065765,0.47722706,1.613582e-05,0.035808086
20170215092126197.jpg,0,No DR,0,No DR,True,0.9025621,0.9025621,0.0006834387,0.06897967,0.0012277834,0.026547097
20170429202216087.jpg,0,No DR,0,No DR,True,0.8368176,0.8368176,0.0004573784,0.16170155,0.000453755,0.00056968554
007-4383-200.jpg,2,Moderate,2,Moderate,True,0.9583583,0.033711225,0.0006533413,0.9583583,0.002789439,0.0044877245
007-1158-000.jpg,0,No DR,0,No DR,True,0.93021375,0.93021375,0.018966261,0.050811782,1.8292003e-06,6.450961e-06
007-6139-300.jpg,2,Moderate,2,Moderate,True,0.61564744,1.2073565e-06,4.4637964e-05,0.61564744,0.09880402,0.28550276
007-5957-300.jpg,2,Moderate,2,Moderate,True,0.5054323,0.030755214,0.46279874,0.5054323,0.00092522986,8.8502566e-05
007-4535-200.jpg,2,Moderate,1,Mild,False,0.61977416,0.0011118214,0.61977416,0.25260267,0.1256124,0.0008989166
20170225201956347.jpg,0,No DR,0,No DR,True,0.86225647,0.86225647,0.0022262884,0.11479823,0.011295248,0.009423682
007-3396-200.jpg,2,Moderate,2,Moderate,True,0.9307063,0.0002432575,0.004860151,0.9307063,0.0525951,0.0115950955
007-6701-400.jpg,4,Proliferative,4,Proliferative,True,0.9830882,0.0017378437,0.0060567055,0.006194922,0.0029223333,0.9830882
007-4528-200.jpg,2,Moderate,2,Moderate,True,0.94594395,0.027882157,0.0035415564,0.94594395,0.00031821008,0.022314241
20170222150514778.jpg,0,No DR,0,No DR,True,0.81095606,0.81095606,0.013822257,0.17492563,0.00021885852,7.717744e-05
20170429210422443.jpg,0,No DR,0,No DR,True,0.9507689,0.9507689,0.0033279187,0.045599915,9.4682444e-05,0.0002085637
007-1031-000.jpg,0,No DR,0,No DR,True,0.75266623,0.75266623,0.021568427,0.21716768,0.00013298282,0.0084647015
20170408212307947.jpg,0,No DR,0,No DR,True,0.89173055,0.89173055,0.0008253536,0.085799664,0.015665162,0.005979315
20170214100035162.jpg,0,No DR,0,No DR,True,0.5522447,0.5522447,0.042498734,0.4051224,5.9852824e-05,7.422821e-05
20170323085656295.jpg,0,No DR,0,No DR,True,0.95164704,0.95164704,0.036856916,0.011114783,4.6172386e-06,0.00037666268
007-0058-000.jpg,0,No DR,0,No DR,True,0.92939246,0.92939246,0.050662655,0.019941038,8.69944e-07,3.0381816e-06
007-8407-603.jpg,2,Moderate,2,Moderate,True,0.47412053,0.103057966,0.13677,0.47412053,0.0015233037,0.28452814
20170615112223659.jpg,2,Moderate,2,Moderate,True,0.9873241,0.004873487,0.0019069185,0.9873241,0.0048302473,0.0010651934
007-1633-000.jpg,0,No DR,0,No DR,True,0.7149055,0.7149055,0.2681489,0.016933564,2.3121838e-06,9.706893e-06
20170430191201662.jpg,0,No DR,0,No DR,True,0.9847965,0.9847965,0.008255415,0.0063461806,0.00053958147,6.2324645e-05
20170429220826018.jpg,0,No DR,0,No DR,True,0.96306986,0.96306986,0.0011097256,0.032656085,0.00077861303,0.0023857185
007-4429-200.jpg,2,Moderate,2,Moderate,True,0.87464285,0.012348906,0.0006493238,0.87464285,0.0004678347,0.11189103
007-1055-000.jpg,0,No DR,0,No DR,True,0.458093,0.458093,0.29663473,0.2406935,0.0035779607,0.0010008232
20170329143545705.jpg,0,No DR,0,No DR,True,0.9588304,0.9588304,0.011621006,0.029524041,1.2111477e-05,1.2320169e-05
20170429224554063.jpg,0,No DR,0,No DR,True,0.9776415,0.9776415,0.0030844535,0.013729681,0.005158497,0.00038587966
20170405131912101.jpg,0,No DR,0,No DR,True,0.94079924,0.94079924,0.001289587,0.057827815,2.0284472e-06,8.1332924e-05
007-4371-200.jpg,2,Moderate,2,Moderate,True,0.95831037,0.0301035,0.003119998,0.95831037,0.0065667643,0.0018993907
20170221143301021.jpg,0,No DR,0,No DR,True,0.6289237,0.6289237,0.005252314,0.36576188,9.116209e-06,5.2972402e-05
007-0201-000.jpg,0,No DR,0,No DR,True,0.942082,0.942082,0.0005010405,0.050897054,0.003903799,0.002616147
007-3203-100.jpg,2,Moderate,2,Moderate,True,0.9152801,0.035574622,0.028978214,0.9152801,0.007672409,0.012494561
007-8545-604.jpg,2,Moderate,4,Proliferative,False,0.791199,0.013710201,0.028546588,0.16557372,0.00097037957,0.791199
007-8240-602.jpg,0,No DR,0,No DR,True,0.7069645,0.7069645,0.0004002275,0.29221597,3.0551478e-06,0.00041622407
007-7752-601.jpg,2,Moderate,2,Moderate,True,0.8790088,0.011278889,0.0029023201,0.8790088,0.024252402,0.08255748
007-5435-300.jpg,2,Moderate,2,Moderate,True,0.82049406,0.011105688,0.019229101,0.82049406,0.14780577,0.0013653879
007-3281-200.jpg,2,Moderate,2,Moderate,True,0.9843179,0.012748058,0.00070993183,0.9843179,0.0020547388,0.0001694026
007-5898-300.jpg,2,Moderate,2,Moderate,True,0.9100072,0.0022283932,0.0019095443,0.9100072,0.04575245,0.040102404
20170407211924407.jpg,0,No DR,0,No DR,True,0.9427515,0.9427515,0.0036707735,0.0527954,8.874419e-06,0.0007733559
20170612085653906.jpg,2,Moderate,2,Moderate,True,0.87410355,0.11601041,0.0067769634,0.87410355,0.0005074716,0.0026017122
007-0729-000.jpg,0,No DR,0,No DR,True,0.63059944,0.63059944,0.06809367,0.29930106,2.3288617e-06,0.002003501
007-0245-000.jpg,0,No DR,0,No DR,True,0.92521846,0.92521846,0.00040786786,0.07356772,0.00017662538,0.000629354
20170601100334694.jpg,3,Severe,2,Moderate,False,0.67938066,0.0036227328,0.0017110561,0.67938066,0.27281374,0.04247178
007-1350-000.jpg,2,Moderate,1,Mild,False,0.56507134,0.3282286,0.56507134,0.106538646,3.2297783e-05,0.00012915552
007-6058-300.jpg,2,Moderate,2,Moderate,True,0.6700535,0.047494356,0.22025315,0.6700535,0.046432298,0.015766738
007-0859-000.jpg,0,No DR,0,No DR,True,0.87303144,0.87303144,0.029799698,0.09703434,9.008302e-05,4.4436827e-05
007-7283-601.jpg,4,Proliferative,4,Proliferative,True,0.9020203,0.025902841,6.725451e-05,0.06745906,0.004550599,0.9020203
20170427183436009.jpg,0,No DR,0,No DR,True,0.97065586,0.97065586,0.0006648346,0.02631376,0.0014396242,0.0009259722
007-4031-200.jpg,2,Moderate,2,Moderate,True,0.7555603,0.0043427893,0.11088037,0.7555603,0.12380127,0.005415283
20170613170118036.jpg,2,Moderate,2,Moderate,True,0.5532569,0.12606601,0.27148047,0.5532569,0.04909118,0.00010535379
20170429203004863.jpg,0,No DR,0,No DR,True,0.9478516,0.9478516,0.015757967,0.03598308,0.00012640255,0.00028084527
007-4319-200.jpg,2,Moderate,2,Moderate,True,0.96445525,0.0001568744,0.03367869,0.96445525,0.001466085,0.00024314175
20170221093314325.jpg,0,No DR,0,No DR,True,0.96534646,0.96534646,0.018837735,0.015706126,1.0224103e-06,0.000108673106
20170630124252705.jpg,2,Moderate,2,Moderate,True,0.89735025,0.05080641,0.00666308,0.89735025,0.04305029,0.0021300465
007-6093-300.jpg,3,Severe,3,Severe,True,0.97858626,9.258828e-06,4.6649168e-07,0.0024827567,0.97858626,0.018921267
007-6131-300.jpg,2,Moderate,2,Moderate,True,0.9256872,0.015619787,0.057030857,0.9256872,6.438543e-05,0.0015978059
007-5670-300.jpg,2,Moderate,2,Moderate,True,0.87057716,0.08699949,0.022237247,0.87057716,0.0123579,0.0078282
20170324135324545.jpg,0,No DR,0,No DR,True,0.8732256,0.8732256,0.0064595095,0.12019653,1.4505814e-05,0.00010393948
007-2055-100.jpg,2,Moderate,0,No DR,False,0.8540933,0.8540933,0.020910114,0.124593504,1.8678306e-06,0.0004012382
007-5180-300.jpg,2,Moderate,2,Moderate,True,0.4716118,0.0029688012,0.0011723033,0.4716118,0.20029987,0.3239472
007-5700-300.jpg,2,Moderate,2,Moderate,True,0.8092248,0.00041705466,1.126447e-05,0.8092248,0.18707295,0.0032740128
007-2710-100.jpg,1,Mild,1,Mild,True,0.6359145,0.032239992,0.6359145,0.33145967,0.00014097564,0.00024487756
007-5187-300.jpg,2,Moderate,2,Moderate,True,0.7727279,7.816233e-05,6.8556066e-05,0.7727279,0.21191074,0.015214662
20170424161425425.jpg,0,No DR,0,No DR,True,0.9603193,0.9603193,0.007540803,0.03209836,1.3234899e-06,4.0155715e-05
20170527112129224.jpg,2,Moderate,2,Moderate,True,0.6250128,0.26835173,0.07518424,0.6250128,0.028529434,0.0029217287
007-2677-100.jpg,1,Mild,1,Mild,True,0.5169448,0.2842586,0.5169448,0.1955625,0.0002625937,0.0029714876
007-4357-200.jpg,2,Moderate,2,Moderate,True,0.9105459,0.057456207,0.0005045286,0.9105459,0.0037788705,0.027714454
007-5304-300.jpg,2,Moderate,0,No DR,False,0.84783113,0.84783113,0.016122274,0.13595986,5.8715887e-05,2.7969782e-05
20170327103522951.jpg,0,No DR,0,No DR,True,0.8649952,0.8649952,0.002469309,0.12640625,0.00020045445,0.0059288624
20170502144544291.jpg,2,Moderate,0,No DR,False,0.45898017,0.45898017,0.23842321,0.3009719,0.0012699724,0.0003546996
20170430203018290.jpg,0,No DR,0,No DR,True,0.94025195,0.94025195,0.0005620921,0.057060808,0.0020196275,0.000105585066
007-1555-000.jpg,0,No DR,0,No DR,True,0.50658363,0.50658363,0.013572191,0.47937587,0.00012493055,0.00034335168
007-5008-300.jpg,2,Moderate,2,Moderate,True,0.9306825,0.05168227,0.012358217,0.9306825,0.00037088577,0.0049061924
007-0295-000.jpg,0,No DR,0,No DR,True,0.8926691,0.8926691,0.014342962,0.089871556,0.0014633614,0.0016529458
20170220140108640.jpg,0,No DR,0,No DR,True,0.9459503,0.9459503,0.028308528,0.025717653,1.0549672e-05,1.3015731e-05
20170410142137901.jpg,0,No DR,0,No DR,True,0.92271936,0.92271936,0.063073896,0.014038266,1.7304699e-06,0.00016673666
20170601084241159.jpg,2,Moderate,2,Moderate,True,0.581417,0.040421743,0.3773351,0.581417,0.00066657906,0.00015959679
007-2801-100.jpg,0,No DR,1,Mild,False,0.45798504,0.34937423,0.45798504,0.19146577,0.0010804773,9.444869e-05
007-3746-200.jpg,2,Moderate,2,Moderate,True,0.985692,0.0014885925,0.00072996813,0.985692,0.00019253523,0.011896793
007-1901-100.jpg,1,Mild,1,Mild,True,0.96600556,0.019974452,0.96600556,0.013406289,0.0004997232,0.00011391839
20170607102121722.jpg,2,Moderate,2,Moderate,True,0.5727371,0.42229772,0.0038820484,0.5727371,0.0005276123,0.0005555037
007-3092-100.jpg,2,Moderate,1,Mild,False,0.6597557,0.022772195,0.6597557,0.31522894,0.00013063673,0.0021124415
007-1178-000.jpg,0,No DR,2,Moderate,False,0.37940022,0.3728374,0.17397621,0.37940022,0.0005988037,0.07318732
20170203082355150.jpg,0,No DR,0,No DR,True,0.7894781,0.7894781,0.00632246,0.18778747,0.004420271,0.011991657
007-1115-000.jpg,0,No DR,0,No DR,True,0.89834076,0.89834076,0.00257873,0.09435094,1.6102427e-05,0.0047134687
007-4035-200.jpg,1,Mild,2,Moderate,False,0.59605163,0.27875626,0.12489948,0.59605163,1.4444243e-05,0.0002781889
20170410135518663.jpg,0,No DR,0,No DR,True,0.87497395,0.87497395,0.011894074,0.11257352,0.00017289574,0.00038561283
20170429213324820.jpg,0,No DR,0,No DR,True,0.97252625,0.97252625,0.0014486307,0.02467604,0.0008649279,0.0004841618
007-7503-601.jpg,0,No DR,0,No DR,True,0.89256537,0.89256537,0.0057149953,0.09972138,0.00087570737,0.0011225806
007-5697-300.jpg,2,Moderate,3,Severe,False,0.51383686,0.012791328,0.0022281008,0.46941736,0.51383686,0.0017263202
20170323091218564.jpg,0,No DR,0,No DR,True,0.77763325,0.77763325,0.0021491023,0.21790572,0.00036480682,0.0019472095
007-6717-400.jpg,4,Proliferative,2,Moderate,False,0.8924004,6.5026856e-05,5.2061885e-05,0.8924004,0.013907129,0.09357547
007-0710-000.jpg,0,No DR,0,No DR,True,0.8481397,0.8481397,0.110936426,0.040774837,6.1596285e-05,8.745602e-05
20170418085549252.jpg,0,No DR,0,No DR,True,0.93109983,0.93109983,0.0032726722,0.06462386,5.2029856e-07,0.0010031309
20170327103504990.jpg,0,No DR,0,No DR,True,0.8283455,0.8283455,0.1098019,0.06170664,7.197733e-06,0.00013877996
007-5001-300.jpg,2,Moderate,2,Moderate,True,0.54591435,0.026344147,0.41469872,0.54591435,0.008825793,0.004217039
007-6302-400.jpg,4,Proliferative,4,Proliferative,True,0.96270365,0.012492165,0.004905971,0.015753625,0.0041444357,0.96270365
007-3351-200.jpg,2,Moderate,2,Moderate,True,0.8253171,0.15635154,0.017969165,0.8253171,9.484689e-06,0.0003526876
20170323081646616.jpg,0,No DR,0,No DR,True,0.77733374,0.77733374,0.083272725,0.13648029,0.0020909663,0.000822248
20170224093943642.jpg,0,No DR,0,No DR,True,0.8314258,0.8314258,0.008478237,0.15957916,4.1922312e-06,0.0005126468
20170331091709152.jpg,0,No DR,0,No DR,True,0.9601798,0.9601798,0.0015969438,0.037840184,0.000120952616,0.0002620849
20170417105537128.jpg,0,No DR,0,No DR,True,0.6457359,0.6457359,0.10608097,0.24516419,0.00256139,0.0004575707
007-5215-300.jpg,2,Moderate,2,Moderate,True,0.5954256,0.0025435903,0.0017367314,0.5954256,0.0014031254,0.3988909
20170412113135134.jpg,0,No DR,0,No DR,True,0.82492065,0.82492065,0.14174694,0.033255342,5.099822e-05,2.6098764e-05
20170602114824224.jpg,2,Moderate,2,Moderate,True,0.8655704,0.022414565,0.0072864285,0.8655704,0.09949539,0.0052332184
007-2434-100.jpg,1,Mild,0,No DR,False,0.56644106,0.56644106,0.34810102,0.08525708,4.4941156e-05,0.00015593412
20170213133348442.jpg,0,No DR,0,No DR,True,0.8842855,0.8842855,0.0029244258,0.112739995,3.3631935e-05,1.6409133e-05
20170628195849871.jpg,2,Moderate,2,Moderate,True,0.6998982,0.2528995,0.029384084,0.6998982,0.016979925,0.0008383473
20170330080003070.jpg,0,No DR,0,No DR,True,0.7823851,0.7823851,0.00018502116,0.21562873,0.0015514265,0.00024966628
007-2233-100.jpg,0,No DR,0,No DR,True,0.8022452,0.8022452,0.107800186,0.08972903,0.0001502581,7.524395e-05
007-0376-000.jpg,0,No DR,0,No DR,True,0.9619836,0.9619836,0.022997268,0.015017305,6.6884667e-07,1.0812055e-06
007-4571-200.jpg,2,Moderate,2,Moderate,True,0.97599083,0.0004502109,0.0025428063,0.97599083,0.001014459,0.02000159
20170429222925742.jpg,0,No DR,0,No DR,True,0.9739042,0.9739042,0.01468705,0.010646784,0.00072231365,3.9589162e-05
007-5099-300.jpg,2,Moderate,0,No DR,False,0.57239944,0.57239944,0.022549285,0.40499222,1.7617385e-05,4.1439984e-05
007-5016-300.jpg,2,Moderate,2,Moderate,True,0.9702874,0.0016472538,0.00020004468,0.9702874,0.00094944675,0.026915798
007-5041-300.jpg,2,Moderate,0,No DR,False,0.51851064,0.51851064,0.090954915,0.38116896,0.00016392386,0.009201528
007-6204-300.jpg,2,Moderate,2,Moderate,True,0.6357338,0.03749933,0.27329278,0.6357338,0.0377899,0.015684253
20170525153631578.jpg,2,Moderate,2,Moderate,True,0.96798164,0.026773045,0.0021821177,0.96798164,0.0018511711,0.0012120367
007-6676-400.jpg,4,Proliferative,2,Moderate,False,0.5264894,0.00014742005,6.3073116e-05,0.5264894,0.45861575,0.0146844145
007-4914-300.jpg,2,Moderate,2,Moderate,True,0.98208493,0.0103665935,0.003911405,0.98208493,0.001090993,0.002545996
20170220135657675.jpg,0,No DR,0,No DR,True,0.49806812,0.49806812,0.4839826,0.017846681,7.349339e-05,2.9073368e-05
20170327112847938.jpg,0,No DR,0,No DR,True,0.84031874,0.84031874,0.12052034,0.03880902,6.7224406e-05,0.0002845691
007-4522-200.jpg,2,Moderate,4,Proliferative,False,0.76639706,0.03394399,0.0053375517,0.19264087,0.0016805544,0.76639706
007-1982-100.jpg,0,No DR,0,No DR,True,0.65901005,0.65901005,0.119541645,0.20896578,0.0010137318,0.011468795
007-5647-300.jpg,2,Moderate,2,Moderate,True,0.7483898,0.16389386,0.0058578933,0.7483898,0.077666104,0.0041924007
007-6382-400.jpg,4,Proliferative,1,Mild,False,0.5678827,0.08722693,0.5678827,0.1138791,0.0006552776,0.23035596
007-3474-200.jpg,2,Moderate,1,Mild,False,0.4341871,0.27811563,0.4341871,0.28730598,8.5689186e-05,0.00030560986
007-8316-602.jpg,2,Moderate,3,Severe,False,0.5447244,0.0020690456,0.009525183,0.10888005,0.5447244,0.33480135
20170617204317559.jpg,2,Moderate,2,Moderate,True,0.8924108,0.02680686,0.002070045,0.8924108,0.07587387,0.0028383995
007-2335-100.jpg,2,Moderate,1,Mild,False,0.9877422,0.002906015,0.9877422,0.009118405,0.00020703321,2.6332242e-05
20170412093127006.jpg,0,No DR,0,No DR,True,0.9114041,0.9114041,0.0635358,0.025024826,3.8055468e-06,3.135863e-05
007-0384-000.jpg,0,No DR,0,No DR,True,0.9448761,0.9448761,0.006130308,0.048870802,1.7466517e-05,0.00010532754
20170324083758293.jpg,0,No DR,0,No DR,True,0.97313935,0.97313935,0.011433946,0.015390611,6.0914663e-06,2.9997605e-05
20170427084825460.jpg,0,No DR,0,No DR,True,0.889748,0.889748,0.0031504766,0.10704386,1.3073371e-06,5.63895e-05
007-6481-400.jpg,4,Proliferative,4,Proliferative,True,0.96513855,0.00015547819,4.1368507e-06,0.026068423,0.008633408,0.96513855
007-0956-000.jpg,0,No DR,0,No DR,True,0.86083347,0.86083347,0.004785725,0.13435319,2.5992015e-06,2.5020257e-05
007-6763-400.jpg,4,Proliferative,4,Proliferative,True,0.54011065,0.10955704,0.030893197,0.3189045,0.0005345871,0.54011065
007-0181-000.jpg,0,No DR,2,Moderate,False,0.4662197,0.3796701,0.15317062,0.4662197,0.00022559028,0.00071402657
20170112164115590.jpg,0,No DR,0,No DR,True,0.69633543,0.69633543,0.22949032,0.07408522,3.2194028e-05,5.6878453e-05
007-1225-000.jpg,0,No DR,0,No DR,True,0.7097518,0.7097518,0.25919005,0.031039463,9.337302e-06,9.381002e-06
20170426084806698.jpg,0,No DR,0,No DR,True,0.85293657,0.85293657,0.0007147818,0.12798879,0.00036452757,0.017995322
007-4256-200.jpg,2,Moderate,2,Moderate,True,0.47895765,0.22840433,0.29194373,0.47895765,0.00025776285,0.00043651176
20170607084253263.jpg,2,Moderate,2,Moderate,True,0.9908853,0.001092087,0.00010487784,0.9908853,0.00784832,6.9431575e-05
20170329094415243.jpg,0,No DR,0,No DR,True,0.64362276,0.64362276,0.2608989,0.09539072,9.673902e-06,7.786714e-05
007-1191-000.jpg,0,No DR,0,No DR,True,0.604583,0.604583,0.32669407,0.06804962,0.00048783113,0.00018546327
007-2199-100.jpg,0,No DR,0,No DR,True,0.9167723,0.9167723,0.000848881,0.08229932,2.7865794e-05,5.159279e-05
007-2935-100.jpg,2,Moderate,2,Moderate,True,0.97712237,0.02172616,0.0001099608,0.97712237,0.00040616645,0.0006354073
007-2393-100.jpg,2,Moderate,2,Moderate,True,0.8808717,0.040673796,0.060262263,0.8808717,0.016203107,0.0019890836
007-0313-000.jpg,2,Moderate,0,No DR,False,0.876009,0.876009,0.04111944,0.08214202,0.00033922173,0.00039021063
20170413085016334.jpg,0,No DR,0,No DR,True,0.88842213,0.88842213,0.01220685,0.099276364,5.0191557e-06,8.965845e-05
007-2780-100.jpg,2,Moderate,1,Mild,False,0.81358373,0.10930574,0.81358373,0.07624658,0.0005250622,0.00033881605
007-4771-200.jpg,2,Moderate,2,Moderate,True,0.77875173,0.007979818,0.0021823612,0.77875173,0.19936292,0.011723137
007-1118-000.jpg,0,No DR,0,No DR,True,0.8952077,0.8952077,0.08775269,0.016911762,6.315896e-05,6.4641055e-05
20170608194347632.jpg,2,Moderate,1,Mild,False,0.9848851,0.010501649,0.9848851,0.004556645,1.9250017e-06,5.470665e-05
20170427181448498.jpg,0,No DR,0,No DR,True,0.9546069,0.9546069,0.002801466,0.037524898,0.0036930013,0.0013737382
007-3321-200.jpg,2,Moderate,4,Proliferative,False,0.59029096,0.025329106,0.009552017,0.373847,0.000980941,0.59029096
007-2894-100.jpg,2,Moderate,1,Mild,False,0.9039718,0.037811827,0.9039718,0.05475173,0.001876785,0.0015878587
20170409212618661.jpg,0,No DR,0,No DR,True,0.8280496,0.8280496,0.0016807799,0.16852659,0.00020649804,0.0015364933
20170228090016712.jpg,0,No DR,0,No DR,True,0.6013134,0.6013134,0.001722207,0.3966114,0.0002968537,5.6129767e-05
20170429224542378.jpg,0,No DR,0,No DR,True,0.978856,0.978856,0.002366304,0.013664575,0.0034372676,0.0016759344
007-2926-100.jpg,0,No DR,0,No DR,True,0.6591881,0.6591881,0.023888804,0.3148129,0.0013817082,0.0007284987
20170408220102721.jpg,0,No DR,0,No DR,True,0.9345587,0.9345587,0.0026506498,0.061174966,0.00011094306,0.0015047797
20170205084158321.jpg,0,No DR,0,No DR,True,0.75705,0.75705,0.00024370143,0.24218334,4.2473757e-06,0.0005187167
20170329083705661.jpg,0,No DR,0,No DR,True,0.82692796,0.82692796,0.00012561519,0.1729389,2.1009319e-06,5.2979713e-06
20170626095324972.jpg,2,Moderate,3,Severe,False,0.79727614,0.0003803577,0.00011580137,0.103851214,0.79727614,0.09837655
007-6483-400.jpg,4,Proliferative,4,Proliferative,True,0.98429847,0.00074941874,0.0004260669,0.012802149,0.0017239666,0.98429847
007-0848-000.jpg,2,Moderate,0,No DR,False,0.59125847,0.59125847,0.10257707,0.30438098,0.0016138875,0.00016960246
007-4817-300.jpg,2,Moderate,3,Severe,False,0.79269284,0.001387408,0.00017813506,0.20368868,0.79269284,0.002052898
007-6957-400.jpg,4,Proliferative,4,Proliferative,True,0.9948407,0.0016415536,0.00010979437,0.0032783656,0.00012954185,0.9948407
20170321103949573.jpg,0,No DR,0,No DR,True,0.8185087,0.8185087,0.081836365,0.09958793,1.1416009e-05,5.564799e-05
007-5634-300.jpg,2,Moderate,2,Moderate,True,0.98330843,5.4568463e-05,5.710295e-05,0.98330843,0.015774144,0.0008057846
007-5840-300.jpg,2,Moderate,2,Moderate,True,0.96780145,8.417583e-05,0.0039804457,0.96780145,0.02801559,0.00011834398
20170618221202386.jpg,2,Moderate,2,Moderate,True,0.85613924,0.0755079,0.021460205,0.85613924,0.046606116,0.00028661144
20170221162521538.jpg,0,No DR,2,Moderate,False,0.75881124,0.21999165,0.009449135,0.75881124,0.00027199558,0.011476003
007-4717-200.jpg,2,Moderate,2,Moderate,True,0.762344,0.047100384,0.069887035,0.762344,0.013087572,0.107581034
007-0281-000.jpg,0,No DR,0,No DR,True,0.90861684,0.90861684,0.029288009,0.06052559,0.0013442382,0.00022532015
007-4000-200.jpg,2,Moderate,2,Moderate,True,0.7972434,0.1260135,0.0011641231,0.7972434,0.0014442856,0.07413465
